sha256,size_bytes,group_size,canonical_keep,duplicate_path
78bdbb1584e48e9463457de55512651057f1f1748c140c6532e20580377b4604,94,3,analysis_runs/decompile_v1.53/deep_extract_2026-02-25/EEPROM_TRec65.bin,analysis_runs/decompile_v1.53/deep_extract_2026-02-25/EEPROM_TRec90.bin
78bdbb1584e48e9463457de55512651057f1f1748c140c6532e20580377b4604,94,3,analysis_runs/decompile_v1.53/deep_extract_2026-02-25/EEPROM_TRec65.bin,analysis_runs/decompile_v1.53/deep_extract_2026-02-25/EEPROM_TRec96.bin
38afa5f5e3841f71f0bac681746038c77dc6089aacd7784fe9608710da73493c,85,3,analysis_runs/decompile_v1.53/deep_extract_2026-02-25/EEPROM_TRec67.bin,analysis_runs/decompile_v1.53/deep_extract_2026-02-25/EEPROM_TRec85.bin
38afa5f5e3841f71f0bac681746038c77dc6089aacd7784fe9608710da73493c,85,3,analysis_runs/decompile_v1.53/deep_extract_2026-02-25/EEPROM_TRec67.bin,analysis_runs/decompile_v1.53/deep_extract_2026-02-25/EEPROM_TRec91.bin
d666c8d11aeb536695de7044f80fda49fc7183c938ce6644e090599d20b73a12,83,3,analysis_runs/decompile_v1.53/deep_extract_2026-02-25/EEPROM_TRec68.bin,analysis_runs/decompile_v1.53/deep_extract_2026-02-25/EEPROM_TRec86.bin
d666c8d11aeb536695de7044f80fda49fc7183c938ce6644e090599d20b73a12,83,3,analysis_runs/decompile_v1.53/deep_extract_2026-02-25/EEPROM_TRec68.bin,analysis_runs/decompile_v1.53/deep_extract_2026-02-25/EEPROM_TRec92.bin
b9120c14ff475c13ba09f9df62fb9aeba7e34ddd65f2dac8fb8737d8c1c2f998,85,3,analysis_runs/decompile_v1.53/deep_extract_2026-02-25/EEPROM_TRec69.bin,analysis_runs/decompile_v1.53/deep_extract_2026-02-25/EEPROM_TRec87.bin
b9120c14ff475c13ba09f9df62fb9aeba7e34ddd65f2dac8fb8737d8c1c2f998,85,3,analysis_runs/decompile_v1.53/deep_extract_2026-02-25/EEPROM_TRec69.bin,analysis_runs/decompile_v1.53/deep_extract_2026-02-25/EEPROM_TRec93.bin
f58da2c53549251e7f4f3e62e16cbd30ad6472d808c31ff0b14c1721a1961e24,88,3,analysis_runs/decompile_v1.53/deep_extract_2026-02-25/EEPROM_TRec70.bin,analysis_runs/decompile_v1.53/deep_extract_2026-02-25/EEPROM_TRec88.bin
f58da2c53549251e7f4f3e62e16cbd30ad6472d808c31ff0b14c1721a1961e24,88,3,analysis_runs/decompile_v1.53/deep_extract_2026-02-25/EEPROM_TRec70.bin,analysis_runs/decompile_v1.53/deep_extract_2026-02-25/EEPROM_TRec94.bin
f4d01f79022ce0975ec4e129e657f33121d88bf32e7531f7f9d42191034beb47,96,2,analysis_runs/decompile_v1.53/deep_extract_2026-02-25/EEPROM_TRec89.bin,analysis_runs/decompile_v1.53/deep_extract_2026-02-25/EEPROM_TRec95.bin
c4a2b78347bedd034f52626465b54080c67ac983001aa8a34e9e8f2b977cd754,77,2,analysis_runs/decompile_v1.53/lv_extract/lv3_1/vi_xml/LEAK_I_TRec10.bin,analysis_runs/decompile_v1.53/deep_extract_2026-02-25/LEAK_I_TRec10.bin
c24ffd56a7a94b81d4375a58b190523c5c0af2f100d415d2c3d23cf562aff476,221,2,analysis_runs/decompile_v1.53/lv_extract/lv3_1/vi_xml/LEAK_I_TRec11.bin,analysis_runs/decompile_v1.53/deep_extract_2026-02-25/LEAK_I_TRec11.bin
3be5ac26c8e829c70b66a0232d069a0df9fd1eec3d0657c9b38bb234a494f4f9,85,2,analysis_runs/decompile_v1.53/lv_extract/lv3_1/vi_xml/LEAK_I_TRec12.bin,analysis_runs/decompile_v1.53/deep_extract_2026-02-25/LEAK_I_TRec12.bin
65c6510d14365c64987e8dc9cc02d8aca76c32bb04c717cafce6eccd110a5cc6,96,2,analysis_runs/decompile_v1.53/lv_extract/lv3_1/vi_xml/LEAK_I_TRec13.bin,analysis_runs/decompile_v1.53/deep_extract_2026-02-25/LEAK_I_TRec13.bin
dd06c665df7021f2a16cebc0a4329dd7632e4d5a4f95f9528984cf93eaf26702,87,2,analysis_runs/decompile_v1.53/lv_extract/lv3_1/vi_xml/LEAK_I_TRec14.bin,analysis_runs/decompile_v1.53/deep_extract_2026-02-25/LEAK_I_TRec14.bin
d4c9adc9f4bf3675c482e7f61ebaf998644f581ec50e639d0732fc758ba16c5b,88,2,analysis_runs/decompile_v1.53/lv_extract/lv3_1/vi_xml/LEAK_I_TRec15.bin,analysis_runs/decompile_v1.53/deep_extract_2026-02-25/LEAK_I_TRec15.bin
a02dbb3bb1c4fa276ea2e224ca0b955ddeb373032bbfa09135b03faa5f1d6187,72,2,analysis_runs/decompile_v1.53/lv_extract/lv3_1/vi_xml/LEAK_I_TRec16.bin,analysis_runs/decompile_v1.53/deep_extract_2026-02-25/LEAK_I_TRec16.bin
1abd3ef90da70fa3beb4cb7701177373f706ccb39b632a450d19519b6876eeb8,76,2,analysis_runs/decompile_v1.53/lv_extract/lv3_1/vi_xml/LEAK_I_TRec17.bin,analysis_runs/decompile_v1.53/deep_extract_2026-02-25/LEAK_I_TRec17.bin
f27cde2538bf51503ebeb7f8bbf4fdc1087da59ffa54ceef97e18eb043429f68,72,2,analysis_runs/decompile_v1.53/lv_extract/lv3_1/vi_xml/LEAK_I_TRec18.bin,analysis_runs/decompile_v1.53/deep_extract_2026-02-25/LEAK_I_TRec18.bin
1d3723c1b343e55c89ea3479787548bb34b1a36d3289e645f0259957a42d4f77,77,2,analysis_runs/decompile_v1.53/lv_extract/lv3_1/vi_xml/LEAK_I_TRec19.bin,analysis_runs/decompile_v1.53/deep_extract_2026-02-25/LEAK_I_TRec19.bin
b3663b6941ee47213418a68887809907a3d46d01c2ff21537d57c1396a939171,90,2,analysis_runs/decompile_v1.53/lv_extract/lv3_1/vi_xml/LEAK_I_TRec2.bin,analysis_runs/decompile_v1.53/deep_extract_2026-02-25/LEAK_I_TRec2.bin
5f85317ec2786a6bc24f5a93f2e1fac3f733814df00cd159fb4b92da5cd7a630,90,2,analysis_runs/decompile_v1.53/lv_extract/lv3_1/vi_xml/LEAK_I_TRec20.bin,analysis_runs/decompile_v1.53/deep_extract_2026-02-25/LEAK_I_TRec20.bin
e8aa3f272878f08eab23bc0a80b3096568cbda05078d3d6ff0ee27225663bcf1,85,2,analysis_runs/decompile_v1.53/lv_extract/lv3_1/vi_xml/LEAK_I_TRec21.bin,analysis_runs/decompile_v1.53/deep_extract_2026-02-25/LEAK_I_TRec21.bin
2ae30d2ac1d4ebe78b6bcc33139fa64c0f5f60353c85eff5f43671cdda3c1284,96,2,analysis_runs/decompile_v1.53/lv_extract/lv3_1/vi_xml/LEAK_I_TRec22.bin,analysis_runs/decompile_v1.53/deep_extract_2026-02-25/LEAK_I_TRec22.bin
1bd4f24621419ef4ab7d75cf907621e80f98aa838c6e919bc7fa5b00a6491d41,80,2,analysis_runs/decompile_v1.53/lv_extract/lv3_1/vi_xml/LEAK_I_TRec23.bin,analysis_runs/decompile_v1.53/deep_extract_2026-02-25/LEAK_I_TRec23.bin
389cec54de886a0b96a2e378d5ce3e24be16da8647077fc234aaa295e09bf917,81,2,analysis_runs/decompile_v1.53/lv_extract/lv3_1/vi_xml/LEAK_I_TRec24.bin,analysis_runs/decompile_v1.53/deep_extract_2026-02-25/LEAK_I_TRec24.bin
38c1e3a5ad1ac3ba82ff207f1125a9a366944a39542489a58f007cefabcfea58,86,2,analysis_runs/decompile_v1.53/lv_extract/lv3_1/vi_xml/LEAK_I_TRec25.bin,analysis_runs/decompile_v1.53/deep_extract_2026-02-25/LEAK_I_TRec25.bin
ca3c0f9b2472c4b8759fc9481233b11d8c01e4000a919e7d125b843a9546bbdf,72,2,analysis_runs/decompile_v1.53/lv_extract/lv3_1/vi_xml/LEAK_I_TRec26.bin,analysis_runs/decompile_v1.53/deep_extract_2026-02-25/LEAK_I_TRec26.bin
5e65daf21dadca5526279991e0a26609cc1ef761c1fbe2e5a4f7d1e0fd578942,85,2,analysis_runs/decompile_v1.53/lv_extract/lv3_1/vi_xml/LEAK_I_TRec27.bin,analysis_runs/decompile_v1.53/deep_extract_2026-02-25/LEAK_I_TRec27.bin
5776634c991c3105df0a78d39319ed45828c5cf3111c82bed7e7e63a62181b2b,77,2,analysis_runs/decompile_v1.53/lv_extract/lv3_1/vi_xml/LEAK_I_TRec28.bin,analysis_runs/decompile_v1.53/deep_extract_2026-02-25/LEAK_I_TRec28.bin
b9e3f406424118625a03bdbca21be339a66a0af524e44c090493731ef8750938,77,2,analysis_runs/decompile_v1.53/lv_extract/lv3_1/vi_xml/LEAK_I_TRec29.bin,analysis_runs/decompile_v1.53/deep_extract_2026-02-25/LEAK_I_TRec29.bin
fde54e1718d17c4b2c4421e0f115bacfb2615b11532e028b36809ef5e88aa648,77,2,analysis_runs/decompile_v1.53/lv_extract/lv3_1/vi_xml/LEAK_I_TRec3.bin,analysis_runs/decompile_v1.53/deep_extract_2026-02-25/LEAK_I_TRec3.bin
69c4719d36304bbbcaf572b0459bc6e9ed067de0c4132c0c5f0cff1928cf4c92,77,2,analysis_runs/decompile_v1.53/lv_extract/lv3_1/vi_xml/LEAK_I_TRec30.bin,analysis_runs/decompile_v1.53/deep_extract_2026-02-25/LEAK_I_TRec30.bin
c9e5e8292db43892fb4df8bafdd6d6697269677f6f7aefb49365a14dcc3e7f71,77,2,analysis_runs/decompile_v1.53/lv_extract/lv3_1/vi_xml/LEAK_I_TRec31.bin,analysis_runs/decompile_v1.53/deep_extract_2026-02-25/LEAK_I_TRec31.bin
4951c584d13a3ce441a25bc239497c3beb658898e74cd8c878cbe0a4734405f4,72,2,analysis_runs/decompile_v1.53/lv_extract/lv3_1/vi_xml/LEAK_I_TRec32.bin,analysis_runs/decompile_v1.53/deep_extract_2026-02-25/LEAK_I_TRec32.bin
e05e890f98c484fec2fe855b02c4a91b24e3552531f541641e5f05d1860d1312,88,2,analysis_runs/decompile_v1.53/lv_extract/lv3_1/vi_xml/LEAK_I_TRec33.bin,analysis_runs/decompile_v1.53/deep_extract_2026-02-25/LEAK_I_TRec33.bin
752c8eda3aabaf2d7298371426577667d539e73dc8cb46864b6825342047d98f,96,2,analysis_runs/decompile_v1.53/lv_extract/lv3_1/vi_xml/LEAK_I_TRec34.bin,analysis_runs/decompile_v1.53/deep_extract_2026-02-25/LEAK_I_TRec34.bin
58cac26554b98ab9281c3fe653fea1129a3286d85eea2e5f6e7ca65c41bd3b3a,89,2,analysis_runs/decompile_v1.53/lv_extract/lv3_1/vi_xml/LEAK_I_TRec35.bin,analysis_runs/decompile_v1.53/deep_extract_2026-02-25/LEAK_I_TRec35.bin
8ea5dbdc9eed232d604f66ab962b046185a57c8a7462d03df5e4700b9e7fcff6,83,2,analysis_runs/decompile_v1.53/lv_extract/lv3_1/vi_xml/LEAK_I_TRec36.bin,analysis_runs/decompile_v1.53/deep_extract_2026-02-25/LEAK_I_TRec36.bin
f8f4f6b8efcb90e12b12570c21a3e417bccaaa214b41c3adcdb68b5c888a630b,88,2,analysis_runs/decompile_v1.53/lv_extract/lv3_1/vi_xml/LEAK_I_TRec37.bin,analysis_runs/decompile_v1.53/deep_extract_2026-02-25/LEAK_I_TRec37.bin
7a52b28a1d6c487a6b7b407b2f1e176ae14e2fdc969df4a2fa542913ea821d38,87,2,analysis_runs/decompile_v1.53/lv_extract/lv3_1/vi_xml/LEAK_I_TRec38.bin,analysis_runs/decompile_v1.53/deep_extract_2026-02-25/LEAK_I_TRec38.bin
aff4213260ce845b0dac0a7e4115fbf824a6861598f26b3152d480fe600dfbe9,87,2,analysis_runs/decompile_v1.53/lv_extract/lv3_1/vi_xml/LEAK_I_TRec39.bin,analysis_runs/decompile_v1.53/deep_extract_2026-02-25/LEAK_I_TRec39.bin
cd2587bace581d5b6d18e5d4463e3187e2a911c8aabfce003cbf0a8463d75565,78,2,analysis_runs/decompile_v1.53/lv_extract/lv3_1/vi_xml/LEAK_I_TRec4.bin,analysis_runs/decompile_v1.53/deep_extract_2026-02-25/LEAK_I_TRec4.bin
35b7a9b129b56d3b7f5d928eeafcea5a68c2e53e74b28b5c34e53b8c3ff504db,94,2,analysis_runs/decompile_v1.53/lv_extract/lv3_1/vi_xml/LEAK_I_TRec40.bin,analysis_runs/decompile_v1.53/deep_extract_2026-02-25/LEAK_I_TRec40.bin
94aa31e30ef2d3a041c92bed8fdde57d7222b3048e733df589aef961bb3ef273,79,2,analysis_runs/decompile_v1.53/lv_extract/lv3_1/vi_xml/LEAK_I_TRec41.bin,analysis_runs/decompile_v1.53/deep_extract_2026-02-25/LEAK_I_TRec41.bin
423511ea7f7c852ab27698a0c5214d388a791403dd833b36de53104daadb45ed,79,2,analysis_runs/decompile_v1.53/lv_extract/lv3_1/vi_xml/LEAK_I_TRec42.bin,analysis_runs/decompile_v1.53/deep_extract_2026-02-25/LEAK_I_TRec42.bin
6f77d83b9f265bbb40c8d4a6689be887fc4e580cb85bc70a8603dd88e7b832b8,79,2,analysis_runs/decompile_v1.53/lv_extract/lv3_1/vi_xml/LEAK_I_TRec43.bin,analysis_runs/decompile_v1.53/deep_extract_2026-02-25/LEAK_I_TRec43.bin
c369d851a8437377fe0397bc1f1f14f5b792d2795727252a5d693aaf3aa90741,79,2,analysis_runs/decompile_v1.53/lv_extract/lv3_1/vi_xml/LEAK_I_TRec44.bin,analysis_runs/decompile_v1.53/deep_extract_2026-02-25/LEAK_I_TRec44.bin
b5ceeb2a7ab240fff78404b5466f249194f3d99d0ed7fd628c8f7747740dbef9,81,2,analysis_runs/decompile_v1.53/lv_extract/lv3_1/vi_xml/LEAK_I_TRec45.bin,analysis_runs/decompile_v1.53/deep_extract_2026-02-25/LEAK_I_TRec45.bin
3c85411c1eff914b328542a9dc0601603a2a5c822987b5875192b8cef6066d44,79,2,analysis_runs/decompile_v1.53/lv_extract/lv3_1/vi_xml/LEAK_I_TRec46.bin,analysis_runs/decompile_v1.53/deep_extract_2026-02-25/LEAK_I_TRec46.bin
a2e8c5c53ee50a5f176df5d7f10a6ef27eaca4b570cb7cbd3af17f98abcb736a,77,2,analysis_runs/decompile_v1.53/lv_extract/lv3_1/vi_xml/LEAK_I_TRec47.bin,analysis_runs/decompile_v1.53/deep_extract_2026-02-25/LEAK_I_TRec47.bin
309702d40b320321f8882a2b740b393319eac4abc16d169ae27242968b1ad4e8,79,2,analysis_runs/decompile_v1.53/lv_extract/lv3_1/vi_xml/LEAK_I_TRec48.bin,analysis_runs/decompile_v1.53/deep_extract_2026-02-25/LEAK_I_TRec48.bin
55413cec8f21c3fad84d0a1b37b285ca696b3e244b628732a1a340f6b4d54d1e,77,2,analysis_runs/decompile_v1.53/lv_extract/lv3_1/vi_xml/LEAK_I_TRec49.bin,analysis_runs/decompile_v1.53/deep_extract_2026-02-25/LEAK_I_TRec49.bin
df0af596feacafb8731256fd340388832e03d57943a1c99987e56eafc4fe305a,83,2,analysis_runs/decompile_v1.53/lv_extract/lv3_1/vi_xml/LEAK_I_TRec5.bin,analysis_runs/decompile_v1.53/deep_extract_2026-02-25/LEAK_I_TRec5.bin
de631e9c0416afa5f10cb012fa5131084afd22167d7ce3825df193c6827817b3,77,2,analysis_runs/decompile_v1.53/lv_extract/lv3_1/vi_xml/LEAK_I_TRec50.bin,analysis_runs/decompile_v1.53/deep_extract_2026-02-25/LEAK_I_TRec50.bin
dcc78dfbe763e76f94101681a17c6a32dc152f2a10e6f2d2ac7afbcbf611ec92,85,2,analysis_runs/decompile_v1.53/lv_extract/lv3_1/vi_xml/LEAK_I_TRec51.bin,analysis_runs/decompile_v1.53/deep_extract_2026-02-25/LEAK_I_TRec51.bin
b70cca9889a3988f7faaae2dafac0ba12ebc32293caf5497915489a96cff5af9,77,2,analysis_runs/decompile_v1.53/lv_extract/lv3_1/vi_xml/LEAK_I_TRec52.bin,analysis_runs/decompile_v1.53/deep_extract_2026-02-25/LEAK_I_TRec52.bin
160cce5cd35a65b33fda479db5fa68284e43505fa09edb2b0e637d3d4fb2a856,72,2,analysis_runs/decompile_v1.53/lv_extract/lv3_1/vi_xml/LEAK_I_TRec53.bin,analysis_runs/decompile_v1.53/deep_extract_2026-02-25/LEAK_I_TRec53.bin
774ca2f1d730f6fde5eefaf5ea34590fbbd7b452db053da81005af5172658096,85,2,analysis_runs/decompile_v1.53/lv_extract/lv3_1/vi_xml/LEAK_I_TRec54.bin,analysis_runs/decompile_v1.53/deep_extract_2026-02-25/LEAK_I_TRec54.bin
974ad38cac5f91f02d2146dca6c4f7d998dbae44a334cc2b3d690f550977e721,85,2,analysis_runs/decompile_v1.53/lv_extract/lv3_1/vi_xml/LEAK_I_TRec55.bin,analysis_runs/decompile_v1.53/deep_extract_2026-02-25/LEAK_I_TRec55.bin
692b82ff6ff706bb57e9d3a762af761ab73efd5436f8279c075a5a900a48aa73,72,2,analysis_runs/decompile_v1.53/lv_extract/lv3_1/vi_xml/LEAK_I_TRec56.bin,analysis_runs/decompile_v1.53/deep_extract_2026-02-25/LEAK_I_TRec56.bin
2c017ef25e637888e3d973d4574ef05445a26e7bbb11be38dbbeb748ce32136a,82,2,analysis_runs/decompile_v1.53/lv_extract/lv3_1/vi_xml/LEAK_I_TRec57.bin,analysis_runs/decompile_v1.53/deep_extract_2026-02-25/LEAK_I_TRec57.bin
5fcf0bb273dda3e58f27bcd7b70a26b925c4b039a9fb325f5c5361504a5956ce,87,2,analysis_runs/decompile_v1.53/lv_extract/lv3_1/vi_xml/LEAK_I_TRec58.bin,analysis_runs/decompile_v1.53/deep_extract_2026-02-25/LEAK_I_TRec58.bin
3ec13238e83c2020def6bbb52978dfe0284eef018b0b0c90e73be9a367787383,79,2,analysis_runs/decompile_v1.53/lv_extract/lv3_1/vi_xml/LEAK_I_TRec59.bin,analysis_runs/decompile_v1.53/deep_extract_2026-02-25/LEAK_I_TRec59.bin
b43f7e3b0dd3ce9c4c0a13031cf2d12f1e1863ef4db35c11f9c74b0bd3f9cc08,83,2,analysis_runs/decompile_v1.53/lv_extract/lv3_1/vi_xml/LEAK_I_TRec6.bin,analysis_runs/decompile_v1.53/deep_extract_2026-02-25/LEAK_I_TRec6.bin
4bcadad82b909f8cb7dca26d5b269fc349014a22981ae7d2362334e950f1f4da,87,2,analysis_runs/decompile_v1.53/lv_extract/lv3_1/vi_xml/LEAK_I_TRec60.bin,analysis_runs/decompile_v1.53/deep_extract_2026-02-25/LEAK_I_TRec60.bin
33b56b7e3a0784ee07ae30f12ae79256b26f64af949cb33f0ae512e9cc1b8be2,87,2,analysis_runs/decompile_v1.53/lv_extract/lv3_1/vi_xml/LEAK_I_TRec61.bin,analysis_runs/decompile_v1.53/deep_extract_2026-02-25/LEAK_I_TRec61.bin
7dbd4f582a6a87c46116e59b0778d459bfadc7ee84e9228fabbc7e25a35e5371,81,2,analysis_runs/decompile_v1.53/lv_extract/lv3_1/vi_xml/LEAK_I_TRec62.bin,analysis_runs/decompile_v1.53/deep_extract_2026-02-25/LEAK_I_TRec62.bin
12443eeba2077b109abeb17e785db628395ba558097cf69e465059b3a0acd583,85,2,analysis_runs/decompile_v1.53/lv_extract/lv3_1/vi_xml/LEAK_I_TRec63.bin,analysis_runs/decompile_v1.53/deep_extract_2026-02-25/LEAK_I_TRec63.bin
ae03fbbb20d5cdf4a7dd38cd0afc8bea1bc0cbb7cd7284b125a8a98b89a745a9,79,2,analysis_runs/decompile_v1.53/lv_extract/lv3_1/vi_xml/LEAK_I_TRec64.bin,analysis_runs/decompile_v1.53/deep_extract_2026-02-25/LEAK_I_TRec64.bin
1f6e94ec689dd0a0096862022145f5a7c2317ad1cb08c5aa863fe2175f9a35c6,82,2,analysis_runs/decompile_v1.53/lv_extract/lv3_1/vi_xml/LEAK_I_TRec65.bin,analysis_runs/decompile_v1.53/deep_extract_2026-02-25/LEAK_I_TRec65.bin
6e9b9255c3fc8bf18cd96992b11b97a4091fe3c27ba7637225c10041a21a0bfd,87,2,analysis_runs/decompile_v1.53/lv_extract/lv3_1/vi_xml/LEAK_I_TRec66.bin,analysis_runs/decompile_v1.53/deep_extract_2026-02-25/LEAK_I_TRec66.bin
a28e499b3a9d543a0f52884270d9ca7a894319bf1990faa894cc27b3282caa58,87,2,analysis_runs/decompile_v1.53/lv_extract/lv3_1/vi_xml/LEAK_I_TRec67.bin,analysis_runs/decompile_v1.53/deep_extract_2026-02-25/LEAK_I_TRec67.bin
86dece1119e194d8015fdb70b233b84d1d4935e81bb75da19ac1854a1d4c1673,87,2,analysis_runs/decompile_v1.53/lv_extract/lv3_1/vi_xml/LEAK_I_TRec68.bin,analysis_runs/decompile_v1.53/deep_extract_2026-02-25/LEAK_I_TRec68.bin
a788576b410fc6998e27af4f1d7dd045efefd6fdf427f679431a65d3fd5b57a5,87,2,analysis_runs/decompile_v1.53/lv_extract/lv3_1/vi_xml/LEAK_I_TRec69.bin,analysis_runs/decompile_v1.53/deep_extract_2026-02-25/LEAK_I_TRec69.bin
d81458635be15e5f4e876f7a9a975d10a0a1dbe2dff1ca5e6dfcd3915c068a7a,76,2,analysis_runs/decompile_v1.53/lv_extract/lv3_1/vi_xml/LEAK_I_TRec7.bin,analysis_runs/decompile_v1.53/deep_extract_2026-02-25/LEAK_I_TRec7.bin
bc7b04a89770b6feba01480244c8f67bcf1d4800cf82290af598af6013863659,87,2,analysis_runs/decompile_v1.53/lv_extract/lv3_1/vi_xml/LEAK_I_TRec70.bin,analysis_runs/decompile_v1.53/deep_extract_2026-02-25/LEAK_I_TRec70.bin
c71afc983b741157ce0718791d4b63feca05c5d33f7350eeddc9b922bb53bd34,87,2,analysis_runs/decompile_v1.53/lv_extract/lv3_1/vi_xml/LEAK_I_TRec71.bin,analysis_runs/decompile_v1.53/deep_extract_2026-02-25/LEAK_I_TRec71.bin
6608f15898745d665acd83bcdaab529532fb353e0f00643428848e7f54884494,87,2,analysis_runs/decompile_v1.53/lv_extract/lv3_1/vi_xml/LEAK_I_TRec72.bin,analysis_runs/decompile_v1.53/deep_extract_2026-02-25/LEAK_I_TRec72.bin
936955a61ff3d18070928b1c1209d7cf5a9ef7ff6b0d00a13c049df1069601d4,96,2,analysis_runs/decompile_v1.53/lv_extract/lv3_1/vi_xml/LEAK_I_TRec73.bin,analysis_runs/decompile_v1.53/deep_extract_2026-02-25/LEAK_I_TRec73.bin
e334dfa2bbbeda033432c9d57a5a997a6391cec3dbd397d309f199aaea62d1a3,86,2,analysis_runs/decompile_v1.53/lv_extract/lv3_1/vi_xml/LEAK_I_TRec74.bin,analysis_runs/decompile_v1.53/deep_extract_2026-02-25/LEAK_I_TRec74.bin
8b21c55d85c550a0e392c4a671e34140867b6d213ffe0548bf1024d1e481c51a,85,2,analysis_runs/decompile_v1.53/lv_extract/lv3_1/vi_xml/LEAK_I_TRec75.bin,analysis_runs/decompile_v1.53/deep_extract_2026-02-25/LEAK_I_TRec75.bin
b5a6b74dd12b3026f16d80e96ff31cbbd8d66860b8806004010cb3cbe4cd56b0,85,2,analysis_runs/decompile_v1.53/lv_extract/lv3_1/vi_xml/LEAK_I_TRec76.bin,analysis_runs/decompile_v1.53/deep_extract_2026-02-25/LEAK_I_TRec76.bin
1092f130bc77ccf87a7a47846848f1ee1a54f0f0495a5ec693ccfe347c846b60,87,2,analysis_runs/decompile_v1.53/lv_extract/lv3_1/vi_xml/LEAK_I_TRec77.bin,analysis_runs/decompile_v1.53/deep_extract_2026-02-25/LEAK_I_TRec77.bin
9003a152f3078ae662452277f6bd8f45fa5b03245edb503fef646bea63c26acb,87,2,analysis_runs/decompile_v1.53/lv_extract/lv3_1/vi_xml/LEAK_I_TRec78.bin,analysis_runs/decompile_v1.53/deep_extract_2026-02-25/LEAK_I_TRec78.bin
6aedeb45c340d4fb6e4af954b2bc112ad274b463caa88f06664c29246c07084c,83,2,analysis_runs/decompile_v1.53/lv_extract/lv3_1/vi_xml/LEAK_I_TRec79.bin,analysis_runs/decompile_v1.53/deep_extract_2026-02-25/LEAK_I_TRec79.bin
1fd801e9c794bbc3dae8c095ea9298e62fd9604ab2cd7345760f3db33f43e0a1,90,2,analysis_runs/decompile_v1.53/lv_extract/lv3_1/vi_xml/LEAK_I_TRec8.bin,analysis_runs/decompile_v1.53/deep_extract_2026-02-25/LEAK_I_TRec8.bin
1018439c5a8d4f7d2437dc2554bdbe52f220ba7c2c697c21b484db2328bd4193,85,2,analysis_runs/decompile_v1.53/lv_extract/lv3_1/vi_xml/LEAK_I_TRec80.bin,analysis_runs/decompile_v1.53/deep_extract_2026-02-25/LEAK_I_TRec80.bin
87a0bd1786ebe668ee7ea140a555d5ab5a367fd2b6500d6e5cad84d52710a700,85,2,analysis_runs/decompile_v1.53/lv_extract/lv3_1/vi_xml/LEAK_I_TRec81.bin,analysis_runs/decompile_v1.53/deep_extract_2026-02-25/LEAK_I_TRec81.bin
eb13f8ec77f5c0b1173c1187e8b0634137951ec93c655f7e656f787de48a0c31,85,2,analysis_runs/decompile_v1.53/lv_extract/lv3_1/vi_xml/LEAK_I_TRec82.bin,analysis_runs/decompile_v1.53/deep_extract_2026-02-25/LEAK_I_TRec82.bin
5a96bcd5834fd0ccf2e3c421b8985243430db23d0117ab4e2d539c94cc51c478,85,2,analysis_runs/decompile_v1.53/lv_extract/lv3_1/vi_xml/LEAK_I_TRec83.bin,analysis_runs/decompile_v1.53/deep_extract_2026-02-25/LEAK_I_TRec83.bin
2c9f552252e63159d6dcbeed61c7a8d2bf6020fb7ae30858cae9c2fb991b4aae,85,2,analysis_runs/decompile_v1.53/lv_extract/lv3_1/vi_xml/LEAK_I_TRec84.bin,analysis_runs/decompile_v1.53/deep_extract_2026-02-25/LEAK_I_TRec84.bin
116b70833072f9542277c86f38f4649e5747297e02e0505aa234f838cff4eac1,79,2,analysis_runs/decompile_v1.53/lv_extract/lv3_1/vi_xml/LEAK_I_TRec85.bin,analysis_runs/decompile_v1.53/deep_extract_2026-02-25/LEAK_I_TRec85.bin
79c54b7314ed2daa7f025696c092d720b3d2e3f7afab3b48e2faca1080d7437f,91,2,analysis_runs/decompile_v1.53/lv_extract/lv3_1/vi_xml/LEAK_I_TRec86.bin,analysis_runs/decompile_v1.53/deep_extract_2026-02-25/LEAK_I_TRec86.bin
3574f246d1ff7ca98e1d38ba33019c897bf7907dc148dda60fb251ed870a0aec,84,2,analysis_runs/decompile_v1.53/lv_extract/lv3_1/vi_xml/LEAK_I_TRec9.bin,analysis_runs/decompile_v1.53/deep_extract_2026-02-25/LEAK_I_TRec9.bin
a0ffb28a2aeed082e08e4f171332bc62af3bc1a762a2581083292a81e136a785,79,2,analysis_runs/decompile_v1.53/lv_extract/lv3_1/vi_xml/GAIN_CAL_TRec10.bin,analysis_runs/decompile_v1.53/lv_extract/lv3_1/vi_xml/GAIN_CAL_maptest_TRec10.bin
b68dcd1b22e79cca06a6b51dcccee92d2ecd33c5743f3c62608d61771ca8d86e,81,2,analysis_runs/decompile_v1.53/lv_extract/lv3_1/vi_xml/GAIN_CAL_TRec11.bin,analysis_runs/decompile_v1.53/lv_extract/lv3_1/vi_xml/GAIN_CAL_maptest_TRec11.bin
2ef69ba08a9a7b99b60c4be3d26f292b1bde85ed17fc6f94a518f6ceb36d8624,109,2,analysis_runs/decompile_v1.53/lv_extract/lv3_1/vi_xml/GAIN_CAL_TRec12.bin,analysis_runs/decompile_v1.53/lv_extract/lv3_1/vi_xml/GAIN_CAL_maptest_TRec12.bin
189cfb5e21a6499c3889246e9863e65946521d37606e85ee6992ab8a87560455,83,2,analysis_runs/decompile_v1.53/lv_extract/lv3_1/vi_xml/GAIN_CAL_TRec13.bin,analysis_runs/decompile_v1.53/lv_extract/lv3_1/vi_xml/GAIN_CAL_maptest_TRec13.bin
dcb31a7cb2aee2032f3350a5e9c5c3015f07061ad5b40a998074617cef3c64cb,72,2,analysis_runs/decompile_v1.53/lv_extract/lv3_1/vi_xml/GAIN_CAL_TRec14.bin,analysis_runs/decompile_v1.53/lv_extract/lv3_1/vi_xml/GAIN_CAL_maptest_TRec14.bin
1a2188135df2be4a6be3d7a05d36527386cd774efd069d27896081d3c3c44668,77,2,analysis_runs/decompile_v1.53/lv_extract/lv3_1/vi_xml/GAIN_CAL_TRec15.bin,analysis_runs/decompile_v1.53/lv_extract/lv3_1/vi_xml/GAIN_CAL_maptest_TRec15.bin
5b4789c029f0d249003146236e631c0d0127f1cc83028605db405cdab58cf431,72,2,analysis_runs/decompile_v1.53/lv_extract/lv3_1/vi_xml/GAIN_CAL_TRec16.bin,analysis_runs/decompile_v1.53/lv_extract/lv3_1/vi_xml/GAIN_CAL_maptest_TRec16.bin
ff25bd69d2974c96049d19bd4ac5fd127ecc684c07f885b9d05e9eeb2809d3c4,77,2,analysis_runs/decompile_v1.53/lv_extract/lv3_1/vi_xml/GAIN_CAL_TRec17.bin,analysis_runs/decompile_v1.53/lv_extract/lv3_1/vi_xml/GAIN_CAL_maptest_TRec17.bin
96d9d96d610b80909c5c98659bdc2da7ef3e534cc5e944835a7133c887bdf0fe,86,2,analysis_runs/decompile_v1.53/lv_extract/lv3_1/vi_xml/GAIN_CAL_TRec18.bin,analysis_runs/decompile_v1.53/lv_extract/lv3_1/vi_xml/GAIN_CAL_maptest_TRec18.bin
dfa68a1796496c056b6cd9bf10cbea1e3cc3f532c0dc286fd79dcca6e613ca65,108,2,analysis_runs/decompile_v1.53/lv_extract/lv3_1/vi_xml/GAIN_CAL_TRec19.bin,analysis_runs/decompile_v1.53/lv_extract/lv3_1/vi_xml/GAIN_CAL_maptest_TRec19.bin
464e1b90a3ace99a05e961c4a1a34634dd8085d2965722df6e5fbc24a695fdcb,87,2,analysis_runs/decompile_v1.53/lv_extract/lv3_1/vi_xml/GAIN_CAL_TRec2.bin,analysis_runs/decompile_v1.53/lv_extract/lv3_1/vi_xml/GAIN_CAL_maptest_TRec2.bin
e77fec3f8f08d2d46fcbf96d129b1eee48c33e59fe6b7dd6e4d98248a9b72714,81,2,analysis_runs/decompile_v1.53/lv_extract/lv3_1/vi_xml/GAIN_CAL_TRec20.bin,analysis_runs/decompile_v1.53/lv_extract/lv3_1/vi_xml/GAIN_CAL_maptest_TRec20.bin
8caf10fe7cd98d1460d1f99ed711879024cc11d593f32ef655aacc9e932c0cc6,72,2,analysis_runs/decompile_v1.53/lv_extract/lv3_1/vi_xml/GAIN_CAL_TRec21.bin,analysis_runs/decompile_v1.53/lv_extract/lv3_1/vi_xml/GAIN_CAL_maptest_TRec21.bin
47c25fd61af4276475cceafa7b23078df9a14ce390455046c53793ef05941155,92,2,analysis_runs/decompile_v1.53/lv_extract/lv3_1/vi_xml/GAIN_CAL_TRec22.bin,analysis_runs/decompile_v1.53/lv_extract/lv3_1/vi_xml/GAIN_CAL_maptest_TRec22.bin
1805c9df19a616df2df2cf2361bcf577b51bf39392bb8a2bc262fe9eabad9675,110,2,analysis_runs/decompile_v1.53/lv_extract/lv3_1/vi_xml/GAIN_CAL_TRec23.bin,analysis_runs/decompile_v1.53/lv_extract/lv3_1/vi_xml/GAIN_CAL_maptest_TRec23.bin
bc4eb966ea0f73ce1ecebff74fee29957acbbaa4acc38e273137ef8c524d5f39,82,2,analysis_runs/decompile_v1.53/lv_extract/lv3_1/vi_xml/GAIN_CAL_TRec24.bin,analysis_runs/decompile_v1.53/lv_extract/lv3_1/vi_xml/GAIN_CAL_maptest_TRec24.bin
41f1c3031e1775d247ce1e76f6ca2314577886f11cddce13e12e4b77c50a8639,88,2,analysis_runs/decompile_v1.53/lv_extract/lv3_1/vi_xml/GAIN_CAL_TRec25.bin,analysis_runs/decompile_v1.53/lv_extract/lv3_1/vi_xml/GAIN_CAL_maptest_TRec25.bin
21beea3ea12dbb209ec026db8e7c5eb2c2dc3c94db5a35b11bf7f8de7ee758c1,109,2,analysis_runs/decompile_v1.53/lv_extract/lv3_1/vi_xml/GAIN_CAL_TRec26.bin,analysis_runs/decompile_v1.53/lv_extract/lv3_1/vi_xml/GAIN_CAL_maptest_TRec26.bin
3ed554a7ecc8e0558b5ff83f4fac4284d261849ef8eead480bcc62b409217d37,87,2,analysis_runs/decompile_v1.53/lv_extract/lv3_1/vi_xml/GAIN_CAL_TRec27.bin,analysis_runs/decompile_v1.53/lv_extract/lv3_1/vi_xml/GAIN_CAL_maptest_TRec27.bin
72bad43cdf70a861e8691aea94b59d4e398ca5ea2168369fa22ae5a663c28bf6,88,2,analysis_runs/decompile_v1.53/lv_extract/lv3_1/vi_xml/GAIN_CAL_TRec28.bin,analysis_runs/decompile_v1.53/lv_extract/lv3_1/vi_xml/GAIN_CAL_maptest_TRec28.bin
9289123cc05eb4df7dfa481727db968d4536bd1c52f92cad87c7dbb9ea25911e,77,2,analysis_runs/decompile_v1.53/lv_extract/lv3_1/vi_xml/GAIN_CAL_TRec29.bin,analysis_runs/decompile_v1.53/lv_extract/lv3_1/vi_xml/GAIN_CAL_maptest_TRec29.bin
ee62d17bae7e9cc829aff6157b3e4a8ca9f8b511475af5535599e6794d50da6d,86,2,analysis_runs/decompile_v1.53/lv_extract/lv3_1/vi_xml/GAIN_CAL_TRec3.bin,analysis_runs/decompile_v1.53/lv_extract/lv3_1/vi_xml/GAIN_CAL_maptest_TRec3.bin
0926619fbb98fffd0df14bfa8f0a1b7584dbcf2dcbedfe2beaee5f0674359fdc,81,2,analysis_runs/decompile_v1.53/lv_extract/lv3_1/vi_xml/GAIN_CAL_TRec30.bin,analysis_runs/decompile_v1.53/lv_extract/lv3_1/vi_xml/GAIN_CAL_maptest_TRec30.bin
3d2b190dd3ccdde75810cf2d617d0b538794b7674c96054641281e6968da33cf,77,2,analysis_runs/decompile_v1.53/lv_extract/lv3_1/vi_xml/GAIN_CAL_TRec31.bin,analysis_runs/decompile_v1.53/lv_extract/lv3_1/vi_xml/GAIN_CAL_maptest_TRec31.bin
d26e21c208a947f083899f0b834ceb67e11c2e673ee3dc712e2fc40e57e46bd0,81,2,analysis_runs/decompile_v1.53/lv_extract/lv3_1/vi_xml/GAIN_CAL_TRec32.bin,analysis_runs/decompile_v1.53/lv_extract/lv3_1/vi_xml/GAIN_CAL_maptest_TRec32.bin
2fb58398480eec46869cf8e5b5d4e93b7eab2ee79f025acd6d4ec8b9471afecc,77,2,analysis_runs/decompile_v1.53/lv_extract/lv3_1/vi_xml/GAIN_CAL_TRec33.bin,analysis_runs/decompile_v1.53/lv_extract/lv3_1/vi_xml/GAIN_CAL_maptest_TRec33.bin
b1667ab8c5f14aa8bdd6823b80e7f9f9066d76f7900533daaf820fc759f2fbaa,77,2,analysis_runs/decompile_v1.53/lv_extract/lv3_1/vi_xml/GAIN_CAL_TRec34.bin,analysis_runs/decompile_v1.53/lv_extract/lv3_1/vi_xml/GAIN_CAL_maptest_TRec34.bin
fcc7a71f863549fc501eb72007ca54be4e7c7ca3aa53346c9a04e0727b6205cc,77,2,analysis_runs/decompile_v1.53/lv_extract/lv3_1/vi_xml/GAIN_CAL_TRec35.bin,analysis_runs/decompile_v1.53/lv_extract/lv3_1/vi_xml/GAIN_CAL_maptest_TRec35.bin
bd5b028d91b3ca5c103bd0e5eaff9674d132d3fca17b9bdce6fb7c8d515e842a,87,2,analysis_runs/decompile_v1.53/lv_extract/lv3_1/vi_xml/GAIN_CAL_TRec36.bin,analysis_runs/decompile_v1.53/lv_extract/lv3_1/vi_xml/GAIN_CAL_maptest_TRec36.bin
55450e08d99f0d5b16311d48e0c869923130056abdaf50077742334e15afaf8c,77,2,analysis_runs/decompile_v1.53/lv_extract/lv3_1/vi_xml/GAIN_CAL_TRec37.bin,analysis_runs/decompile_v1.53/lv_extract/lv3_1/vi_xml/GAIN_CAL_maptest_TRec37.bin
49fa7f5a63a36d9b64c62ad2d6b670356ce3b2f43ddd6993c81067cc1e5912ef,87,2,analysis_runs/decompile_v1.53/lv_extract/lv3_1/vi_xml/GAIN_CAL_TRec38.bin,analysis_runs/decompile_v1.53/lv_extract/lv3_1/vi_xml/GAIN_CAL_maptest_TRec38.bin
82598fdca7adbee3aeb9b2b3b2ffe313c4d5b13e984fbd7fbda647cd5c0674c6,87,2,analysis_runs/decompile_v1.53/lv_extract/lv3_1/vi_xml/GAIN_CAL_TRec39.bin,analysis_runs/decompile_v1.53/lv_extract/lv3_1/vi_xml/GAIN_CAL_maptest_TRec39.bin
3097cae8474ebb19e94b553b1de6bc44124d3a37a7b73504f7115398ee7271c0,83,2,analysis_runs/decompile_v1.53/lv_extract/lv3_1/vi_xml/GAIN_CAL_TRec4.bin,analysis_runs/decompile_v1.53/lv_extract/lv3_1/vi_xml/GAIN_CAL_maptest_TRec4.bin
29dfc031eccc90187b837bb6a6d60dd73efdf843f83322cbb7b5530b4e27a493,79,2,analysis_runs/decompile_v1.53/lv_extract/lv3_1/vi_xml/GAIN_CAL_TRec40.bin,analysis_runs/decompile_v1.53/lv_extract/lv3_1/vi_xml/GAIN_CAL_maptest_TRec40.bin
b3113e908948a1d0f94830727ea1fd91d3fc3c7f13553c6616bd5a0380b7ff16,80,2,analysis_runs/decompile_v1.53/lv_extract/lv3_1/vi_xml/GAIN_CAL_TRec41.bin,analysis_runs/decompile_v1.53/lv_extract/lv3_1/vi_xml/GAIN_CAL_maptest_TRec41.bin
6bbcce453edb93a998a3ca39182c14cfaa6bfd8bb5e4dd9af0df356961b78fca,79,2,analysis_runs/decompile_v1.53/lv_extract/lv3_1/vi_xml/GAIN_CAL_TRec42.bin,analysis_runs/decompile_v1.53/lv_extract/lv3_1/vi_xml/GAIN_CAL_maptest_TRec42.bin
cd1f8ca68efe4811269848bd3eaf19785f8533e4be8a6277a28351e6fdccace5,79,2,analysis_runs/decompile_v1.53/lv_extract/lv3_1/vi_xml/GAIN_CAL_TRec43.bin,analysis_runs/decompile_v1.53/lv_extract/lv3_1/vi_xml/GAIN_CAL_maptest_TRec43.bin
708e4dd9b8284b3b94795dd1aad13a9de2f0f53d9b0edd68ded755fb917f95f6,87,2,analysis_runs/decompile_v1.53/lv_extract/lv3_1/vi_xml/GAIN_CAL_TRec44.bin,analysis_runs/decompile_v1.53/lv_extract/lv3_1/vi_xml/GAIN_CAL_maptest_TRec44.bin
b08bc9eb47baee7e9e4bbd4ebad5a7bd210d9583eea29a9d067811a1d9df26ea,87,2,analysis_runs/decompile_v1.53/lv_extract/lv3_1/vi_xml/GAIN_CAL_TRec45.bin,analysis_runs/decompile_v1.53/lv_extract/lv3_1/vi_xml/GAIN_CAL_maptest_TRec45.bin
2cead27a7fb51dbd06a02e14aa32d43f794a43732b2753092ad6b340bed6b6dd,82,2,analysis_runs/decompile_v1.53/lv_extract/lv3_1/vi_xml/GAIN_CAL_TRec46.bin,analysis_runs/decompile_v1.53/lv_extract/lv3_1/vi_xml/GAIN_CAL_maptest_TRec46.bin
d0348baca0f191a1c7316b190e256fa62a3de484d4309da9c1464a8d6e7bca28,79,2,analysis_runs/decompile_v1.53/lv_extract/lv3_1/vi_xml/GAIN_CAL_TRec47.bin,analysis_runs/decompile_v1.53/lv_extract/lv3_1/vi_xml/GAIN_CAL_maptest_TRec47.bin
dbfbac9b3405221038c1f2ee4b33ff5f83afcad91ef28e9b37c2e046b442375c,79,2,analysis_runs/decompile_v1.53/lv_extract/lv3_1/vi_xml/GAIN_CAL_TRec48.bin,analysis_runs/decompile_v1.53/lv_extract/lv3_1/vi_xml/GAIN_CAL_maptest_TRec48.bin
e52bb4e0258d33a642269fd4ff5e72ec05f2b2467491b2616f37ac34a6a766ed,79,2,analysis_runs/decompile_v1.53/lv_extract/lv3_1/vi_xml/GAIN_CAL_TRec49.bin,analysis_runs/decompile_v1.53/lv_extract/lv3_1/vi_xml/GAIN_CAL_maptest_TRec49.bin
3024555e19ddca8404fb83ced46b8b5cc2680ef93b964165b9d747379b850853,76,2,analysis_runs/decompile_v1.53/lv_extract/lv3_1/vi_xml/GAIN_CAL_TRec5.bin,analysis_runs/decompile_v1.53/lv_extract/lv3_1/vi_xml/GAIN_CAL_maptest_TRec5.bin
b4163b65c32b01a58e8d40cc59f808f91d2f0d5231cfa0ec9b0b95e7d6f5446f,77,2,analysis_runs/decompile_v1.53/lv_extract/lv3_1/vi_xml/GAIN_CAL_TRec50.bin,analysis_runs/decompile_v1.53/lv_extract/lv3_1/vi_xml/GAIN_CAL_maptest_TRec50.bin
a68eaa6bda9d691139f0f09aa40eb22de34c308a21f0a49d7f29fd0c4f38d8c4,92,2,analysis_runs/decompile_v1.53/lv_extract/lv3_1/vi_xml/GAIN_CAL_TRec51.bin,analysis_runs/decompile_v1.53/lv_extract/lv3_1/vi_xml/GAIN_CAL_maptest_TRec51.bin
38d52f37217775149b4d550837d1288c1fcfb4839b3d4db0ecc3906b732992c8,86,2,analysis_runs/decompile_v1.53/lv_extract/lv3_1/vi_xml/GAIN_CAL_TRec52.bin,analysis_runs/decompile_v1.53/lv_extract/lv3_1/vi_xml/GAIN_CAL_maptest_TRec52.bin
7dc9a057fa938887020eb4a291190065af340badfb516e4780e554ad4a3360d8,86,2,analysis_runs/decompile_v1.53/lv_extract/lv3_1/vi_xml/GAIN_CAL_TRec53.bin,analysis_runs/decompile_v1.53/lv_extract/lv3_1/vi_xml/GAIN_CAL_maptest_TRec53.bin
7ef9f33eed81445f6f6187332b24f58f8255f4c1cdd11f14031bde0c45e7d0e5,82,2,analysis_runs/decompile_v1.53/lv_extract/lv3_1/vi_xml/GAIN_CAL_TRec54.bin,analysis_runs/decompile_v1.53/lv_extract/lv3_1/vi_xml/GAIN_CAL_maptest_TRec54.bin
891cc5bcd59b015a681135f7cdbfb5e24396d1d7d25ef17857cc9b0b73d037ac,72,2,analysis_runs/decompile_v1.53/lv_extract/lv3_1/vi_xml/GAIN_CAL_TRec55.bin,analysis_runs/decompile_v1.53/lv_extract/lv3_1/vi_xml/GAIN_CAL_maptest_TRec55.bin
4e5dcb13ca149e9a826c7da2ec1148260ed1aa0b0a985e1a916ce5e2ffaf28bc,87,2,analysis_runs/decompile_v1.53/lv_extract/lv3_1/vi_xml/GAIN_CAL_TRec56.bin,analysis_runs/decompile_v1.53/lv_extract/lv3_1/vi_xml/GAIN_CAL_maptest_TRec56.bin
829692cae051654fb6c2a6016091818278b9a771e138b505cabfc760c3d63d06,87,2,analysis_runs/decompile_v1.53/lv_extract/lv3_1/vi_xml/GAIN_CAL_TRec57.bin,analysis_runs/decompile_v1.53/lv_extract/lv3_1/vi_xml/GAIN_CAL_maptest_TRec57.bin
a3828bb02615ea4008350a24236acb812687aeeb3f199335efe33fe7cddb0f73,83,2,analysis_runs/decompile_v1.53/lv_extract/lv3_1/vi_xml/GAIN_CAL_TRec58.bin,analysis_runs/decompile_v1.53/lv_extract/lv3_1/vi_xml/GAIN_CAL_maptest_TRec58.bin
15e49439ae9fc6815f09eb074c7b347b2ec8985a55dcc29d07fd1ded0004a70b,80,2,analysis_runs/decompile_v1.53/lv_extract/lv3_1/vi_xml/GAIN_CAL_TRec59.bin,analysis_runs/decompile_v1.53/lv_extract/lv3_1/vi_xml/GAIN_CAL_maptest_TRec59.bin
096a7a753df4aa98acdf5af070347c9dc44da4f086d47560c514ac80b5c37a1e,85,2,analysis_runs/decompile_v1.53/lv_extract/lv3_1/vi_xml/GAIN_CAL_TRec6.bin,analysis_runs/decompile_v1.53/lv_extract/lv3_1/vi_xml/GAIN_CAL_maptest_TRec6.bin
d315b2fa16ba479c87777dbbfe0a8daee60183229a287abb2da5c409374b46b6,77,2,analysis_runs/decompile_v1.53/lv_extract/lv3_1/vi_xml/GAIN_CAL_TRec60.bin,analysis_runs/decompile_v1.53/lv_extract/lv3_1/vi_xml/GAIN_CAL_maptest_TRec60.bin
ae41b6821a5475daf6dde0a2ea4152de2f3ad630037c22c9cd19ab0a64d6c3fb,72,2,analysis_runs/decompile_v1.53/lv_extract/lv3_1/vi_xml/GAIN_CAL_TRec61.bin,analysis_runs/decompile_v1.53/lv_extract/lv3_1/vi_xml/GAIN_CAL_maptest_TRec61.bin
84a65f2c8f8250ef65e67c88d6f29b103939418803c81af458ff4661ae0a3507,82,2,analysis_runs/decompile_v1.53/lv_extract/lv3_1/vi_xml/GAIN_CAL_TRec62.bin,analysis_runs/decompile_v1.53/lv_extract/lv3_1/vi_xml/GAIN_CAL_maptest_TRec62.bin
81356566b37882620ecbf6afca4e96c968a68469f2e369057d4c39c130cc358d,86,2,analysis_runs/decompile_v1.53/lv_extract/lv3_1/vi_xml/GAIN_CAL_TRec63.bin,analysis_runs/decompile_v1.53/lv_extract/lv3_1/vi_xml/GAIN_CAL_maptest_TRec63.bin
7e03f3a81bb49b29d47cfc1d62d238af3f30453fdeedbf2d4dd6d2df27e5922f,87,2,analysis_runs/decompile_v1.53/lv_extract/lv3_1/vi_xml/GAIN_CAL_TRec64.bin,analysis_runs/decompile_v1.53/lv_extract/lv3_1/vi_xml/GAIN_CAL_maptest_TRec64.bin
c23cd15f71dfab770fb4461acf41c7b63cd764471e0a7ac46fc634219b7b12a2,87,2,analysis_runs/decompile_v1.53/lv_extract/lv3_1/vi_xml/GAIN_CAL_TRec65.bin,analysis_runs/decompile_v1.53/lv_extract/lv3_1/vi_xml/GAIN_CAL_maptest_TRec65.bin
7238e26efa6d9b027ea1931bc7169de4e8f7379200910ce6937b5ac4ad05270c,85,2,analysis_runs/decompile_v1.53/lv_extract/lv3_1/vi_xml/GAIN_CAL_TRec66.bin,analysis_runs/decompile_v1.53/lv_extract/lv3_1/vi_xml/GAIN_CAL_maptest_TRec66.bin
968ee0e4c70066c2edb7822c189133e517913bdb0496281ab4bb6c51c685447d,87,2,analysis_runs/decompile_v1.53/lv_extract/lv3_1/vi_xml/GAIN_CAL_TRec67.bin,analysis_runs/decompile_v1.53/lv_extract/lv3_1/vi_xml/GAIN_CAL_maptest_TRec67.bin
c37d0aa8c14938abc369fc71aefa44bf04cc350356a4ae9f56221f884838cdf7,87,2,analysis_runs/decompile_v1.53/lv_extract/lv3_1/vi_xml/GAIN_CAL_TRec68.bin,analysis_runs/decompile_v1.53/lv_extract/lv3_1/vi_xml/GAIN_CAL_maptest_TRec68.bin
2fc85a33f0acbfae65c1c81daf9c9b787e45c87d68d93a7ea77868f0c1f1e392,87,2,analysis_runs/decompile_v1.53/lv_extract/lv3_1/vi_xml/GAIN_CAL_TRec69.bin,analysis_runs/decompile_v1.53/lv_extract/lv3_1/vi_xml/GAIN_CAL_maptest_TRec69.bin
4f24625080c9f558b8d917c5312387528202be6684c4b3d82e9726097de336cd,92,2,analysis_runs/decompile_v1.53/lv_extract/lv3_1/vi_xml/GAIN_CAL_TRec7.bin,analysis_runs/decompile_v1.53/lv_extract/lv3_1/vi_xml/GAIN_CAL_maptest_TRec7.bin
e0eec57808bfbc22322a09af9657c64bf0a337690cb0faa9a4c3dfa87ee70a3a,87,2,analysis_runs/decompile_v1.53/lv_extract/lv3_1/vi_xml/GAIN_CAL_TRec70.bin,analysis_runs/decompile_v1.53/lv_extract/lv3_1/vi_xml/GAIN_CAL_maptest_TRec70.bin
0023e911869c9811e6dcfc46424faaf293686aad77249c0977c72832446854c4,87,2,analysis_runs/decompile_v1.53/lv_extract/lv3_1/vi_xml/GAIN_CAL_TRec71.bin,analysis_runs/decompile_v1.53/lv_extract/lv3_1/vi_xml/GAIN_CAL_maptest_TRec71.bin
6b69142a4e2f2a94f5430ce208fb712669577c9a0af745a7ceeabbbcca2163a7,87,2,analysis_runs/decompile_v1.53/lv_extract/lv3_1/vi_xml/GAIN_CAL_TRec72.bin,analysis_runs/decompile_v1.53/lv_extract/lv3_1/vi_xml/GAIN_CAL_maptest_TRec72.bin
b65f8ffae03746f0c815c466ed33518709b6a51a730c65230455659c52b1985b,87,2,analysis_runs/decompile_v1.53/lv_extract/lv3_1/vi_xml/GAIN_CAL_TRec73.bin,analysis_runs/decompile_v1.53/lv_extract/lv3_1/vi_xml/GAIN_CAL_maptest_TRec73.bin
80c2c20c4ad7be5df13cf6da0f7593075b52735a10446dc55ca6b6ca2db715d9,87,2,analysis_runs/decompile_v1.53/lv_extract/lv3_1/vi_xml/GAIN_CAL_TRec74.bin,analysis_runs/decompile_v1.53/lv_extract/lv3_1/vi_xml/GAIN_CAL_maptest_TRec74.bin
f61d6e74a7b537c746970596cd79570c84b215ba9a789b51b42b1d49bab67c6a,87,2,analysis_runs/decompile_v1.53/lv_extract/lv3_1/vi_xml/GAIN_CAL_TRec75.bin,analysis_runs/decompile_v1.53/lv_extract/lv3_1/vi_xml/GAIN_CAL_maptest_TRec75.bin
8a766228feed74258792de00c8b48cb8c3474697b6eb6327628099652a8406bd,87,2,analysis_runs/decompile_v1.53/lv_extract/lv3_1/vi_xml/GAIN_CAL_TRec76.bin,analysis_runs/decompile_v1.53/lv_extract/lv3_1/vi_xml/GAIN_CAL_maptest_TRec76.bin
0cfe872c6919d2c8b7c2a6f913ee930840c4b6f921333abbdac36886a4fb5c1b,85,2,analysis_runs/decompile_v1.53/lv_extract/lv3_1/vi_xml/GAIN_CAL_TRec77.bin,analysis_runs/decompile_v1.53/lv_extract/lv3_1/vi_xml/GAIN_CAL_maptest_TRec77.bin
1ddec508b44e5f48b0cb51e3b9331af3ac0e1b33158201d62bc246c7989e836f,85,2,analysis_runs/decompile_v1.53/lv_extract/lv3_1/vi_xml/GAIN_CAL_TRec78.bin,analysis_runs/decompile_v1.53/lv_extract/lv3_1/vi_xml/GAIN_CAL_maptest_TRec78.bin
63ee88fa960e98a9bd44fb6c28d680e3568c44bad0267124bbbe57853ff53ec8,87,2,analysis_runs/decompile_v1.53/lv_extract/lv3_1/vi_xml/GAIN_CAL_TRec79.bin,analysis_runs/decompile_v1.53/lv_extract/lv3_1/vi_xml/GAIN_CAL_maptest_TRec79.bin
0dcff3e9185af0e744b958eba8c86b4f1c9c72c3118ff69296f729054ba058b8,87,2,analysis_runs/decompile_v1.53/lv_extract/lv3_1/vi_xml/GAIN_CAL_TRec8.bin,analysis_runs/decompile_v1.53/lv_extract/lv3_1/vi_xml/GAIN_CAL_maptest_TRec8.bin
2d8896d72be69df6427e665e9ea3fed00a084e4babf455acf85bbff5d1a9be14,85,2,analysis_runs/decompile_v1.53/lv_extract/lv3_1/vi_xml/GAIN_CAL_TRec80.bin,analysis_runs/decompile_v1.53/lv_extract/lv3_1/vi_xml/GAIN_CAL_maptest_TRec80.bin
6768e9ff5d64c6bb6da2397e890c6a28719ac36642cda8fcd2fe03662836b0ab,85,2,analysis_runs/decompile_v1.53/lv_extract/lv3_1/vi_xml/GAIN_CAL_TRec81.bin,analysis_runs/decompile_v1.53/lv_extract/lv3_1/vi_xml/GAIN_CAL_maptest_TRec81.bin
13e705caf25245fcad2c0fb045cf4b19fe30202680acde9da7c69fdd71cdd33d,87,2,analysis_runs/decompile_v1.53/lv_extract/lv3_1/vi_xml/GAIN_CAL_TRec82.bin,analysis_runs/decompile_v1.53/lv_extract/lv3_1/vi_xml/GAIN_CAL_maptest_TRec82.bin
34aebf8c765c12353b8b5abb598f7004ddaa788928005a9a19892264dba3d5f3,87,2,analysis_runs/decompile_v1.53/lv_extract/lv3_1/vi_xml/GAIN_CAL_TRec83.bin,analysis_runs/decompile_v1.53/lv_extract/lv3_1/vi_xml/GAIN_CAL_maptest_TRec83.bin
d2bc8fa6dd37cc9d835ec19a632100d5c7cfa686dd6de06680d5524b4b6c1911,83,2,analysis_runs/decompile_v1.53/lv_extract/lv3_1/vi_xml/GAIN_CAL_TRec84.bin,analysis_runs/decompile_v1.53/lv_extract/lv3_1/vi_xml/GAIN_CAL_maptest_TRec84.bin
ea6a62cd9c459ce806dbd5f2352906fa2951510e833d61bafa5eda7e2a397e83,79,2,analysis_runs/decompile_v1.53/lv_extract/lv3_1/vi_xml/GAIN_CAL_TRec85.bin,analysis_runs/decompile_v1.53/lv_extract/lv3_1/vi_xml/GAIN_CAL_maptest_TRec85.bin
4a787df37e41b1b189b6a9a40a686f7f8deb3358a252cea4fc6e2213a1315f51,88,2,analysis_runs/decompile_v1.53/lv_extract/lv3_1/vi_xml/GAIN_CAL_TRec9.bin,analysis_runs/decompile_v1.53/lv_extract/lv3_1/vi_xml/GAIN_CAL_maptest_TRec9.bin
