entry,name,size_bytes,instruction_count,thunk
CODE:0000,thunk_FUN_CODE_37f9,3,1,1
CODE:0003,FUN_CODE_0003,8,8,0
CODE:000b,thunk_FUN_CODE_24dd,3,1,1
CODE:0013,thunk_FUN_CODE_2619,3,1,1
CODE:001b,FUN_CODE_001b,8,8,0
CODE:0023,thunk_FUN_CODE_26de,3,1,1
CODE:002b,FUN_CODE_002b,8,6,0
CODE:0033,FUN_CODE_0033,16,10,0
CODE:0043,FUN_CODE_0043,20,8,0
CODE:0057,FUN_CODE_0057,44,20,0
CODE:0091,FUN_CODE_0091,49,25,0
CODE:00c2,FUN_CODE_00c2,14,6,0
CODE:0124,FUN_CODE_0124,32,16,0
CODE:0239,FUN_CODE_0239,30,20,0
CODE:0257,FUN_CODE_0257,13,7,0
CODE:0264,FUN_CODE_0264,23,10,0
CODE:027b,FUN_CODE_027b,13,7,0
CODE:0288,FUN_CODE_0288,13,6,0
CODE:0295,FUN_CODE_0295,10,6,0
CODE:029f,FUN_CODE_029f,5,2,0
CODE:02a4,FUN_CODE_02a4,6,2,0
CODE:02aa,FUN_CODE_02aa,22,9,0
CODE:02c0,FUN_CODE_02c0,42,25,0
CODE:0308,FUN_CODE_0308,22,9,0
CODE:031e,FUN_CODE_031e,35,17,0
CODE:0355,FUN_CODE_0355,6,2,0
CODE:05fe,FUN_CODE_05fe,55,28,0
CODE:151d,FUN_CODE_151d,57,33,0
CODE:1556,FUN_CODE_1556,20,12,0
CODE:156a,FUN_CODE_156a,10,7,0
CODE:1574,FUN_CODE_1574,17,10,0
CODE:1585,FUN_CODE_1585,15,9,0
CODE:1594,FUN_CODE_1594,8,4,0
CODE:159c,FUN_CODE_159c,2,2,0
CODE:159e,FUN_CODE_159e,42,32,0
CODE:15c8,FUN_CODE_15c8,7,4,0
CODE:15cf,FUN_CODE_15cf,42,25,0
CODE:15f9,FUN_CODE_15f9,26,14,0
CODE:1613,FUN_CODE_1613,22,12,0
CODE:1bf0,FUN_CODE_1bf0,121,64,0
CODE:1f46,FUN_CODE_1f46,14,6,0
CODE:1f64,FUN_CODE_1f64,22,12,0
CODE:1f7a,FUN_CODE_1f7a,29,16,0
CODE:1f97,FUN_CODE_1f97,14,8,0
CODE:24dd,FUN_CODE_24dd,19,8,0
CODE:24f0,FUN_CODE_24f0,43,29,0
CODE:2570,FUN_CODE_2570,34,21,0
CODE:2596,FUN_CODE_2596,42,27,0
CODE:25c0,FUN_CODE_25c0,2,1,0
CODE:25c2,FUN_CODE_25c2,9,6,0
CODE:25cb,FUN_CODE_25cb,14,9,0
CODE:25d9,thunk_FUN_CODE_260e,2,1,1
CODE:25db,FUN_CODE_25db,10,6,0
CODE:25e5,FUN_CODE_25e5,19,11,0
CODE:25f8,FUN_CODE_25f8,18,8,0
CODE:260e,FUN_CODE_260e,11,6,0
CODE:2619,FUN_CODE_2619,28,17,0
CODE:2635,FUN_CODE_2635,14,8,0
CODE:2643,FUN_CODE_2643,14,7,0
CODE:2651,FUN_CODE_2651,2,1,0
CODE:2653,FUN_CODE_2653,16,10,0
CODE:2663,FUN_CODE_2663,2,1,0
CODE:2665,FUN_CODE_2665,48,26,0
CODE:2695,FUN_CODE_2695,2,1,0
CODE:2697,FUN_CODE_2697,16,10,0
CODE:26a7,FUN_CODE_26a7,2,1,0
CODE:26a9,FUN_CODE_26a9,40,22,0
CODE:26d1,FUN_CODE_26d1,4,2,0
CODE:26d5,FUN_CODE_26d5,9,5,0
CODE:26de,FUN_CODE_26de,19,8,0
CODE:26f1,FUN_CODE_26f1,11,4,0
CODE:26fc,FUN_CODE_26fc,11,4,0
CODE:2707,FUN_CODE_2707,6,2,0
CODE:270d,FUN_CODE_270d,6,2,0
CODE:2713,FUN_CODE_2713,10,4,0
CODE:27e0,FUN_CODE_27e0,21,12,0
CODE:27f5,FUN_CODE_27f5,5,2,0
CODE:27fa,FUN_CODE_27fa,6,2,0
CODE:2800,FUN_CODE_2800,42,24,0
CODE:282a,FUN_CODE_282a,12,7,0
CODE:2836,FUN_CODE_2836,14,9,0
CODE:2844,FUN_CODE_2844,25,15,0
CODE:285d,FUN_CODE_285d,21,11,0
CODE:2872,FUN_CODE_2872,21,12,0
CODE:2887,FUN_CODE_2887,14,8,0
CODE:2895,FUN_CODE_2895,9,4,0
CODE:289e,FUN_CODE_289e,15,9,0
CODE:28ad,FUN_CODE_28ad,31,17,0
CODE:28d0,FUN_CODE_28d0,11,6,0
CODE:28db,FUN_CODE_28db,10,5,0
CODE:28e5,FUN_CODE_28e5,30,18,0
CODE:2905,FUN_CODE_2905,37,23,0
CODE:292a,FUN_CODE_292a,104,74,0
CODE:2992,FUN_CODE_2992,11,5,0
CODE:299d,FUN_CODE_299d,87,61,0
CODE:29f4,FUN_CODE_29f4,9,4,0
CODE:29fd,FUN_CODE_29fd,2,1,0
CODE:29ff,FUN_CODE_29ff,11,6,0
CODE:2a0a,FUN_CODE_2a0a,49,28,0
CODE:2a9f,FUN_CODE_2a9f,7,5,0
CODE:2aa6,FUN_CODE_2aa6,9,7,0
CODE:2ba8,FUN_CODE_2ba8,108,64,0
CODE:2c14,FUN_CODE_2c14,9,4,0
CODE:2c1d,FUN_CODE_2c1d,6,2,0
CODE:2cb7,FUN_CODE_2cb7,43,24,0
CODE:2ce2,FUN_CODE_2ce2,5,3,0
CODE:2ce7,FUN_CODE_2ce7,6,4,0
CODE:2ced,FUN_CODE_2ced,81,47,0
CODE:2d3e,FUN_CODE_2d3e,40,24,0
CODE:2d66,FUN_CODE_2d66,5,3,0
CODE:37f9,FUN_CODE_37f9,3,2,0
CODE:37fc,FUN_CODE_37fc,9,4,0
CODE:3805,thunk_FUN_CODE_002b,3,1,1
CODE:3808,FUN_CODE_3808,4,4,0
CODE:380c,FUN_CODE_380c,8,6,0
CODE:3814,FUN_CODE_3814,1,1,0
CODE:3815,FUN_CODE_3815,5,3,0
CODE:381a,FUN_CODE_381a,24,18,0
CODE:3832,FUN_CODE_3832,1,1,0
CODE:3833,FUN_CODE_3833,5,3,0
CODE:3840,FUN_CODE_3840,3,1,0
CODE:3843,FUN_CODE_3843,22,15,0
CODE:3859,FUN_CODE_3859,17,13,0
CODE:386a,FUN_CODE_386a,27,20,0
CODE:3885,FUN_CODE_3885,9,5,0
CODE:388e,FUN_CODE_388e,15,8,0
CODE:389d,FUN_CODE_389d,9,5,0
CODE:38a6,FUN_CODE_38a6,15,8,0
CODE:38bc,FUN_CODE_38bc,5,2,0
CODE:38c1,FUN_CODE_38c1,5,2,0
CODE:38c6,FUN_CODE_38c6,5,2,0
CODE:38cb,FUN_CODE_38cb,5,2,0
CODE:38d0,FUN_CODE_38d0,5,2,0
CODE:38d5,FUN_CODE_38d5,5,2,0
CODE:38ee,FUN_CODE_38ee,5,2,0
CODE:3939,FUN_CODE_3939,5,2,0
CODE:39ef,FUN_CODE_39ef,15,10,0
CODE:39fe,FUN_CODE_39fe,1,1,0
CODE:39ff,FUN_CODE_39ff,1,1,0
CODE:3a00,FUN_CODE_3a00,7,3,0
CODE:3a08,FUN_CODE_3a08,4,2,0
CODE:3a0c,thunk_FUN_CODE_3dbd,3,1,1
CODE:3a0f,FUN_CODE_3a0f,4,3,0
CODE:3a13,FUN_CODE_3a13,23,20,0
CODE:3a2a,FUN_CODE_3a2a,1,1,0
CODE:3a2b,FUN_CODE_3a2b,33,27,0
CODE:3a4c,FUN_CODE_3a4c,13,6,0
CODE:3a59,FUN_CODE_3a59,8,5,0
CODE:3a61,thunk_FUN_CODE_3dc7,3,1,1
CODE:3a64,FUN_CODE_3a64,27,17,0
CODE:3a7f,FUN_CODE_3a7f,7,6,0
CODE:3a86,FUN_CODE_3a86,10,8,0
CODE:3a90,FUN_CODE_3a90,9,7,0
CODE:3a99,FUN_CODE_3a99,6,4,0
CODE:3a9f,FUN_CODE_3a9f,15,14,0
CODE:3aae,FUN_CODE_3aae,26,22,0
CODE:3ac8,FUN_CODE_3ac8,5,2,0
CODE:3acd,FUN_CODE_3acd,12,12,0
CODE:3ad9,FUN_CODE_3ad9,7,3,0
CODE:3ae0,FUN_CODE_3ae0,21,15,0
CODE:3af5,FUN_CODE_3af5,12,12,0
CODE:3b01,thunk_FUN_CODE_3d9f,3,1,1
CODE:3b04,FUN_CODE_3b04,20,17,0
CODE:3b18,FUN_CODE_3b18,1,1,0
CODE:3b19,FUN_CODE_3b19,7,6,0
CODE:3b20,thunk_FUN_CODE_3dbd,3,1,1
CODE:3b23,FUN_CODE_3b23,16,10,0
CODE:3b33,thunk_FUN_CODE_3dc7,3,1,1
CODE:3b36,FUN_CODE_3b36,6,3,0
CODE:3b3c,FUN_CODE_3b3c,9,5,0
CODE:3b45,FUN_CODE_3b45,6,3,0
CODE:3b4b,FUN_CODE_3b4b,7,4,0
CODE:3b52,FUN_CODE_3b52,8,7,0
CODE:3b5a,FUN_CODE_3b5a,10,6,0
CODE:3b64,FUN_CODE_3b64,7,7,0
CODE:3b6b,FUN_CODE_3b6b,27,20,0
CODE:3b86,FUN_CODE_3b86,9,5,0
CODE:3b8f,FUN_CODE_3b8f,94,75,0
CODE:3bed,FUN_CODE_3bed,14,8,0
CODE:3bfb,FUN_CODE_3bfb,12,12,0
CODE:3c07,thunk_FUN_CODE_3d9f,3,1,1
CODE:3c0a,FUN_CODE_3c0a,3,1,0
CODE:3c0d,FUN_CODE_3c0d,10,8,0
CODE:3c17,thunk_FUN_CODE_3dbd,3,1,1
CODE:3c1a,FUN_CODE_3c1a,18,13,0
CODE:3c2c,FUN_CODE_3c2c,10,7,0
CODE:3c36,thunk_FUN_CODE_3dc4,3,1,1
CODE:3c39,FUN_CODE_3c39,3,2,0
CODE:3c3c,FUN_CODE_3c3c,13,8,0
CODE:3c49,FUN_CODE_3c49,7,3,0
CODE:3c50,FUN_CODE_3c50,9,8,0
CODE:3c59,FUN_CODE_3c59,13,12,0
CODE:3c66,FUN_CODE_3c66,34,25,0
CODE:3c88,thunk_FUN_CODE_3d9f,3,1,1
CODE:3c8b,FUN_CODE_3c8b,11,6,0
CODE:3c96,FUN_CODE_3c96,16,12,0
CODE:3ca6,FUN_CODE_3ca6,60,40,0
CODE:3ce2,FUN_CODE_3ce2,22,14,0
CODE:3cf8,FUN_CODE_3cf8,25,18,0
CODE:3d11,FUN_CODE_3d11,1,1,0
CODE:3d12,FUN_CODE_3d12,1,1,0
CODE:3d18,FUN_CODE_3d18,5,2,0
CODE:3d22,FUN_CODE_3d22,13,6,0
CODE:3d2f,FUN_CODE_3d2f,20,17,0
CODE:3d43,FUN_CODE_3d43,14,10,0
CODE:3d88,FUN_CODE_3d88,22,17,0
CODE:3d9e,FUN_CODE_3d9e,1,1,0
CODE:3d9f,FUN_CODE_3d9f,20,11,0
CODE:3db3,FUN_CODE_3db3,10,8,0
CODE:3dbd,FUN_CODE_3dbd,2,1,0
CODE:3dbf,FUN_CODE_3dbf,2,2,0
CODE:3dc1,FUN_CODE_3dc1,3,3,0
CODE:3dc4,FUN_CODE_3dc4,3,2,0
CODE:3dc7,FUN_CODE_3dc7,10,6,0
CODE:4077,FUN_CODE_4077,7,6,0
CODE:40ab,FUN_CODE_40ab,8,4,0
CODE:40b3,FUN_CODE_40b3,10,5,0
CODE:40bd,FUN_CODE_40bd,16,11,0
CODE:40cd,FUN_CODE_40cd,7,4,0
CODE:40f6,FUN_CODE_40f6,9,5,0
CODE:40ff,FUN_CODE_40ff,4,3,0
CODE:4103,FUN_CODE_4103,5,3,0
CODE:4108,FUN_CODE_4108,7,5,0
CODE:413c,FUN_CODE_413c,9,5,0
CODE:4145,FUN_CODE_4145,4,3,0
CODE:4149,FUN_CODE_4149,4,2,0
CODE:414d,FUN_CODE_414d,1,1,0
CODE:4170,FUN_CODE_4170,20,17,0
CODE:420f,FUN_CODE_420f,18,12,0
CODE:4221,FUN_CODE_4221,4,4,0
CODE:4225,FUN_CODE_4225,16,10,0
CODE:4235,FUN_CODE_4235,6,6,0
CODE:43da,FUN_CODE_43da,14,14,0
CODE:43e8,FUN_CODE_43e8,22,16,0
CODE:444a,FUN_CODE_444a,12,12,0
CODE:4456,FUN_CODE_4456,23,10,0
CODE:446d,FUN_CODE_446d,26,18,0
CODE:4625,FUN_CODE_4625,21,12,0
CODE:463a,FUN_CODE_463a,1,1,0
CODE:4682,FUN_CODE_4682,8,4,0
CODE:468a,FUN_CODE_468a,10,5,0
CODE:4694,FUN_CODE_4694,11,7,0
CODE:50b9,FUN_CODE_50b9,12,8,0
CODE:50c5,FUN_CODE_50c5,4,2,0
CODE:50c9,FUN_CODE_50c9,3,2,0
CODE:50cc,FUN_CODE_50cc,1,1,0
CODE:50cd,FUN_CODE_50cd,1,1,0
CODE:50ce,FUN_CODE_50ce,20,15,0
CODE:50e2,FUN_CODE_50e2,4,4,0
CODE:512d,FUN_CODE_512d,54,33,0
CODE:5334,FUN_CODE_5334,30,17,0
CODE:5354,FUN_CODE_5354,25,16,0
CODE:536d,FUN_CODE_536d,26,14,0
CODE:5387,FUN_CODE_5387,1,1,0
CODE:5388,FUN_CODE_5388,2,1,0
CODE:538a,FUN_CODE_538a,7,5,0
CODE:5391,FUN_CODE_5391,81,53,0
CODE:53e4,FUN_CODE_53e4,13,8,0
CODE:53f1,FUN_CODE_53f1,15,13,0
CODE:5400,FUN_CODE_5400,1,1,0
CODE:58c2,FUN_CODE_58c2,27,14,0
CODE:a930,FUN_CODE_a930,9,3,0
CODE:a939,FUN_CODE_a939,6,2,0
CODE:a93f,FUN_CODE_a93f,6,2,0
CODE:a945,FUN_CODE_a945,6,2,0
CODE:a94b,FUN_CODE_a94b,15,8,0
CODE:a95a,FUN_CODE_a95a,152,103,0
CODE:a9f2,FUN_CODE_a9f2,7,3,0
CODE:a9f9,FUN_CODE_a9f9,7,3,0
CODE:aa00,FUN_CODE_aa00,90,59,0
CODE:aa5b,FUN_CODE_aa5b,84,55,0
CODE:aab0,FUN_CODE_aab0,4,2,0
CODE:aab4,FUN_CODE_aab4,22,14,0
CODE:aaca,FUN_CODE_aaca,9,3,0
CODE:aad3,FUN_CODE_aad3,12,4,0
CODE:aadf,FUN_CODE_aadf,6,2,0
CODE:aae5,FUN_CODE_aae5,22,14,0
CODE:aafb,FUN_CODE_aafb,10,6,0
CODE:ab05,FUN_CODE_ab05,5,2,0
CODE:ab0a,FUN_CODE_ab0a,78,54,0
CODE:ab58,FUN_CODE_ab58,12,7,0
CODE:ab64,FUN_CODE_ab64,66,43,0
CODE:aba6,FUN_CODE_aba6,39,25,0
CODE:abcd,FUN_CODE_abcd,12,7,0
CODE:abd9,FUN_CODE_abd9,10,6,0
CODE:abe3,FUN_CODE_abe3,38,26,0
CODE:ac09,FUN_CODE_ac09,38,25,0
CODE:ac2f,FUN_CODE_ac2f,38,25,0
CODE:ac55,FUN_CODE_ac55,9,6,0
CODE:ac5e,FUN_CODE_ac5e,19,13,0
CODE:ac71,FUN_CODE_ac71,89,54,0
CODE:accc,FUN_CODE_accc,29,15,0
CODE:aceb,FUN_CODE_aceb,6,2,0
CODE:ad7d,FUN_CODE_ad7d,10,6,0
CODE:ad87,FUN_CODE_ad87,5,2,0
CODE:ad8c,FUN_CODE_ad8c,6,2,0
CODE:ad92,FUN_CODE_ad92,9,4,0
CODE:ad9b,FUN_CODE_ad9b,6,2,0
CODE:ada1,FUN_CODE_ada1,9,3,0
CODE:adaa,FUN_CODE_adaa,25,16,0
CODE:adc5,FUN_CODE_adc5,23,15,0
CODE:adde,FUN_CODE_adde,6,2,0
CODE:ae96,FUN_CODE_ae96,12,4,0
CODE:aea2,FUN_CODE_aea2,6,3,0
CODE:aea8,FUN_CODE_aea8,45,28,0
CODE:aed5,FUN_CODE_aed5,15,8,0
CODE:aeea,FUN_CODE_aeea,15,11,0
CODE:aef9,FUN_CODE_aef9,23,15,0
CODE:af12,FUN_CODE_af12,6,2,0
CODE:af1c,FUN_CODE_af1c,23,15,0
CODE:af35,FUN_CODE_af35,20,14,0
CODE:b2af,FUN_CODE_b2af,1,1,0
