from_addr,to_addr,ref_type,source_type,is_primary
CODE:0000,CODE:37f9,UNCONDITIONAL_JUMP,DEFAULT,1
CODE:000b,CODE:24dd,UNCONDITIONAL_JUMP,DEFAULT,1
CODE:0013,CODE:2619,UNCONDITIONAL_JUMP,DEFAULT,1
CODE:001b,CODE:0074,UNCONDITIONAL_JUMP,DEFAULT,1
CODE:0023,CODE:26de,UNCONDITIONAL_JUMP,DEFAULT,1
CODE:002f,EXTMEM:8a24,WRITE,ANALYSIS,1
CODE:0031,EXTMEM:8a25,WRITE,ANALYSIS,1
CODE:0045,CODE:40ab,UNCONDITIONAL_CALL,DEFAULT,1
CODE:004c,CODE:38bc,UNCONDITIONAL_CALL,DEFAULT,1
CODE:004f,CODE:05fe,UNCONDITIONAL_CALL,DEFAULT,1
CODE:0052,BITS:08,WRITE,DEFAULT,1
CODE:0054,CODE:1f64,UNCONDITIONAL_CALL,DEFAULT,1
CODE:005a,EXTMEM:6f02,READ,ANALYSIS,1
CODE:005b,BITS:e2,DATA,DEFAULT,1
CODE:005b,CODE:0057,CONDITIONAL_JUMP,DEFAULT,1
CODE:005e,CODE:1bf0,UNCONDITIONAL_CALL,DEFAULT,1
CODE:0061,CODE:1f64,UNCONDITIONAL_CALL,DEFAULT,1
CODE:0077,CODE:38c6,UNCONDITIONAL_CALL,DEFAULT,1
CODE:0080,CODE:38cb,UNCONDITIONAL_CALL,DEFAULT,1
CODE:00a0,EXTMEM:8a9e,WRITE,ANALYSIS,1
CODE:00a1,CODE:38d0,UNCONDITIONAL_CALL,DEFAULT,1
CODE:00a5,CODE:0091,CONDITIONAL_JUMP,DEFAULT,1
CODE:00b3,CODE:4682,UNCONDITIONAL_CALL,DEFAULT,1
CODE:00b7,CODE:00c2,CONDITIONAL_JUMP,DEFAULT,1
CODE:00bd,CODE:38d5,UNCONDITIONAL_CALL,DEFAULT,1
CODE:00c0,CODE:0124,UNCONDITIONAL_CALL,DEFAULT,1
CODE:00c4,CODE:38c6,UNCONDITIONAL_CALL,DEFAULT,1
CODE:00cd,CODE:38cb,UNCONDITIONAL_CALL,DEFAULT,1
CODE:0127,EXTMEM:8035,READ,ANALYSIS,1
CODE:012a,EXTMEM:8035,WRITE,ANALYSIS,1
CODE:012e,EXTMEM:7b00,WRITE,ANALYSIS,1
CODE:0133,CODE:1f97,UNCONDITIONAL_CALL,DEFAULT,1
CODE:0138,CODE:38c6,UNCONDITIONAL_CALL,DEFAULT,1
CODE:0141,CODE:38cb,UNCONDITIONAL_CALL,DEFAULT,1
CODE:0171,BITS:08,READ,DEFAULT,1
CODE:0171,CODE:0177,CONDITIONAL_JUMP,DEFAULT,1
CODE:0174,CODE:05c0,UNCONDITIONAL_CALL,DEFAULT,1
CODE:017b,EXTMEM:8085,WRITE,ANALYSIS,1
CODE:017d,EXTMEM:8086,WRITE,ANALYSIS,1
CODE:017f,EXTMEM:8087,WRITE,ANALYSIS,1
CODE:0181,EXTMEM:8088,WRITE,ANALYSIS,1
CODE:0185,EXTMEM:80b9,WRITE,ANALYSIS,1
CODE:0187,EXTMEM:80ba,WRITE,ANALYSIS,1
CODE:0189,EXTMEM:80bb,WRITE,ANALYSIS,1
CODE:018b,EXTMEM:80bc,WRITE,ANALYSIS,1
CODE:018f,EXTMEM:8108,READ,ANALYSIS,1
CODE:0190,CODE:0196,CONDITIONAL_JUMP,DEFAULT,1
CODE:0193,EXTMEM:8109,READ,ANALYSIS,1
CODE:0196,CODE:01a1,CONDITIONAL_JUMP,DEFAULT,1
CODE:0198,BITS:22,READ,DEFAULT,1
CODE:0198,CODE:01a1,CONDITIONAL_JUMP,DEFAULT,1
CODE:019b,BITS:08,READ,DEFAULT,1
CODE:019b,CODE:01a1,CONDITIONAL_JUMP,DEFAULT,1
CODE:019e,CODE:1bf0,UNCONDITIONAL_CALL,DEFAULT,1
CODE:01a1,BITS:09,WRITE,DEFAULT,1
CODE:01a6,CODE:4456,UNCONDITIONAL_CALL,DEFAULT,1
CODE:0244,EXTMEM:81c0,READ,ANALYSIS,1
CODE:0247,EXTMEM:81c1,READ,ANALYSIS,1
CODE:024a,EXTMEM:81c2,READ,ANALYSIS,1
CODE:024d,EXTMEM:81c3,READ,ANALYSIS,1
CODE:0250,CODE:43e8,UNCONDITIONAL_CALL,DEFAULT,1
CODE:0253,CODE:0239,CONDITIONAL_JUMP,DEFAULT,1
CODE:0255,BITS:08,WRITE,DEFAULT,1
CODE:0257,CODE:1f64,UNCONDITIONAL_CALL,DEFAULT,1
CODE:02ec,CODE:38c6,UNCONDITIONAL_CALL,DEFAULT,1
CODE:02f5,CODE:38cb,UNCONDITIONAL_CALL,DEFAULT,1
CODE:0300,CODE:58c2,UNCONDITIONAL_CALL,DEFAULT,1
CODE:0343,CODE:38c6,UNCONDITIONAL_CALL,DEFAULT,1
CODE:034c,CODE:38cb,UNCONDITIONAL_CALL,DEFAULT,1
CODE:0362,EXTMEM:8035,READ,ANALYSIS,1
CODE:0365,EXTMEM:8035,WRITE,ANALYSIS,1
CODE:0369,EXTMEM:7b00,WRITE,ANALYSIS,1
CODE:036f,EXTMEM:8035,WRITE,ANALYSIS,1
CODE:0373,EXTMEM:7b00,WRITE,ANALYSIS,1
CODE:0374,BITS:33,READ,DEFAULT,1
CODE:0374,CODE:03b8,CONDITIONAL_JUMP,DEFAULT,1
CODE:0377,CODE:1f64,UNCONDITIONAL_CALL,DEFAULT,1
CODE:03b8,CODE:38ee,UNCONDITIONAL_CALL,DEFAULT,1
CODE:03bb,BITS:08,READ,DEFAULT,1
CODE:03bb,CODE:03c1,CONDITIONAL_JUMP,DEFAULT,1
CODE:03be,CODE:0171,UNCONDITIONAL_CALL,DEFAULT,1
CODE:03c1,CODE:38f8,UNCONDITIONAL_CALL,DEFAULT,1
CODE:03c8,EXTMEM:8a2b,WRITE,ANALYSIS,1
CODE:03ce,CODE:03e8,CONDITIONAL_JUMP,DEFAULT,1
CODE:03d0,BITS:30,READ,DEFAULT,1
CODE:03d0,CODE:03e8,CONDITIONAL_JUMP,DEFAULT,1
CODE:03d3,EXTMEM:8a2b,READ,ANALYSIS,1
CODE:03d9,CODE:38fd,UNCONDITIONAL_CALL,DEFAULT,1
CODE:03e0,EXTMEM:80f7,WRITE,ANALYSIS,1
CODE:03e2,EXTMEM:80f8,WRITE,ANALYSIS,1
CODE:03e3,BITS:20,WRITE,DEFAULT,1
CODE:03e5,CODE:0171,UNCONDITIONAL_CALL,DEFAULT,1
CODE:03eb,EXTMEM:8a2b,READ,ANALYSIS,1
CODE:03f1,CODE:03f6,CONDITIONAL_JUMP,DEFAULT,1
CODE:03f3,BITS:30,READ,DEFAULT,1
CODE:03f3,CODE:040b,CONDITIONAL_JUMP,DEFAULT,1
CODE:03f6,BITS:30,READ,DEFAULT,1
CODE:03f6,CODE:03fc,CONDITIONAL_JUMP,DEFAULT,1
CODE:03f9,CODE:0597,UNCONDITIONAL_CALL,DEFAULT,1
CODE:03ff,EXTMEM:8108,READ,ANALYSIS,1
CODE:0400,CODE:0406,CONDITIONAL_JUMP,DEFAULT,1
CODE:0403,EXTMEM:8109,READ,ANALYSIS,1
CODE:0406,CODE:040b,CONDITIONAL_JUMP,DEFAULT,1
CODE:0408,CODE:0597,UNCONDITIONAL_CALL,DEFAULT,1
CODE:040b,CODE:1f64,UNCONDITIONAL_CALL,DEFAULT,1
CODE:0443,CODE:38c6,UNCONDITIONAL_CALL,DEFAULT,1
CODE:044c,CODE:38cb,UNCONDITIONAL_CALL,DEFAULT,1
CODE:0597,BITS:20,READ,DEFAULT,1
CODE:0597,CODE:05bb,CONDITIONAL_JUMP,DEFAULT,1
CODE:059a,BITS:0a,READ,DEFAULT,1
CODE:059a,CODE:05bb,CONDITIONAL_JUMP,DEFAULT,1
CODE:059f,CODE:38c6,UNCONDITIONAL_CALL,DEFAULT,1
CODE:05a8,CODE:38cb,UNCONDITIONAL_CALL,DEFAULT,1
CODE:05bb,BITS:12,WRITE,DEFAULT,1
CODE:05bd,CODE:0171,UNCONDITIONAL_CALL,DEFAULT,1
CODE:05c0,CODE:1bf0,UNCONDITIONAL_CALL,DEFAULT,1
CODE:05c3,BITS:08,READ,DEFAULT,1
CODE:05c3,CODE:05fd,CONDITIONAL_JUMP,DEFAULT,1
CODE:05cb,CODE:151d,UNCONDITIONAL_CALL,DEFAULT,1
CODE:05d1,EXTMEM:8061,READ,ANALYSIS,1
CODE:05d4,EXTMEM:8061,WRITE,ANALYSIS,1
CODE:05d8,EXTMEM:7702,WRITE,ANALYSIS,1
CODE:05dc,EXTMEM:805c,READ,ANALYSIS,1
CODE:05df,EXTMEM:805c,WRITE,ANALYSIS,1
CODE:05e3,EXTMEM:7e02,WRITE,ANALYSIS,1
CODE:05e8,CODE:1f97,UNCONDITIONAL_CALL,DEFAULT,1
CODE:05eb,CODE:1f64,UNCONDITIONAL_CALL,DEFAULT,1
CODE:0602,EXTMEM:8a42,WRITE,ANALYSIS,1
CODE:0608,EXTMEM:7b03,WRITE,ANALYSIS,1
CODE:060c,EXTMEM:7d03,WRITE,ANALYSIS,1
CODE:0610,EXTMEM:7e03,WRITE,ANALYSIS,1
CODE:0616,EXTMEM:7703,WRITE,ANALYSIS,1
CODE:061c,EXTMEM:6f03,WRITE,ANALYSIS,1
CODE:0622,EXTMEM:8061,WRITE,ANALYSIS,1
CODE:0626,EXTMEM:7702,WRITE,ANALYSIS,1
CODE:062c,CODE:151d,UNCONDITIONAL_CALL,DEFAULT,1
CODE:0632,CODE:4456,UNCONDITIONAL_CALL,DEFAULT,1
CODE:1521,EXTMEM:8adc,WRITE,ANALYSIS,1
CODE:1524,EXTMEM:8add,WRITE,ANALYSIS,1
CODE:1528,EXTMEM:804f,READ,ANALYSIS,1
CODE:152b,EXTMEM:804f,WRITE,ANALYSIS,1
CODE:152f,EXTMEM:7d01,WRITE,ANALYSIS,1
CODE:1535,EXTMEM:804f,WRITE,ANALYSIS,1
CODE:1539,EXTMEM:7d01,WRITE,ANALYSIS,1
CODE:153d,EXTMEM:8061,READ,ANALYSIS,1
CODE:1540,EXTMEM:8061,WRITE,ANALYSIS,1
CODE:1544,EXTMEM:7702,WRITE,ANALYSIS,1
CODE:1546,CODE:1556,CONDITIONAL_JUMP,DEFAULT,1
CODE:1550,EXTMEM:8ade,WRITE,ANALYSIS,1
CODE:1553,EXTMEM:8adf,WRITE,ANALYSIS,1
CODE:1554,CODE:159c,UNCONDITIONAL_CALL,DEFAULT,1
CODE:155d,EXTMEM:8ade,WRITE,ANALYSIS,1
CODE:1560,EXTMEM:8adf,WRITE,ANALYSIS,1
CODE:1564,CODE:156a,CONDITIONAL_JUMP,DEFAULT,1
CODE:1567,CODE:1574,CONDITIONAL_JUMP,DEFAULT,1
CODE:156d,EXTMEM:8adc,READ,ANALYSIS,1
CODE:1570,EXTMEM:8adc,WRITE,ANALYSIS,1
CODE:1572,EXTMEM:8add,READ,ANALYSIS,1
CODE:1573,EXTMEM:8add,WRITE,ANALYSIS,1
CODE:157a,CODE:1585,CONDITIONAL_JUMP,DEFAULT,1
CODE:157f,EXTMEM:804f,READ,ANALYSIS,1
CODE:1582,EXTMEM:804f,WRITE,ANALYSIS,1
CODE:1583,CODE:1594,UNCONDITIONAL_CALL,DEFAULT,1
CODE:158b,CODE:1594,CONDITIONAL_JUMP,DEFAULT,1
CODE:1590,EXTMEM:804f,READ,ANALYSIS,1
CODE:1593,EXTMEM:804f,WRITE,ANALYSIS,1
CODE:1597,EXTMEM:804f,READ,ANALYSIS,1
CODE:159b,EXTMEM:7d01,WRITE,ANALYSIS,1
CODE:15a7,CODE:15f9,CONDITIONAL_JUMP,DEFAULT,1
CODE:15ac,EXTMEM:8adc,READ,ANALYSIS,1
CODE:15af,EXTMEM:8add,READ,ANALYSIS,1
CODE:15b2,EXTMEM:8ade,READ,ANALYSIS,1
CODE:15b5,EXTMEM:8adf,READ,ANALYSIS,1
CODE:15bd,CODE:15c8,CONDITIONAL_JUMP,DEFAULT,1
CODE:15c2,EXTMEM:804f,READ,ANALYSIS,1
CODE:15c5,EXTMEM:804f,WRITE,ANALYSIS,1
CODE:15c6,CODE:15cf,UNCONDITIONAL_CALL,DEFAULT,1
CODE:15cb,EXTMEM:804f,READ,ANALYSIS,1
CODE:15ce,EXTMEM:804f,WRITE,ANALYSIS,1
CODE:15d2,EXTMEM:804f,READ,ANALYSIS,1
CODE:15d6,EXTMEM:7d01,WRITE,ANALYSIS,1
CODE:15dc,EXTMEM:804f,WRITE,ANALYSIS,1
CODE:15e0,EXTMEM:7d01,WRITE,ANALYSIS,1
CODE:15e6,EXTMEM:804f,WRITE,ANALYSIS,1
CODE:15ea,EXTMEM:7d01,WRITE,ANALYSIS,1
CODE:15f1,EXTMEM:8ade,WRITE,ANALYSIS,1
CODE:15f5,EXTMEM:8adf,WRITE,ANALYSIS,1
CODE:15f7,CODE:159e,UNCONDITIONAL_CALL,DEFAULT,1
CODE:15fa,CODE:1613,CONDITIONAL_JUMP,DEFAULT,1
CODE:1600,EXTMEM:8061,READ,ANALYSIS,1
CODE:1603,EXTMEM:8061,WRITE,ANALYSIS,1
CODE:1607,EXTMEM:7702,WRITE,ANALYSIS,1
CODE:160d,EXTMEM:8061,WRITE,ANALYSIS,1
CODE:1611,EXTMEM:7702,WRITE,ANALYSIS,1
CODE:1616,EXTMEM:804f,READ,ANALYSIS,1
CODE:1619,EXTMEM:804f,WRITE,ANALYSIS,1
CODE:161d,EXTMEM:7d01,WRITE,ANALYSIS,1
CODE:1623,EXTMEM:804f,WRITE,ANALYSIS,1
CODE:1627,EXTMEM:7d01,WRITE,ANALYSIS,1
CODE:1bf3,EXTMEM:8035,READ,ANALYSIS,1
CODE:1bf6,EXTMEM:8035,WRITE,ANALYSIS,1
CODE:1bfa,EXTMEM:7b00,WRITE,ANALYSIS,1
CODE:1bff,EXTMEM:804d,WRITE,ANALYSIS,1
CODE:1c03,EXTMEM:7b01,WRITE,ANALYSIS,1
CODE:1c07,EXTMEM:8050,WRITE,ANALYSIS,1
CODE:1c0b,EXTMEM:7b02,WRITE,ANALYSIS,1
CODE:1c0f,EXTMEM:804c,READ,ANALYSIS,1
CODE:1c12,EXTMEM:804c,WRITE,ANALYSIS,1
CODE:1c15,EXTMEM:804c,WRITE,ANALYSIS,1
CODE:1c19,EXTMEM:7d00,WRITE,ANALYSIS,1
CODE:1c1d,EXTMEM:804f,READ,ANALYSIS,1
CODE:1c20,EXTMEM:804f,WRITE,ANALYSIS,1
CODE:1c23,EXTMEM:804f,WRITE,ANALYSIS,1
CODE:1c27,EXTMEM:7d01,WRITE,ANALYSIS,1
CODE:1c2b,EXTMEM:8054,READ,ANALYSIS,1
CODE:1c2e,EXTMEM:8054,WRITE,ANALYSIS,1
CODE:1c32,EXTMEM:7d02,WRITE,ANALYSIS,1
CODE:1c36,EXTMEM:805c,READ,ANALYSIS,1
CODE:1c39,EXTMEM:805c,WRITE,ANALYSIS,1
CODE:1c3c,EXTMEM:805c,WRITE,ANALYSIS,1
CODE:1c40,EXTMEM:7e02,WRITE,ANALYSIS,1
CODE:1c44,EXTMEM:8061,READ,ANALYSIS,1
CODE:1c47,EXTMEM:8061,WRITE,ANALYSIS,1
CODE:1c4b,EXTMEM:7702,WRITE,ANALYSIS,1
CODE:1c4f,EXTMEM:8067,READ,ANALYSIS,1
CODE:1c52,EXTMEM:8067,WRITE,ANALYSIS,1
CODE:1c56,EXTMEM:6f02,WRITE,ANALYSIS,1
CODE:1c57,CODE:3939,UNCONDITIONAL_CALL,DEFAULT,1
CODE:1c60,CODE:151d,UNCONDITIONAL_CALL,DEFAULT,1
CODE:1c66,CODE:4456,UNCONDITIONAL_CALL,DEFAULT,1
CODE:1c7b,EXTMEM:81bc,READ,ANALYSIS,1
CODE:1c7e,EXTMEM:81bd,READ,ANALYSIS,1
CODE:1c81,EXTMEM:81be,READ,ANALYSIS,1
CODE:1c84,EXTMEM:81bf,READ,ANALYSIS,1
CODE:1c87,CODE:43e8,UNCONDITIONAL_CALL,DEFAULT,1
CODE:1c8a,CODE:1c91,CONDITIONAL_JUMP,DEFAULT,1
CODE:1c8c,CODE:1f64,UNCONDITIONAL_CALL,DEFAULT,1
CODE:1c91,BITS:22,WRITE,DEFAULT,1
CODE:1f67,EXTMEM:8035,READ,ANALYSIS,1
CODE:1f6a,EXTMEM:8035,WRITE,ANALYSIS,1
CODE:1f6e,EXTMEM:7b00,WRITE,ANALYSIS,1
CODE:1f74,EXTMEM:8035,WRITE,ANALYSIS,1
CODE:1f78,EXTMEM:7b00,WRITE,ANALYSIS,1
CODE:1f9b,EXTMEM:8ae2,WRITE,ANALYSIS,1
CODE:1f9e,EXTMEM:8ae3,WRITE,ANALYSIS,1
CODE:1fa2,CODE:4456,UNCONDITIONAL_CALL,DEFAULT,1
CODE:1fac,EXTMEM:8ae2,READ,ANALYSIS,1
CODE:1faf,EXTMEM:8ae3,READ,ANALYSIS,1
CODE:1fba,EXTMEM:81bc,READ,ANALYSIS,1
CODE:1fbd,EXTMEM:81bd,READ,ANALYSIS,1
CODE:1fc0,EXTMEM:81be,READ,ANALYSIS,1
CODE:1fc3,EXTMEM:81bf,READ,ANALYSIS,1
CODE:1fc6,CODE:43e8,UNCONDITIONAL_CALL,DEFAULT,1
CODE:1fc9,CODE:1fd0,CONDITIONAL_JUMP,DEFAULT,1
CODE:1fcb,CODE:1f64,UNCONDITIONAL_CALL,DEFAULT,1
CODE:24ea,BITS:19,READ,DEFAULT,1
CODE:24ea,CODE:24f0,CONDITIONAL_JUMP,DEFAULT,1
CODE:24ed,CODE:25db,UNCONDITIONAL_CALL,DEFAULT,1
CODE:24f0,SFR:8c,WRITE,DEFAULT,1
CODE:24f3,SFR:8a,WRITE,DEFAULT,1
CODE:24f9,EXTMEM:81bc,READ,ANALYSIS,1
CODE:24fc,EXTMEM:81bd,READ,ANALYSIS,1
CODE:24ff,EXTMEM:81be,READ,ANALYSIS,1
CODE:2502,EXTMEM:81bf,READ,ANALYSIS,1
CODE:2518,CODE:444a,UNCONDITIONAL_CALL,DEFAULT,1
CODE:251e,EXTMEM:81c0,READ,ANALYSIS,1
CODE:2521,EXTMEM:81c1,READ,ANALYSIS,1
CODE:2524,EXTMEM:81c2,READ,ANALYSIS,1
CODE:2527,EXTMEM:81c3,READ,ANALYSIS,1
CODE:2539,CODE:444a,UNCONDITIONAL_CALL,DEFAULT,1
CODE:253f,EXTMEM:806b,READ,ANALYSIS,1
CODE:2541,EXTMEM:806b,WRITE,ANALYSIS,1
CODE:2542,CODE:254a,CONDITIONAL_JUMP,DEFAULT,1
CODE:2547,EXTMEM:806a,READ,ANALYSIS,1
CODE:2549,EXTMEM:806a,WRITE,ANALYSIS,1
CODE:2555,EXTMEM:81bc,READ,ANALYSIS,1
CODE:2558,EXTMEM:81bd,READ,ANALYSIS,1
CODE:255b,EXTMEM:81be,READ,ANALYSIS,1
CODE:255e,EXTMEM:81bf,READ,ANALYSIS,1
CODE:2561,CODE:43e8,UNCONDITIONAL_CALL,DEFAULT,1
CODE:2564,CODE:2570,CONDITIONAL_JUMP,DEFAULT,1
CODE:2569,CODE:4456,UNCONDITIONAL_CALL,DEFAULT,1
CODE:257b,EXTMEM:81c0,READ,ANALYSIS,1
CODE:257e,EXTMEM:81c1,READ,ANALYSIS,1
CODE:2581,EXTMEM:81c2,READ,ANALYSIS,1
CODE:2584,EXTMEM:81c3,READ,ANALYSIS,1
CODE:2587,CODE:43e8,UNCONDITIONAL_CALL,DEFAULT,1
CODE:258a,CODE:2596,CONDITIONAL_JUMP,DEFAULT,1
CODE:258f,CODE:4456,UNCONDITIONAL_CALL,DEFAULT,1
CODE:2599,EXTMEM:806a,READ,ANALYSIS,1
CODE:259c,EXTMEM:806b,READ,ANALYSIS,1
CODE:25a8,CODE:43e8,UNCONDITIONAL_CALL,DEFAULT,1
CODE:25ab,CODE:260e,CONDITIONAL_JUMP,DEFAULT,1
CODE:25b0,EXTMEM:806a,WRITE,ANALYSIS,1
CODE:25b2,EXTMEM:806b,WRITE,ANALYSIS,1
CODE:25b3,BITS:30,READ,DEFAULT,1
CODE:25b3,CODE:25c2,CONDITIONAL_JUMP,DEFAULT,1
CODE:25b9,EXTMEM:8108,READ,ANALYSIS,1
CODE:25ba,CODE:25c0,CONDITIONAL_JUMP,DEFAULT,1
CODE:25bd,EXTMEM:8109,READ,ANALYSIS,1
CODE:25c0,CODE:25cb,CONDITIONAL_JUMP,DEFAULT,1
CODE:25c6,EXTMEM:80f7,WRITE,ANALYSIS,1
CODE:25c8,EXTMEM:80f8,WRITE,ANALYSIS,1
CODE:25c9,CODE:260e,UNCONDITIONAL_CALL,DEFAULT,1
CODE:25ce,EXTMEM:80f8,READ,ANALYSIS,1
CODE:25d0,EXTMEM:80f8,WRITE,ANALYSIS,1
CODE:25d1,CODE:25d9,CONDITIONAL_JUMP,DEFAULT,1
CODE:25d6,EXTMEM:80f7,READ,ANALYSIS,1
CODE:25d8,EXTMEM:80f7,WRITE,ANALYSIS,1
CODE:25d9,CODE:260e,UNCONDITIONAL_JUMP,DEFAULT,1
CODE:25de,EXTMEM:8108,READ,ANALYSIS,1
CODE:25df,CODE:25e5,CONDITIONAL_JUMP,DEFAULT,1
CODE:25e2,EXTMEM:8109,READ,ANALYSIS,1
CODE:25e5,CODE:260e,CONDITIONAL_JUMP,DEFAULT,1
CODE:25e7,BITS:19,READ,DEFAULT,1
CODE:25e7,CODE:260e,CONDITIONAL_JUMP,DEFAULT,1
CODE:25ed,EXTMEM:81bb,READ,ANALYSIS,1
CODE:25ef,EXTMEM:81bb,WRITE,ANALYSIS,1
CODE:25f0,CODE:25f8,CONDITIONAL_JUMP,DEFAULT,1
CODE:25f5,EXTMEM:81ba,READ,ANALYSIS,1
CODE:25f7,EXTMEM:81ba,WRITE,ANALYSIS,1
CODE:25fb,EXTMEM:81ba,READ,ANALYSIS,1
CODE:25fc,CODE:260e,CONDITIONAL_JUMP,DEFAULT,1
CODE:2600,EXTMEM:81bb,READ,ANALYSIS,1
CODE:2601,CODE:260e,CONDITIONAL_JUMP,DEFAULT,1
CODE:2607,CODE:4456,UNCONDITIONAL_CALL,DEFAULT,1
CODE:262a,EXTMEM:8108,READ,ANALYSIS,1
CODE:262d,EXTMEM:8109,READ,ANALYSIS,1
CODE:2630,CODE:2635,CONDITIONAL_JUMP,DEFAULT,1
CODE:2632,CODE:26d5,UNCONDITIONAL_CALL,DEFAULT,1
CODE:2638,CODE:2695,CONDITIONAL_JUMP,DEFAULT,1
CODE:263b,CODE:2695,CONDITIONAL_JUMP,DEFAULT,1
CODE:263e,CODE:2643,CONDITIONAL_JUMP,DEFAULT,1
CODE:2640,CODE:26d1,UNCONDITIONAL_CALL,DEFAULT,1
CODE:2645,CODE:2695,CONDITIONAL_JUMP,DEFAULT,1
CODE:2648,CODE:2695,CONDITIONAL_JUMP,DEFAULT,1
CODE:264c,CODE:2651,CONDITIONAL_JUMP,DEFAULT,1
CODE:264e,CODE:26d5,UNCONDITIONAL_CALL,DEFAULT,1
CODE:2651,BITS:aa,WRITE,DEFAULT,1
CODE:265c,CODE:2665,CONDITIONAL_JUMP,DEFAULT,1
CODE:265f,CODE:2663,CONDITIONAL_JUMP,DEFAULT,1
CODE:2663,CODE:2653,UNCONDITIONAL_JUMP,DEFAULT,1
CODE:2668,EXTMEM:805f,READ,ANALYSIS,1
CODE:266b,EXTMEM:805f,WRITE,ANALYSIS,1
CODE:266f,EXTMEM:5f00,WRITE,ANALYSIS,1
CODE:2673,EXTMEM:8069,READ,ANALYSIS,1
CODE:2676,EXTMEM:8069,WRITE,ANALYSIS,1
CODE:267a,EXTMEM:3f80,WRITE,ANALYSIS,1
CODE:267e,EXTMEM:8054,READ,ANALYSIS,1
CODE:2681,EXTMEM:8054,WRITE,ANALYSIS,1
CODE:2685,EXTMEM:7d02,WRITE,ANALYSIS,1
CODE:2689,EXTMEM:804f,READ,ANALYSIS,1
CODE:268c,EXTMEM:804f,WRITE,ANALYSIS,1
CODE:2690,EXTMEM:7d01,WRITE,ANALYSIS,1
CODE:2691,BITS:0d,WRITE,DEFAULT,1
CODE:2693,CODE:26d5,UNCONDITIONAL_CALL,DEFAULT,1
CODE:2695,BITS:aa,WRITE,DEFAULT,1
CODE:26a0,CODE:26a9,CONDITIONAL_JUMP,DEFAULT,1
CODE:26a3,CODE:26a7,CONDITIONAL_JUMP,DEFAULT,1
CODE:26a7,CODE:2697,UNCONDITIONAL_JUMP,DEFAULT,1
CODE:26ac,EXTMEM:805f,READ,ANALYSIS,1
CODE:26af,EXTMEM:805f,WRITE,ANALYSIS,1
CODE:26b3,EXTMEM:5f00,WRITE,ANALYSIS,1
CODE:26b7,EXTMEM:8069,READ,ANALYSIS,1
CODE:26ba,EXTMEM:8069,WRITE,ANALYSIS,1
CODE:26be,EXTMEM:3f80,WRITE,ANALYSIS,1
CODE:26c2,EXTMEM:804d,READ,ANALYSIS,1
CODE:26c5,EXTMEM:804d,WRITE,ANALYSIS,1
CODE:26c8,EXTMEM:804d,WRITE,ANALYSIS,1
CODE:26cc,EXTMEM:7b01,WRITE,ANALYSIS,1
CODE:26cd,BITS:0d,WRITE,DEFAULT,1
CODE:26cf,CODE:26d5,UNCONDITIONAL_CALL,DEFAULT,1
CODE:26d1,BITS:8c,WRITE,DEFAULT,1
CODE:26d3,BITS:0d,WRITE,DEFAULT,1
CODE:26eb,BITS:99,READ,DEFAULT,1
CODE:26eb,CODE:26f1,CONDITIONAL_JUMP,DEFAULT,1
CODE:26ee,CODE:27fa,UNCONDITIONAL_CALL,DEFAULT,1
CODE:26f1,BITS:35,READ,DEFAULT,1
CODE:26f1,CODE:26fc,CONDITIONAL_JUMP,DEFAULT,1
CODE:26f4,SFR:99,WRITE,DEFAULT,1
CODE:26f7,BITS:35,WRITE,DEFAULT,1
CODE:26f9,CODE:27f5,UNCONDITIONAL_CALL,DEFAULT,1
CODE:26fc,BITS:36,READ,DEFAULT,1
CODE:26fc,CODE:2707,CONDITIONAL_JUMP,DEFAULT,1
CODE:26ff,SFR:99,WRITE,DEFAULT,1
CODE:2702,BITS:36,WRITE,DEFAULT,1
CODE:2704,CODE:27f5,UNCONDITIONAL_CALL,DEFAULT,1
CODE:2707,BITS:34,READ,DEFAULT,1
CODE:2707,CODE:270d,CONDITIONAL_JUMP,DEFAULT,1
CODE:270a,CODE:27e0,UNCONDITIONAL_CALL,DEFAULT,1
CODE:270d,BITS:38,READ,DEFAULT,1
CODE:270d,CODE:2713,CONDITIONAL_JUMP,DEFAULT,1
CODE:2710,CODE:27e0,UNCONDITIONAL_CALL,DEFAULT,1
CODE:271a,CODE:420f,UNCONDITIONAL_CALL,DEFAULT,1
CODE:2720,EXTMEM:817c,READ,ANALYSIS,1
CODE:2721,CODE:2725,CONDITIONAL_JUMP,DEFAULT,1
CODE:2724,EXTMEM:817d,READ,ANALYSIS,1
CODE:2725,CODE:2735,CONDITIONAL_JUMP,DEFAULT,1
CODE:272a,EXTMEM:817d,READ,ANALYSIS,1
CODE:272d,EXTMEM:817d,WRITE,ANALYSIS,1
CODE:2731,EXTMEM:817c,READ,ANALYSIS,1
CODE:2734,EXTMEM:817c,WRITE,ANALYSIS,1
CODE:2738,EXTMEM:8149,READ,ANALYSIS,1
CODE:273b,EXTMEM:814a,READ,ANALYSIS,1
CODE:273e,EXTMEM:814b,READ,ANALYSIS,1
CODE:2740,CODE:40f6,UNCONDITIONAL_CALL,DEFAULT,1
CODE:2744,CODE:2772,CONDITIONAL_JUMP,DEFAULT,1
CODE:2746,BITS:32,READ,DEFAULT,1
CODE:2746,CODE:2772,CONDITIONAL_JUMP,DEFAULT,1
CODE:274c,CODE:410f,UNCONDITIONAL_CALL,DEFAULT,1
CODE:2752,CODE:2772,CONDITIONAL_JUMP,DEFAULT,1
CODE:2757,CODE:2772,CONDITIONAL_JUMP,DEFAULT,1
CODE:275b,CODE:413c,UNCONDITIONAL_CALL,DEFAULT,1
CODE:2761,EXTMEM:8149,READ,ANALYSIS,1
CODE:2764,EXTMEM:814a,READ,ANALYSIS,1
CODE:2767,EXTMEM:814b,READ,ANALYSIS,1
CODE:276d,CODE:414e,UNCONDITIONAL_CALL,DEFAULT,1
CODE:2770,CODE:27a5,UNCONDITIONAL_CALL,DEFAULT,1
CODE:2773,CODE:27a5,CONDITIONAL_JUMP,DEFAULT,1
CODE:2775,BITS:32,READ,DEFAULT,1
CODE:2775,CODE:27a5,CONDITIONAL_JUMP,DEFAULT,1
CODE:277b,EXTMEM:8149,READ,ANALYSIS,1
CODE:277e,EXTMEM:814a,READ,ANALYSIS,1
CODE:2781,EXTMEM:814b,READ,ANALYSIS,1
CODE:2786,CODE:410f,UNCONDITIONAL_CALL,DEFAULT,1
CODE:2789,CODE:27a5,CONDITIONAL_JUMP,DEFAULT,1
CODE:278e,CODE:413c,UNCONDITIONAL_CALL,DEFAULT,1
CODE:2794,EXTMEM:8149,READ,ANALYSIS,1
CODE:2797,EXTMEM:814a,READ,ANALYSIS,1
CODE:279a,EXTMEM:814b,READ,ANALYSIS,1
CODE:27a0,CODE:414e,UNCONDITIONAL_CALL,DEFAULT,1
CODE:27a3,BITS:38,WRITE,DEFAULT,1
CODE:27a8,EXTMEM:8149,READ,ANALYSIS,1
CODE:27ab,EXTMEM:814a,READ,ANALYSIS,1
CODE:27ae,EXTMEM:814b,READ,ANALYSIS,1
CODE:27b0,CODE:40f6,UNCONDITIONAL_CALL,DEFAULT,1
CODE:27b4,CODE:27bd,CONDITIONAL_JUMP,DEFAULT,1
CODE:27b6,BITS:32,READ,DEFAULT,1
CODE:27b6,CODE:27bd,CONDITIONAL_JUMP,DEFAULT,1
CODE:27b9,SFR:99,WRITE,DEFAULT,1
CODE:27bb,CODE:27f5,UNCONDITIONAL_CALL,DEFAULT,1
CODE:27bd,BITS:32,READ,DEFAULT,1
CODE:27bd,CODE:27ce,CONDITIONAL_JUMP,DEFAULT,1
CODE:27c3,EXTMEM:817c,READ,ANALYSIS,1
CODE:27c4,CODE:27c8,CONDITIONAL_JUMP,DEFAULT,1
CODE:27c7,EXTMEM:817d,READ,ANALYSIS,1
CODE:27c8,CODE:27ce,CONDITIONAL_JUMP,DEFAULT,1
CODE:27ca,SFR:99,WRITE,DEFAULT,1
CODE:27cc,CODE:27f5,UNCONDITIONAL_CALL,DEFAULT,1
CODE:27ce,BITS:31,WRITE,DEFAULT,1
CODE:27d5,EXTMEM:8149,WRITE,ANALYSIS,1
CODE:27d9,EXTMEM:814a,WRITE,ANALYSIS,1
CODE:27dd,EXTMEM:814b,WRITE,ANALYSIS,1
CODE:27de,CODE:27f5,UNCONDITIONAL_CALL,DEFAULT,1
CODE:27e0,BITS:34,READ,DEFAULT,1
CODE:27e0,CODE:27f5,CONDITIONAL_JUMP,DEFAULT,1
CODE:27e3,BITS:38,WRITE,DEFAULT,1
CODE:27ea,EXTMEM:8149,WRITE,ANALYSIS,1
CODE:27ee,EXTMEM:814a,WRITE,ANALYSIS,1
CODE:27f2,EXTMEM:814b,WRITE,ANALYSIS,1
CODE:27f3,BITS:31,WRITE,DEFAULT,1
CODE:27f5,BITS:99,WRITE,DEFAULT,1
CODE:27f7,CODE:29ff,UNCONDITIONAL_CALL,DEFAULT,1
CODE:27fa,BITS:98,READ,DEFAULT,1
CODE:27fa,CODE:2800,CONDITIONAL_JUMP,DEFAULT,1
CODE:27fd,CODE:29ff,UNCONDITIONAL_CALL,DEFAULT,1
CODE:2802,SFR:99,READ,DEFAULT,1
CODE:2802,INTMEM:1d,WRITE,ANALYSIS,1
CODE:2804,INTMEM:1d,READ,ANALYSIS,1
CODE:2808,CODE:282a,CONDITIONAL_JUMP,DEFAULT,1
CODE:280d,CODE:282a,CONDITIONAL_JUMP,DEFAULT,1
CODE:2812,CODE:282a,CONDITIONAL_JUMP,DEFAULT,1
CODE:2817,CODE:282a,CONDITIONAL_JUMP,DEFAULT,1
CODE:281c,CODE:282a,CONDITIONAL_JUMP,DEFAULT,1
CODE:2821,CODE:282a,CONDITIONAL_JUMP,DEFAULT,1
CODE:2823,CODE:50ce,UNCONDITIONAL_CALL,DEFAULT,1
CODE:2828,INTMEM:17,READ,DEFAULT,1
CODE:2828,INTMEM:1d,WRITE,ANALYSIS,1
CODE:282c,INTMEM:1d,READ,ANALYSIS,1
CODE:2830,CODE:2836,CONDITIONAL_JUMP,DEFAULT,1
CODE:2832,BITS:30,WRITE,DEFAULT,1
CODE:2834,BITS:2f,WRITE,DEFAULT,1
CODE:283a,EXTMEM:8000,WRITE,ANALYSIS,1
CODE:283c,EXTMEM:8001,WRITE,ANALYSIS,1
CODE:2840,CODE:2844,CONDITIONAL_JUMP,DEFAULT,1
CODE:2842,BITS:28,WRITE,DEFAULT,1
CODE:2847,CODE:285d,CONDITIONAL_JUMP,DEFAULT,1
CODE:284c,CODE:285d,CONDITIONAL_JUMP,DEFAULT,1
CODE:2851,CODE:285d,CONDITIONAL_JUMP,DEFAULT,1
CODE:2856,CODE:285d,CONDITIONAL_JUMP,DEFAULT,1
CODE:285b,CODE:28d0,CONDITIONAL_JUMP,DEFAULT,1
CODE:285d,BITS:2d,WRITE,DEFAULT,1
CODE:2860,CODE:2872,CONDITIONAL_JUMP,DEFAULT,1
CODE:2868,EXTMEM:8000,WRITE,ANALYSIS,1
CODE:286a,EXTMEM:8001,WRITE,ANALYSIS,1
CODE:286b,BITS:28,WRITE,DEFAULT,1
CODE:286d,BITS:2d,WRITE,DEFAULT,1
CODE:286f,CODE:2905,UNCONDITIONAL_CALL,DEFAULT,1
CODE:2874,INTMEM:1d,READ,ANALYSIS,1
CODE:2876,CODE:2887,CONDITIONAL_JUMP,DEFAULT,1
CODE:287d,EXTMEM:8000,WRITE,ANALYSIS,1
CODE:287f,EXTMEM:8001,WRITE,ANALYSIS,1
CODE:2880,BITS:28,WRITE,DEFAULT,1
CODE:2882,BITS:2d,WRITE,DEFAULT,1
CODE:2884,CODE:2905,UNCONDITIONAL_CALL,DEFAULT,1
CODE:288a,CODE:2895,CONDITIONAL_JUMP,DEFAULT,1
CODE:288f,CODE:2895,CONDITIONAL_JUMP,DEFAULT,1
CODE:2892,CODE:289e,CONDITIONAL_JUMP,DEFAULT,1
CODE:2895,BITS:29,READ,DEFAULT,1
CODE:2895,CODE:289e,CONDITIONAL_JUMP,DEFAULT,1
CODE:2898,BITS:28,WRITE,DEFAULT,1
CODE:289a,BITS:2d,WRITE,DEFAULT,1
CODE:289c,CODE:2905,UNCONDITIONAL_CALL,DEFAULT,1
CODE:28a1,CODE:28ad,CONDITIONAL_JUMP,DEFAULT,1
CODE:28a6,CODE:28ad,CONDITIONAL_JUMP,DEFAULT,1
CODE:28ab,CODE:2905,CONDITIONAL_JUMP,DEFAULT,1
CODE:28ad,BITS:29,READ,DEFAULT,1
CODE:28ad,CODE:2905,CONDITIONAL_JUMP,DEFAULT,1
CODE:28b0,BITS:29,WRITE,DEFAULT,1
CODE:28b5,EXTMEM:8105,READ,ANALYSIS,1
CODE:28b8,EXTMEM:8106,READ,ANALYSIS,1
CODE:28bb,EXTMEM:8107,READ,ANALYSIS,1
CODE:28bf,CODE:413c,UNCONDITIONAL_CALL,DEFAULT,1
CODE:28c9,CODE:420f,UNCONDITIONAL_CALL,DEFAULT,1
CODE:28cc,BITS:33,WRITE,DEFAULT,1
CODE:28ce,CODE:2905,UNCONDITIONAL_CALL,DEFAULT,1
CODE:28d2,INTMEM:1d,READ,ANALYSIS,1
CODE:28d4,CODE:28db,CONDITIONAL_JUMP,DEFAULT,1
CODE:28d7,BITS:34,WRITE,DEFAULT,1
CODE:28d9,CODE:2905,UNCONDITIONAL_CALL,DEFAULT,1
CODE:28dc,CODE:28e5,CONDITIONAL_JUMP,DEFAULT,1
CODE:28df,BITS:34,WRITE,DEFAULT,1
CODE:28e1,BITS:99,WRITE,DEFAULT,1
CODE:28e3,CODE:2905,UNCONDITIONAL_CALL,DEFAULT,1
CODE:28e8,CODE:2905,CONDITIONAL_JUMP,DEFAULT,1
CODE:28ed,EXTMEM:8105,READ,ANALYSIS,1
CODE:28f0,EXTMEM:8106,READ,ANALYSIS,1
CODE:28f3,EXTMEM:8107,READ,ANALYSIS,1
CODE:28f6,CODE:413c,UNCONDITIONAL_CALL,DEFAULT,1
CODE:2900,CODE:420f,UNCONDITIONAL_CALL,DEFAULT,1
CODE:2903,BITS:29,WRITE,DEFAULT,1
CODE:2908,EXTMEM:8105,READ,ANALYSIS,1
CODE:290a,EXTMEM:8106,READ,ANALYSIS,1
CODE:290d,EXTMEM:8107,READ,ANALYSIS,1
CODE:291a,CODE:292a,CONDITIONAL_JUMP,DEFAULT,1
CODE:2921,EXTMEM:8105,WRITE,ANALYSIS,1
CODE:2925,EXTMEM:8106,WRITE,ANALYSIS,1
CODE:2929,EXTMEM:8107,WRITE,ANALYSIS,1
CODE:292d,EXTMEM:810a,READ,ANALYSIS,1
CODE:2930,EXTMEM:810b,READ,ANALYSIS,1
CODE:2933,EXTMEM:810c,READ,ANALYSIS,1
CODE:2935,INTMEM:13,READ,DEFAULT,1
CODE:2937,INTMEM:12,READ,DEFAULT,1
CODE:2939,INTMEM:11,READ,DEFAULT,1
CODE:293e,EXTMEM:8105,READ,ANALYSIS,1
CODE:2940,EXTMEM:8106,READ,ANALYSIS,1
CODE:2943,EXTMEM:8107,READ,ANALYSIS,1
CODE:2952,CODE:299d,CONDITIONAL_JUMP,DEFAULT,1
CODE:2957,EXTMEM:810a,READ,ANALYSIS,1
CODE:2959,EXTMEM:810b,READ,ANALYSIS,1
CODE:295c,EXTMEM:810c,READ,ANALYSIS,1
CODE:2968,EXTMEM:8105,READ,ANALYSIS,1
CODE:296a,EXTMEM:8106,READ,ANALYSIS,1
CODE:296d,EXTMEM:8107,READ,ANALYSIS,1
CODE:296e,INTMEM:12,READ,DEFAULT,1
CODE:2988,CODE:2992,CONDITIONAL_JUMP,DEFAULT,1
CODE:298a,BITS:35,WRITE,DEFAULT,1
CODE:298c,BITS:37,WRITE,DEFAULT,1
CODE:298e,BITS:99,WRITE,DEFAULT,1
CODE:2990,CODE:29fd,UNCONDITIONAL_CALL,DEFAULT,1
CODE:2992,BITS:37,READ,DEFAULT,1
CODE:2992,CODE:29fd,CONDITIONAL_JUMP,DEFAULT,1
CODE:2995,BITS:36,WRITE,DEFAULT,1
CODE:2997,BITS:37,WRITE,DEFAULT,1
CODE:2999,BITS:99,WRITE,DEFAULT,1
CODE:299b,CODE:29fd,UNCONDITIONAL_CALL,DEFAULT,1
CODE:29a0,EXTMEM:810a,READ,ANALYSIS,1
CODE:29a3,EXTMEM:810b,READ,ANALYSIS,1
CODE:29a6,EXTMEM:810c,READ,ANALYSIS,1
CODE:29a8,INTMEM:13,READ,DEFAULT,1
CODE:29aa,INTMEM:12,READ,DEFAULT,1
CODE:29ac,INTMEM:11,READ,DEFAULT,1
CODE:29b1,EXTMEM:8105,READ,ANALYSIS,1
CODE:29b3,EXTMEM:8106,READ,ANALYSIS,1
CODE:29b6,EXTMEM:8107,READ,ANALYSIS,1
CODE:29c5,CODE:29fd,CONDITIONAL_JUMP,DEFAULT,1
CODE:29ca,EXTMEM:8105,READ,ANALYSIS,1
CODE:29cc,EXTMEM:8106,READ,ANALYSIS,1
CODE:29ce,EXTMEM:8107,READ,ANALYSIS,1
CODE:29cf,INTMEM:12,READ,DEFAULT,1
CODE:29d5,EXTMEM:810a,READ,ANALYSIS,1
CODE:29d7,EXTMEM:810b,READ,ANALYSIS,1
CODE:29da,EXTMEM:810c,READ,ANALYSIS,1
CODE:29ea,CODE:29f4,CONDITIONAL_JUMP,DEFAULT,1
CODE:29ec,BITS:35,WRITE,DEFAULT,1
CODE:29ee,BITS:37,WRITE,DEFAULT,1
CODE:29f0,BITS:99,WRITE,DEFAULT,1
CODE:29f2,CODE:29fd,UNCONDITIONAL_CALL,DEFAULT,1
CODE:29f4,BITS:37,READ,DEFAULT,1
CODE:29f4,CODE:29fd,CONDITIONAL_JUMP,DEFAULT,1
CODE:29f7,BITS:36,WRITE,DEFAULT,1
CODE:29f9,BITS:37,WRITE,DEFAULT,1
CODE:29fb,BITS:99,WRITE,DEFAULT,1
CODE:29fd,BITS:98,WRITE,DEFAULT,1
CODE:2a0e,EXTMEM:805f,WRITE,ANALYSIS,1
CODE:2a12,EXTMEM:5f00,WRITE,ANALYSIS,1
CODE:2a18,EXTMEM:8069,WRITE,ANALYSIS,1
CODE:2a1c,EXTMEM:3f80,WRITE,ANALYSIS,1
CODE:2a23,CODE:2a9f,CONDITIONAL_JUMP,DEFAULT,1
CODE:2a28,EXTMEM:805c,READ,ANALYSIS,1
CODE:2a2c,EXTMEM:805c,WRITE,ANALYSIS,1
CODE:2a30,EXTMEM:805c,WRITE,ANALYSIS,1
CODE:2a34,EXTMEM:7e02,WRITE,ANALYSIS,1
CODE:2a38,CODE:4456,UNCONDITIONAL_CALL,DEFAULT,1
CODE:2aa3,EXTMEM:8ade,WRITE,ANALYSIS,1
CODE:2aa5,EXTMEM:8adf,WRITE,ANALYSIS,1
CODE:2aa9,EXTMEM:8ade,READ,ANALYSIS,1
CODE:2aac,EXTMEM:8adf,READ,ANALYSIS,1
CODE:2c32,EXTMEM:81bc,READ,ANALYSIS,1
CODE:2c35,EXTMEM:81bd,READ,ANALYSIS,1
CODE:2c38,EXTMEM:81be,READ,ANALYSIS,1
CODE:2c3b,EXTMEM:81bf,READ,ANALYSIS,1
CODE:2c3e,CODE:43e8,UNCONDITIONAL_CALL,DEFAULT,1
CODE:2c41,CODE:2c27,CONDITIONAL_JUMP,DEFAULT,1
CODE:2c45,CODE:2a0a,UNCONDITIONAL_CALL,DEFAULT,1
CODE:2c4c,EXTMEM:8a47,WRITE,ANALYSIS,1
CODE:2c4f,EXTMEM:8a48,WRITE,ANALYSIS,1
CODE:2c53,EXTMEM:8a44,READ,ANALYSIS,1
CODE:2c5a,EXTMEM:8a43,READ,ANALYSIS,1
CODE:2c69,CODE:2cb7,CONDITIONAL_JUMP,DEFAULT,1
CODE:2c6e,CODE:4456,UNCONDITIONAL_CALL,DEFAULT,1
CODE:2cba,EXTMEM:8054,READ,ANALYSIS,1
CODE:2cbd,EXTMEM:8054,WRITE,ANALYSIS,1
CODE:2cc1,EXTMEM:7d02,WRITE,ANALYSIS,1
CODE:2cc4,CODE:2a0a,UNCONDITIONAL_CALL,DEFAULT,1
CODE:2cd0,CODE:2ce2,CONDITIONAL_JUMP,DEFAULT,1
CODE:2cd4,CODE:2a0a,UNCONDITIONAL_CALL,DEFAULT,1
CODE:2ce0,CODE:2ce7,CONDITIONAL_JUMP,DEFAULT,1
CODE:2ce6,EXTMEM:8a42,WRITE,ANALYSIS,1
CODE:2cea,EXTMEM:8a42,READ,ANALYSIS,1
CODE:37fd,CODE:37fc,CONDITIONAL_JUMP,DEFAULT,1
CODE:37ff,SFR:81,WRITE,DEFAULT,1
CODE:3802,CODE:3840,UNCONDITIONAL_CALL,DEFAULT,1
CODE:3805,CODE:002b,UNCONDITIONAL_JUMP,DEFAULT,1
CODE:380f,CODE:3814,CONDITIONAL_JUMP,DEFAULT,1
CODE:3812,CODE:3815,UNCONDITIONAL_CALL,DEFAULT,1
CODE:3816,CODE:380c,CONDITIONAL_JUMP,DEFAULT,1
CODE:3818,CODE:3843,UNCONDITIONAL_CALL,DEFAULT,1
CODE:382c,CODE:3832,CONDITIONAL_JUMP,DEFAULT,1
CODE:3830,CODE:3833,UNCONDITIONAL_CALL,DEFAULT,1
CODE:3834,CODE:381a,CONDITIONAL_JUMP,DEFAULT,1
CODE:3836,CODE:3843,UNCONDITIONAL_CALL,DEFAULT,1
CODE:3847,CODE:3805,CONDITIONAL_JUMP,DEFAULT,1
CODE:384d,BITS:e5,DATA,DEFAULT,1
CODE:384d,CODE:3859,CONDITIONAL_JUMP,DEFAULT,1
CODE:3856,CODE:3859,CONDITIONAL_JUMP,DEFAULT,1
CODE:385e,CODE:3808,CONDITIONAL_JUMP,DEFAULT,1
CODE:3860,CODE:381a,CONDITIONAL_JUMP,DEFAULT,1
CODE:387f,CODE:386a,CONDITIONAL_JUMP,DEFAULT,1
CODE:3881,CODE:386a,CONDITIONAL_JUMP,DEFAULT,1
CODE:3883,CODE:3843,UNCONDITIONAL_CALL,DEFAULT,1
CODE:3885,SFR:90,READ,DEFAULT,1
CODE:3889,CODE:388e,CONDITIONAL_JUMP,DEFAULT,1
CODE:389a,CODE:3a00,UNCONDITIONAL_CALL,DEFAULT,1
CODE:389d,SFR:90,READ,DEFAULT,1
CODE:38a1,CODE:38a6,CONDITIONAL_JUMP,DEFAULT,1
CODE:38b2,CODE:3a08,UNCONDITIONAL_CALL,DEFAULT,1
CODE:38bf,CODE:389d,UNCONDITIONAL_CALL,DEFAULT,1
CODE:38c9,CODE:389d,UNCONDITIONAL_CALL,DEFAULT,1
CODE:38ce,CODE:389d,UNCONDITIONAL_CALL,DEFAULT,1
CODE:38d3,CODE:389d,UNCONDITIONAL_CALL,DEFAULT,1
CODE:38d8,CODE:389d,UNCONDITIONAL_CALL,DEFAULT,1
CODE:38f1,CODE:389d,UNCONDITIONAL_CALL,DEFAULT,1
CODE:38fb,CODE:389d,UNCONDITIONAL_CALL,DEFAULT,1
CODE:3900,CODE:389d,UNCONDITIONAL_CALL,DEFAULT,1
CODE:393c,CODE:3885,UNCONDITIONAL_CALL,DEFAULT,1
CODE:3a00,SFR:90,READ_WRITE,DEFAULT,1
CODE:3a03,SFR:90,READ_WRITE,DEFAULT,1
CODE:3a08,SFR:90,READ_WRITE,DEFAULT,1
CODE:40b0,CODE:40b3,CONDITIONAL_JUMP,DEFAULT,1
CODE:40b3,CODE:4077,CONDITIONAL_JUMP,DEFAULT,1
CODE:40ba,CODE:40bd,CONDITIONAL_JUMP,DEFAULT,1
CODE:40bd,CODE:4077,CONDITIONAL_JUMP,DEFAULT,1
CODE:40c7,CODE:4077,CONDITIONAL_JUMP,DEFAULT,1
CODE:40ca,CODE:40cd,CONDITIONAL_JUMP,DEFAULT,1
CODE:40f6,CODE:40ff,CONDITIONAL_JUMP,DEFAULT,1
CODE:40ff,CODE:4103,CONDITIONAL_JUMP,DEFAULT,1
CODE:4103,CODE:4108,CONDITIONAL_JUMP,DEFAULT,1
CODE:410f,CODE:411e,CONDITIONAL_JUMP,DEFAULT,1
CODE:411e,CODE:4126,CONDITIONAL_JUMP,DEFAULT,1
CODE:4126,CODE:412f,CONDITIONAL_JUMP,DEFAULT,1
CODE:413c,CODE:4145,CONDITIONAL_JUMP,DEFAULT,1
CODE:4145,CODE:4149,CONDITIONAL_JUMP,DEFAULT,1
CODE:4149,CODE:414d,CONDITIONAL_JUMP,DEFAULT,1
CODE:414f,CODE:415f,CONDITIONAL_JUMP,DEFAULT,1
CODE:415f,CODE:4167,CONDITIONAL_JUMP,DEFAULT,1
CODE:4167,CODE:416f,CONDITIONAL_JUMP,DEFAULT,1
CODE:421d,CODE:4221,CONDITIONAL_JUMP,DEFAULT,1
CODE:4231,CODE:4235,CONDITIONAL_JUMP,DEFAULT,1
CODE:445f,CODE:446d,UNCONDITIONAL_CALL,DEFAULT,1
CODE:4462,CODE:446d,UNCONDITIONAL_CALL,DEFAULT,1
CODE:4465,CODE:446d,UNCONDITIONAL_CALL,DEFAULT,1
CODE:4468,CODE:446d,UNCONDITIONAL_CALL,DEFAULT,1
CODE:462a,CODE:463a,CONDITIONAL_JUMP,DEFAULT,1
CODE:4636,CODE:463a,CONDITIONAL_JUMP,DEFAULT,1
CODE:4687,CODE:468a,CONDITIONAL_JUMP,DEFAULT,1
CODE:468a,CODE:4625,CONDITIONAL_JUMP,DEFAULT,1
CODE:4691,CODE:4694,CONDITIONAL_JUMP,DEFAULT,1
CODE:4694,CODE:4625,CONDITIONAL_JUMP,DEFAULT,1
CODE:4770,CODE:4773,CONDITIONAL_JUMP,DEFAULT,1
CODE:4773,CODE:4739,CONDITIONAL_JUMP,DEFAULT,1
CODE:477a,CODE:477d,CONDITIONAL_JUMP,DEFAULT,1
CODE:477d,CODE:4739,CONDITIONAL_JUMP,DEFAULT,1
CODE:50d5,CODE:50e2,CONDITIONAL_JUMP,DEFAULT,1
CODE:50db,CODE:50e2,CONDITIONAL_JUMP,DEFAULT,1
CODE:50fc,EXTMEM:8b39,WRITE,ANALYSIS,1
CODE:50ff,EXTMEM:8b3a,WRITE,ANALYSIS,1
CODE:5102,EXTMEM:8b3b,WRITE,ANALYSIS,1
CODE:5107,EXTMEM:8b3f,WRITE,ANALYSIS,1
CODE:510a,EXTMEM:8b40,WRITE,ANALYSIS,1
CODE:510d,EXTMEM:8b41,WRITE,ANALYSIS,1
CODE:5111,EXTMEM:8b39,READ,ANALYSIS,1
CODE:5118,CODE:4225,UNCONDITIONAL_CALL,DEFAULT,1
CODE:511e,CODE:40f6,UNCONDITIONAL_CALL,DEFAULT,1
CODE:5121,CODE:510e,CONDITIONAL_JUMP,DEFAULT,1
CODE:512a,CODE:420f,UNCONDITIONAL_CALL,DEFAULT,1
CODE:5130,EXTMEM:8b3c,READ,ANALYSIS,1
CODE:5137,CODE:4225,UNCONDITIONAL_CALL,DEFAULT,1
CODE:513d,CODE:40f6,UNCONDITIONAL_CALL,DEFAULT,1
CODE:5144,EXTMEM:8b39,READ,ANALYSIS,1
CODE:514b,CODE:4225,UNCONDITIONAL_CALL,DEFAULT,1
CODE:5152,CODE:413c,UNCONDITIONAL_CALL,DEFAULT,1
CODE:5155,CODE:512d,CONDITIONAL_JUMP,DEFAULT,1
CODE:515a,EXTMEM:8b3f,READ,ANALYSIS,1
CODE:515d,EXTMEM:8b40,READ,ANALYSIS,1
CODE:5160,EXTMEM:8b41,READ,ANALYSIS,1
CODE:5167,EXTMEM:8b39,WRITE,ANALYSIS,1
CODE:516a,EXTMEM:8b3a,WRITE,ANALYSIS,1
CODE:516d,EXTMEM:8b3b,WRITE,ANALYSIS,1
CODE:5172,EXTMEM:8b41,WRITE,ANALYSIS,1
CODE:5174,EXTMEM:8b42,WRITE,ANALYSIS,1
CODE:5179,EXTMEM:8b40,READ,ANALYSIS,1
CODE:517f,EXTMEM:8b3f,READ,ANALYSIS,1
CODE:5184,CODE:5189,CONDITIONAL_JUMP,DEFAULT,1
CODE:5186,CODE:521d,UNCONDITIONAL_CALL,DEFAULT,1
CODE:518c,EXTMEM:8b39,READ,ANALYSIS,1
CODE:518f,EXTMEM:8b3a,READ,ANALYSIS,1
CODE:5192,EXTMEM:8b3b,READ,ANALYSIS,1
CODE:5197,EXTMEM:8b41,READ,ANALYSIS,1
CODE:519a,EXTMEM:8b42,READ,ANALYSIS,1
CODE:519f,CODE:410f,UNCONDITIONAL_CALL,DEFAULT,1
CODE:51a2,CODE:51b4,CONDITIONAL_JUMP,DEFAULT,1
CODE:51a7,EXTMEM:8b42,READ,ANALYSIS,1
CODE:51a9,EXTMEM:8b42,WRITE,ANALYSIS,1
CODE:51aa,CODE:51b2,CONDITIONAL_JUMP,DEFAULT,1
CODE:51af,EXTMEM:8b41,READ,ANALYSIS,1
CODE:51b1,EXTMEM:8b41,WRITE,ANALYSIS,1
CODE:51b2,CODE:5189,UNCONDITIONAL_JUMP,DEFAULT,1
CODE:51b7,EXTMEM:8b3c,READ,ANALYSIS,1
CODE:51ba,EXTMEM:8b3d,READ,ANALYSIS,1
CODE:51bd,EXTMEM:8b3e,READ,ANALYSIS,1
CODE:51bf,CODE:40f6,UNCONDITIONAL_CALL,DEFAULT,1
CODE:51c2,CODE:5203,CONDITIONAL_JUMP,DEFAULT,1
CODE:51c7,EXTMEM:8b3c,READ,ANALYSIS,1
CODE:51cd,CODE:4225,UNCONDITIONAL_CALL,DEFAULT,1
CODE:51d3,CODE:40f6,UNCONDITIONAL_CALL,DEFAULT,1
CODE:51da,EXTMEM:8b39,READ,ANALYSIS,1
CODE:51dd,EXTMEM:8b3a,READ,ANALYSIS,1
CODE:51e0,EXTMEM:8b3b,READ,ANALYSIS,1
CODE:51e9,CODE:4225,UNCONDITIONAL_CALL,DEFAULT,1
CODE:51f2,CODE:414e,UNCONDITIONAL_CALL,DEFAULT,1
CODE:51fc,CODE:420f,UNCONDITIONAL_CALL,DEFAULT,1
CODE:5201,CODE:51b4,CONDITIONAL_JUMP,DEFAULT,1
CODE:5206,EXTMEM:8b39,READ,ANALYSIS,1
CODE:5209,EXTMEM:8b3a,READ,ANALYSIS,1
CODE:520c,EXTMEM:8b3b,READ,ANALYSIS,1
CODE:5211,EXTMEM:8b41,READ,ANALYSIS,1
CODE:5214,EXTMEM:8b42,READ,ANALYSIS,1
CODE:521a,CODE:414e,UNCONDITIONAL_CALL,DEFAULT,1
CODE:5220,EXTMEM:8b39,READ,ANALYSIS,1
CODE:5223,EXTMEM:8b3a,READ,ANALYSIS,1
CODE:5226,EXTMEM:8b3b,READ,ANALYSIS,1
CODE:5294,EXTMEM:8b39,WRITE,ANALYSIS,1
CODE:5297,EXTMEM:8b3a,WRITE,ANALYSIS,1
CODE:529a,EXTMEM:8b3b,WRITE,ANALYSIS,1
CODE:529f,EXTMEM:8b41,WRITE,ANALYSIS,1
CODE:52a1,EXTMEM:8b42,WRITE,ANALYSIS,1
CODE:52a9,CODE:4225,UNCONDITIONAL_CALL,DEFAULT,1
CODE:52ae,CODE:52ec,CONDITIONAL_JUMP,DEFAULT,1
CODE:52b3,EXTMEM:8b3c,READ,ANALYSIS,1
CODE:52b6,EXTMEM:8b3d,READ,ANALYSIS,1
CODE:52b9,EXTMEM:8b3e,READ,ANALYSIS,1
CODE:52bb,CODE:40f6,UNCONDITIONAL_CALL,DEFAULT,1
CODE:52c2,EXTMEM:8b39,READ,ANALYSIS,1
CODE:52c5,EXTMEM:8b3a,READ,ANALYSIS,1
CODE:52c8,EXTMEM:8b3b,READ,ANALYSIS,1
CODE:52d1,CODE:4225,UNCONDITIONAL_CALL,DEFAULT,1
CODE:52da,CODE:414e,UNCONDITIONAL_CALL,DEFAULT,1
CODE:52de,CODE:52a2,CONDITIONAL_JUMP,DEFAULT,1
CODE:52e7,CODE:420f,UNCONDITIONAL_CALL,DEFAULT,1
CODE:52ea,CODE:52a2,UNCONDITIONAL_JUMP,DEFAULT,1
CODE:52ef,EXTMEM:8b39,READ,ANALYSIS,1
CODE:52f2,EXTMEM:8b3a,READ,ANALYSIS,1
CODE:52f5,EXTMEM:8b3b,READ,ANALYSIS,1
CODE:52fb,CODE:40f6,UNCONDITIONAL_CALL,DEFAULT,1
CODE:52fe,CODE:530c,CONDITIONAL_JUMP,DEFAULT,1
CODE:5302,CODE:5305,CONDITIONAL_JUMP,DEFAULT,1
CODE:5307,CODE:52fb,CONDITIONAL_JUMP,DEFAULT,1
CODE:530a,CODE:52fb,UNCONDITIONAL_CALL,DEFAULT,1
CODE:58c3,CODE:5906,UNCONDITIONAL_CALL,DEFAULT,1
CODE:5909,EXTMEM:805d,READ,ANALYSIS,1
CODE:590c,EXTMEM:805e,READ,ANALYSIS,1
CODE:5916,CODE:591a,CONDITIONAL_JUMP,DEFAULT,1
CODE:5918,BITS:0b,WRITE,DEFAULT,1
CODE:5920,CODE:52f8,UNCONDITIONAL_CALL,DEFAULT,1
CODE:592c,CODE:5931,CONDITIONAL_JUMP,DEFAULT,1
CODE:592e,CODE:5a64,UNCONDITIONAL_CALL,DEFAULT,1
CODE:5931,BITS:0b,READ,DEFAULT,1
CODE:5931,CODE:5967,CONDITIONAL_JUMP,DEFAULT,1
CODE:5938,EXTMEM:8a4a,WRITE,ANALYSIS,1
CODE:593a,EXTMEM:8a4b,WRITE,ANALYSIS,1
CODE:593e,EXTMEM:8a4b,READ,ANALYSIS,1
CODE:594d,EXTMEM:8a4b,READ,ANALYSIS,1
CODE:594f,EXTMEM:8a4b,WRITE,ANALYSIS,1
CODE:5950,CODE:5958,CONDITIONAL_JUMP,DEFAULT,1
CODE:5955,EXTMEM:8a4a,READ,ANALYSIS,1
CODE:5957,EXTMEM:8a4a,WRITE,ANALYSIS,1
CODE:595b,EXTMEM:8a4a,READ,ANALYSIS,1
CODE:595c,CODE:5962,CONDITIONAL_JUMP,DEFAULT,1
CODE:595f,EXTMEM:8a4b,READ,ANALYSIS,1
CODE:5962,CODE:593b,CONDITIONAL_JUMP,DEFAULT,1
CODE:5964,CODE:5a64,UNCONDITIONAL_CALL,DEFAULT,1
CODE:596a,EXTMEM:8661,READ,ANALYSIS,1
CODE:596b,CODE:599b,CONDITIONAL_JUMP,DEFAULT,1
CODE:596f,EXTMEM:8662,READ,ANALYSIS,1
CODE:5972,CODE:599b,CONDITIONAL_JUMP,DEFAULT,1
CODE:5977,EXTMEM:8a47,READ,ANALYSIS,1
CODE:597a,CODE:599b,CONDITIONAL_JUMP,DEFAULT,1
CODE:5981,EXTMEM:8b3c,WRITE,ANALYSIS,1
CODE:5985,EXTMEM:8b3d,WRITE,ANALYSIS,1
CODE:5989,EXTMEM:8b3e,WRITE,ANALYSIS,1
CODE:598c,EXTMEM:8b3f,WRITE,ANALYSIS,1
CODE:598f,EXTMEM:8b40,WRITE,ANALYSIS,1
CODE:5995,CODE:5290,UNCONDITIONAL_CALL,DEFAULT,1
CODE:5998,CODE:5a64,UNCONDITIONAL_CALL,DEFAULT,1
CODE:599e,EXTMEM:8a47,READ,ANALYSIS,1
CODE:59a0,CODE:59ad,CONDITIONAL_JUMP,DEFAULT,1
CODE:59a6,EXTMEM:8033,READ,ANALYSIS,1
CODE:59a7,CODE:59ab,CONDITIONAL_JUMP,DEFAULT,1
CODE:59aa,EXTMEM:8034,READ,ANALYSIS,1
CODE:59ab,CODE:59be,CONDITIONAL_JUMP,DEFAULT,1
CODE:59b0,EXTMEM:8661,READ,ANALYSIS,1
CODE:59b1,CODE:59b6,CONDITIONAL_JUMP,DEFAULT,1
CODE:59b3,CODE:5a35,UNCONDITIONAL_CALL,DEFAULT,1
CODE:59b9,CODE:59be,CONDITIONAL_JUMP,DEFAULT,1
CODE:59bb,CODE:5a35,UNCONDITIONAL_CALL,DEFAULT,1
CODE:59c1,EXTMEM:8661,READ,ANALYSIS,1
CODE:59c2,CODE:59fd,CONDITIONAL_JUMP,DEFAULT,1
CODE:59c5,CODE:59fd,CONDITIONAL_JUMP,DEFAULT,1
CODE:59d4,CODE:476b,UNCONDITIONAL_CALL,DEFAULT,1
CODE:59dc,EXTMEM:8b3c,WRITE,ANALYSIS,1
CODE:59e0,EXTMEM:8b3d,WRITE,ANALYSIS,1
CODE:59e4,EXTMEM:8b3e,WRITE,ANALYSIS,1
CODE:59e7,EXTMEM:8b3f,WRITE,ANALYSIS,1
CODE:59ea,EXTMEM:8b40,WRITE,ANALYSIS,1
CODE:59f0,CODE:5163,UNCONDITIONAL_CALL,DEFAULT,1
CODE:59f7,EXTMEM:8033,WRITE,ANALYSIS,1
CODE:59fa,EXTMEM:8034,WRITE,ANALYSIS,1
CODE:59fb,CODE:5a64,UNCONDITIONAL_CALL,DEFAULT,1
CODE:5a00,EXTMEM:8a47,READ,ANALYSIS,1
CODE:5a03,CODE:5a64,CONDITIONAL_JUMP,DEFAULT,1
CODE:5a08,EXTMEM:8033,READ,ANALYSIS,1
CODE:5a09,CODE:5a0d,CONDITIONAL_JUMP,DEFAULT,1
CODE:5a0c,EXTMEM:8034,READ,ANALYSIS,1
CODE:5a0d,CODE:5a64,CONDITIONAL_JUMP,DEFAULT,1
CODE:5a15,EXTMEM:8b3c,WRITE,ANALYSIS,1
CODE:5a19,EXTMEM:8b3d,WRITE,ANALYSIS,1
CODE:5a1d,EXTMEM:8b3e,WRITE,ANALYSIS,1
CODE:5a20,EXTMEM:8b3f,WRITE,ANALYSIS,1
CODE:5a23,EXTMEM:8b40,WRITE,ANALYSIS,1
CODE:5a28,CODE:5163,UNCONDITIONAL_CALL,DEFAULT,1
CODE:5a2f,EXTMEM:8033,WRITE,ANALYSIS,1
CODE:5a32,EXTMEM:8034,WRITE,ANALYSIS,1
CODE:5a33,CODE:5a64,UNCONDITIONAL_CALL,DEFAULT,1
CODE:5a38,EXTMEM:8a47,READ,ANALYSIS,1
CODE:5a39,CODE:5a48,CONDITIONAL_JUMP,DEFAULT,1
CODE:5a3f,EXTMEM:8033,READ,ANALYSIS,1
CODE:5a40,CODE:5a46,CONDITIONAL_JUMP,DEFAULT,1
CODE:5a43,EXTMEM:8034,READ,ANALYSIS,1
CODE:5a46,CODE:5a64,CONDITIONAL_JUMP,DEFAULT,1
CODE:5a4d,EXTMEM:8b3c,WRITE,ANALYSIS,1
CODE:5a51,EXTMEM:8b3d,WRITE,ANALYSIS,1
CODE:5a55,EXTMEM:8b3e,WRITE,ANALYSIS,1
CODE:5a58,EXTMEM:8b3f,WRITE,ANALYSIS,1
CODE:5a5b,EXTMEM:8b40,WRITE,ANALYSIS,1
CODE:5a61,CODE:5163,UNCONDITIONAL_CALL,DEFAULT,1
CODE:5a6a,CODE:52f8,UNCONDITIONAL_CALL,DEFAULT,1
CODE:5a71,EXTMEM:8a49,WRITE,ANALYSIS,1
CODE:5a7e,CODE:476b,UNCONDITIONAL_CALL,DEFAULT,1
CODE:5a84,EXTMEM:8a49,READ,ANALYSIS,1
CODE:5a8a,EXTMEM:8a49,WRITE,ANALYSIS,1
CODE:5a8e,EXTMEM:8a49,READ,ANALYSIS,1
CODE:5a8f,CODE:5ab0,CONDITIONAL_JUMP,DEFAULT,1
CODE:5a96,EXTMEM:8b3c,WRITE,ANALYSIS,1
CODE:5a9a,EXTMEM:8b3d,WRITE,ANALYSIS,1
CODE:5a9e,EXTMEM:8b3e,WRITE,ANALYSIS,1
CODE:5aa5,CODE:50f8,UNCONDITIONAL_CALL,DEFAULT,1
CODE:5aab,EXTMEM:8a49,READ,ANALYSIS,1
CODE:5aad,EXTMEM:8a49,WRITE,ANALYSIS,1
CODE:5aae,CODE:5a8b,UNCONDITIONAL_JUMP,DEFAULT,1
CODE:5ab0,BITS:0a,READ,DEFAULT,1
CODE:5ab0,CODE:5acf,CONDITIONAL_JUMP,DEFAULT,1
CODE:5ab5,CODE:efdf,UNCONDITIONAL_CALL,DEFAULT,1
CODE:5abe,CODE:ef5c,UNCONDITIONAL_CALL,DEFAULT,1
CODE:5ac3,CODE:efdf,UNCONDITIONAL_CALL,DEFAULT,1
CODE:5acc,CODE:ef5c,UNCONDITIONAL_CALL,DEFAULT,1
CODE:5ad1,CODE:efdf,UNCONDITIONAL_CALL,DEFAULT,1
CODE:5ada,CODE:ef5c,UNCONDITIONAL_CALL,DEFAULT,1
CODE:5add,BITS:0b,READ,DEFAULT,1
CODE:5add,CODE:5ae6,CONDITIONAL_JUMP,DEFAULT,1
CODE:5ae4,EXTMEM:8661,WRITE,ANALYSIS,1
CODE:5ae6,BITS:0a,WRITE,DEFAULT,1
CODE:ef60,EXTMEM:8ae2,WRITE,ANALYSIS,1
CODE:ef63,EXTMEM:8ae3,WRITE,ANALYSIS,1
CODE:ef66,EXTMEM:8ae4,WRITE,ANALYSIS,1
CODE:ef67,CODE:effe,UNCONDITIONAL_CALL,DEFAULT,1
CODE:ef6f,EXTMEM:7e01,WRITE,ANALYSIS,1
CODE:ef70,CODE:f011,UNCONDITIONAL_CALL,DEFAULT,1
CODE:ef78,EXTMEM:7e01,WRITE,ANALYSIS,1
CODE:ef79,CODE:f011,UNCONDITIONAL_CALL,DEFAULT,1
CODE:ef81,EXTMEM:7e01,WRITE,ANALYSIS,1
CODE:ef82,CODE:f011,UNCONDITIONAL_CALL,DEFAULT,1
CODE:ef88,EXTMEM:8054,READ,ANALYSIS,1
CODE:ef8b,EXTMEM:8054,WRITE,ANALYSIS,1
CODE:ef8e,EXTMEM:8054,WRITE,ANALYSIS,1
CODE:ef92,EXTMEM:7d02,WRITE,ANALYSIS,1
CODE:ef96,EXTMEM:8ae2,READ,ANALYSIS,1
CODE:ef99,EXTMEM:8ae3,READ,ANALYSIS,1
CODE:ef9c,EXTMEM:8ae4,READ,ANALYSIS,1
CODE:ef9e,CODE:40f6,UNCONDITIONAL_CALL,DEFAULT,1
CODE:efa3,INTMEM:1e,WRITE,ANALYSIS,1
CODE:efa6,INTMEM:1e,READ,ANALYSIS,1
CODE:efa7,CODE:efdb,CONDITIONAL_JUMP,DEFAULT,1
CODE:efac,EXTMEM:8ae2,READ,ANALYSIS,1
CODE:efaf,EXTMEM:8ae3,READ,ANALYSIS,1
CODE:efb2,EXTMEM:8ae4,READ,ANALYSIS,1
CODE:efb4,CODE:40f6,UNCONDITIONAL_CALL,DEFAULT,1
CODE:efba,EXTMEM:7e01,WRITE,ANALYSIS,1
CODE:efbb,CODE:f011,UNCONDITIONAL_CALL,DEFAULT,1
CODE:efc5,CODE:420f,UNCONDITIONAL_CALL,DEFAULT,1
CODE:efcb,EXTMEM:8ae2,READ,ANALYSIS,1
CODE:efce,EXTMEM:8ae3,READ,ANALYSIS,1
CODE:efd1,EXTMEM:8ae4,READ,ANALYSIS,1
CODE:efd3,CODE:40f6,UNCONDITIONAL_CALL,DEFAULT,1
CODE:efd8,INTMEM:1e,WRITE,ANALYSIS,1
CODE:efd9,CODE:efa4,UNCONDITIONAL_JUMP,DEFAULT,1
CODE:efdb,CODE:effe,UNCONDITIONAL_CALL,DEFAULT,1
CODE:efe3,EXTMEM:8ae2,WRITE,ANALYSIS,1
CODE:efe4,CODE:effe,UNCONDITIONAL_CALL,DEFAULT,1
CODE:efec,EXTMEM:7e01,WRITE,ANALYSIS,1
CODE:efed,CODE:f011,UNCONDITIONAL_CALL,DEFAULT,1
CODE:eff3,EXTMEM:8ae2,READ,ANALYSIS,1
CODE:eff9,EXTMEM:7e01,WRITE,ANALYSIS,1
CODE:effa,CODE:f011,UNCONDITIONAL_CALL,DEFAULT,1
CODE:f001,EXTMEM:8054,READ,ANALYSIS,1
CODE:f004,EXTMEM:8054,WRITE,ANALYSIS,1
CODE:f008,EXTMEM:7d02,WRITE,ANALYSIS,1
CODE:f00d,CODE:f062,UNCONDITIONAL_CALL,DEFAULT,1
CODE:f014,EXTMEM:8054,READ,ANALYSIS,1
CODE:f017,EXTMEM:8054,WRITE,ANALYSIS,1
CODE:f01b,EXTMEM:7d02,WRITE,ANALYSIS,1
CODE:f021,EXTMEM:8054,WRITE,ANALYSIS,1
CODE:f025,EXTMEM:7d02,WRITE,ANALYSIS,1
CODE:f02a,CODE:f062,UNCONDITIONAL_CALL,DEFAULT,1
CODE:f070,CODE:f087,CONDITIONAL_JUMP,DEFAULT,1
CODE:f076,CODE:f07a,CONDITIONAL_JUMP,DEFAULT,1
CODE:f07e,CODE:f075,CONDITIONAL_JUMP,DEFAULT,1
CODE:f081,CODE:f085,CONDITIONAL_JUMP,DEFAULT,1
CODE:f085,CODE:f065,UNCONDITIONAL_JUMP,DEFAULT,1
