name,start_hex,end_hex,bank,size_bytes,source,call_refs,confidence,role,tags,callers,callees,dptr_refs,evidence
bank0_boot_state_machine,0x00000,0x005FD,0,1534,entry0,0,high,Top-level startup + mode dispatcher; contains early jump-table dispatch and readiness/error routing.,analog_frontend;calibration_state;jump_table_dispatch;large_state_machine;measurement_regs;service_strobe;xdata_io,,0x005FE;0x0151D;0x01629;0x0182E;0x01BF0;0x01C94;0x01F64;0x01F7A;0x01F97;0x02BA8;0x02CED;0x038BC;0x038C1;0x038C6;0x038CB;0x038D0;0x038D5;0x038DA;0x038DF;0x038E4,0x046E;0x6F02;0x7702;0x7B00;0x7E01;0x7E02;0x8035;0x805C;0x8061;0x8085;0x80B9;0x80F7;0x8105;0x8108;0x810A;0x81BC;0x81C0;0x81D9;0x863D;0x8661;0x868F;0x8A24;0x8A28;0x8A2A;0x8A2B;0x8A9E,"unique_callees=35 | dptr_refs=0x046E, 0x6F02, 0x7702, 0x7B00, 0x7E01, 0x7E02, 0x8035, 0x805C... | movx_count=139"
bank0_calibration_state_analog_frontend_005fe,0x005FE,0x0151C,0,3871,call_target,1,medium,calibration state/XDATA handler; analog front-end control; measurement register path; numeric helper; large state machine,analog_frontend;calibration_state;large_state_machine;measurement_regs;numeric_engine;service_strobe;xdata_io,0x0004F,0x0151D;0x03920;0x039AB;0x03A0F;0x03A13;0x03B04;0x03C0D;0x03CA6;0x03D13;0x03D18;0x03D51;0x0413C;0x04170;0x04184;0x041D9;0x0420F;0x0423B;0x0429E;0x043E8;0x0444A,0x5F00;0x6F00;0x6F01;0x6F02;0x6F03;0x7702;0x7703;0x7B00;0x7B01;0x7B02;0x7B03;0x7D00;0x7D01;0x7D02;0x7D03;0x7E00;0x7E01;0x7E02;0x7E03;0x8006;0x8035;0x8036;0x804C;0x804D;0x804E;0x804F;0x8050;0x8051;0x8053;0x8054;0x8059;0x805B;0x805C;0x805D;0x805F;0x8060;0x8061;0x8067;0x8085;0x8087,"call_refs=1 | unique_callers=1 | unique_callees=21 | dptr_refs=0x5F00, 0x6F00, 0x6F01, 0x6F02, 0x6F03, 0x7702, 0x7703, 0x7B00... | movx_count=511"
bank0_calibration_state_measurement_regs_0151d,0x0151D,0x01628,0,268,call_target,9,medium,calibration state/XDATA handler; measurement register path,calibration_state;measurement_regs;xdata_io,0x005CB;0x0062C;0x008DE;0x008E7;0x008F0;0x008F9;0x019E6;0x01A13;0x01C60,,0x7702;0x7D01;0x804F;0x8061;0x8ADC;0x8ADE,"call_refs=9 | unique_callers=9 | dptr_refs=0x7702, 0x7D01, 0x804F, 0x8061, 0x8ADC, 0x8ADE | movx_count=50"
bank0_analog_frontend_measurement_regs_01629,0x01629,0x0182D,0,517,call_target,1,medium,analog front-end control; measurement register path; large state machine,analog_frontend;large_state_machine;measurement_regs;service_strobe;xdata_io,0x0055E,0x01F97;0x038C6;0x038CB;0x038EE;0x038F8;0x03916;0x03925;0x0392A;0x03CA6;0x0444A;0x04456;0x0476B,0x7B00;0x7B01;0x7B02;0x7D01;0x7D02;0x7E02;0x8035;0x804D;0x804F;0x8050;0x8054;0x805C;0x81BC;0x863E;0x8646,"call_refs=1 | unique_callers=1 | unique_callees=12 | dptr_refs=0x7B00, 0x7B01, 0x7B02, 0x7D01, 0x7D02, 0x7E02, 0x8035, 0x804D... | movx_count=53"
bank0_calibration_state_measurement_regs_0182e,0x0182E,0x01BEF,0,962,call_target,1,medium,calibration state/XDATA handler; measurement register path; numeric helper; large state machine,calibration_state;large_state_machine;measurement_regs;numeric_engine;xdata_io,0x0057C,0x0151D;0x01F97;0x038C6;0x038CB;0x038EE;0x038F8;0x03907;0x0392A;0x0392F;0x03934;0x03B04;0x03C0D;0x03CA6;0x03D18;0x03D51;0x0414E;0x0444A;0x04456;0x044CD;0x0476B,0x5F00;0x5F80;0x7F80;0x805F;0x8642;0x8AB7;0x8ABB;0x8ABD;0x8AC1;0x8AC5;0x8AC6;0x8AC7;0x8AC9;0x8ACA;0x8ACB;0x8ACC;0x8B3C,"call_refs=1 | unique_callers=1 | unique_callees=22 | dptr_refs=0x5F00, 0x5F80, 0x7F80, 0x805F, 0x8642, 0x8AB7, 0x8ABB, 0x8ABD... | movx_count=96"
bank0_analog_frontend_measurement_regs_01bf0,0x01BF0,0x01C93,0,164,call_target,3,medium,analog front-end control; measurement register path,analog_frontend;measurement_regs;service_strobe;xdata_io,0x0005E;0x0019E;0x005C0,0x0151D;0x01F64;0x03939;0x043E8;0x04456,0x6F02;0x7702;0x7B00;0x7B01;0x7B02;0x7D00;0x7D01;0x7D02;0x7E02;0x8035;0x804C;0x804D;0x804F;0x8050;0x8054;0x805C;0x8061;0x8067;0x81BC,"call_refs=3 | unique_callers=3 | unique_callees=5 | dptr_refs=0x6F02, 0x7702, 0x7B00, 0x7B01, 0x7B02, 0x7D00, 0x7D01, 0x7D02... | movx_count=32"
bank0_calibration_state_measurement_regs_01c94,0x01C94,0x01F63,0,720,call_target,1,medium,calibration state/XDATA handler; measurement register path; large state machine,calibration_state;large_state_machine;measurement_regs;xdata_io,0x00217,0x01F7A;0x01F97;0x038C6;0x038CB;0x0393E;0x03C0D;0x03CA6;0x03D51;0x043FE;0x0444A;0x04456,0x6F00;0x6F01;0x6F02;0x7E00;0x804E;0x805B;0x8060;0x8067;0x80C9;0x80F3;0x8108;0x8A42;0x8AB7;0x8ABB;0x8ABE,"call_refs=1 | unique_callers=1 | unique_callees=11 | dptr_refs=0x6F00, 0x6F01, 0x6F02, 0x7E00, 0x804E, 0x805B, 0x8060, 0x8067... | movx_count=105"
bank0_measurement_regs_service_strobe_01f64,0x01F64,0x01F79,0,22,call_target,12,medium,measurement register path,measurement_regs;service_strobe;xdata_io,0x00054;0x00061;0x00067;0x00257;0x0027B;0x002B3;0x00311;0x00377;0x0040B;0x005EB;0x01C8C;0x01FCB,,0x7B00;0x8035,"call_refs=12 | unique_callers=12 | dptr_refs=0x7B00, 0x8035 | movx_count=5"
bank0_measurement_regs_service_strobe_01f7a,0x01F7A,0x01F96,0,29,call_target,5,medium,measurement register path,measurement_regs;service_strobe;xdata_io,0x000E2;0x000F0;0x000FE;0x00276;0x01F5E,0x01F97,0x7B00;0x8035,"call_refs=5 | unique_callers=5 | unique_callees=1 | dptr_refs=0x7B00, 0x8035 | movx_count=7"
bank0_calibration_state_numeric_engine_01f97,0x01F97,0x024DC,0,1350,call_target,20,medium,calibration state/XDATA handler; numeric helper; large state machine,calibration_state;large_state_machine;numeric_engine;shared_helper;xdata_io,0x000E9;0x000F7;0x00105;0x00133;0x005E8;0x0166C;0x016AB;0x016C8;0x016DA;0x016EC;0x016FE;0x01786;0x017D8;0x01807;0x01854;0x018D3;0x01903;0x01CA8;0x01CE5;0x01F85,0x01F64;0x040AB;0x043E8;0x04456,0x6F02;0x8067;0x81BC;0x8A98;0x8A99;0x8A9D;0x8A9E;0x8AE2;0x8B3C,"call_refs=20 | unique_callers=20 | unique_callees=4 | dptr_refs=0x6F02, 0x8067, 0x81BC, 0x8A98, 0x8A99, 0x8A9D, 0x8A9E, 0x8AE2... | movx_count=50"
bank0_xdata_io_vector_entry_024dd,0x024DD,0x02618,0,316,vector,0,medium,Interrupt/reset vector handler entry,vector_entry;xdata_io,,,0x806A;0x806B;0x80F7;0x80F8;0x8108;0x81BA;0x81BB;0x81BC;0x81C0,"dptr_refs=0x806A, 0x806B, 0x80F7, 0x80F8, 0x8108, 0x81BA, 0x81BB, 0x81BC... | movx_count=40"
bank0_analog_frontend_measurement_regs_02619,0x02619,0x026DD,0,197,vector,0,medium,Interrupt/reset vector handler entry; analog front-end control; measurement register path,analog_frontend;measurement_regs;vector_entry;xdata_io,,,0x3F80;0x5F00;0x7B01;0x7D01;0x7D02;0x804D;0x804F;0x8054;0x805F;0x8069;0x8108,"dptr_refs=0x3F80, 0x5F00, 0x7B01, 0x7D01, 0x7D02, 0x804D, 0x804F, 0x8054... | movx_count=24"
bank0_calibration_state_measurement_regs_026de,0x026DE,0x02BA7,0,1226,vector,0,medium,Interrupt/reset vector handler entry; calibration state/XDATA handler; measurement register path; numeric helper; large state machine,calibration_state;large_state_machine;measurement_regs;numeric_engine;vector_entry;xdata_io,,,0x0001;0x3F80;0x5F00;0x5F80;0x6F02;0x7E02;0x7F80;0x8000;0x805C;0x805F;0x8067;0x8069;0x8105;0x8106;0x810A;0x8149;0x814A;0x817C;0x817D;0x81BC;0x8AD0;0x8AD2;0x8ADE;0xFFFF,"dptr_refs=0x0001, 0x3F80, 0x5F00, 0x5F80, 0x6F02, 0x7E02, 0x7F80, 0x8000... | movx_count=148"
bank0_calibration_state_analog_frontend_02ba8,0x02BA8,0x02CEC,0,325,call_target,1,medium,calibration state/XDATA handler; analog front-end control; measurement register path; numeric helper,analog_frontend;calibration_state;measurement_regs;numeric_engine;xdata_io,0x00308,,0x7B02;0x7D02;0x7E02;0x8050;0x8054;0x805C;0x81BC;0x8A42;0x8A43;0x8A44;0x8A45;0x8A46;0x8A47;0x8A48,"call_refs=1 | unique_callers=1 | dptr_refs=0x7B02, 0x7D02, 0x7E02, 0x8050, 0x8054, 0x805C, 0x81BC, 0x8A42... | movx_count=43"
bank0_jump_table_dispatch_calibration_state_02ced,0x02CED,0x037F8,0,2828,call_target,1,medium,jump-table dispatcher; calibration state/XDATA handler; analog front-end control; measurement register path; numeric helper; large state machine,analog_frontend;calibration_state;jump_table_dispatch;large_state_machine;measurement_regs;numeric_engine;xdata_io,0x002AA,,0x7B02;0x7D02;0x7E02;0x8050;0x8054;0x805C;0x8A77;0x8A78,"call_refs=1 | unique_callers=1 | dptr_refs=0x7B02, 0x7D02, 0x7E02, 0x8050, 0x8054, 0x805C, 0x8A77, 0x8A78 | movx_count=18"
bank0_reset_init,0x037F9,0x038BB,0,195,vector,0,high,"Reset/vector init: clears internal RAM, initializes stack, enters firmware init sequence.",jump_table_dispatch;vector_entry;xdata_io,,,0x3A00,dptr_refs=0x3A00 | movx_count=2
bank0_fn_038bc,0x038BC,0x038C0,0,5,call_target,1,low,general helper / control-flow block,,0x0004C,,0xF062,call_refs=1 | unique_callers=1 | dptr_refs=0xF062
bank0_fn_038c1,0x038C1,0x038C5,0,5,call_target,1,low,general helper / control-flow block,,0x00064,,0xF02E,call_refs=1 | unique_callers=1 | dptr_refs=0xF02E
bank0_text_ptr_wrapper_a,0x038C6,0x038CA,0,5,call_target,35,high,Text/resource pointer wrapper feeding shared print/format routine.,shared_helper,0x00077;0x00085;0x000C4;0x000D2;0x0010A;0x00118;0x00138;0x00146;0x00154;0x00162;0x0021F;0x0022D;0x002DE;0x002EC;0x00335;0x00343;0x00435;0x00443;0x0059F;0x005AD,,0xEFDF,call_refs=35 | unique_callers=35 | dptr_refs=0xEFDF
bank0_text_ptr_wrapper_b,0x038CB,0x038CF,0,5,call_target,35,high,Text/resource pointer wrapper feeding shared print/format routine.,shared_helper,0x00080;0x0008E;0x000CD;0x000DB;0x00113;0x00121;0x00141;0x0014F;0x0015D;0x0016B;0x00228;0x00236;0x002E7;0x002F5;0x0033E;0x0034C;0x0043E;0x0044C;0x005A8;0x005B6,,0xEF5C,call_refs=35 | unique_callers=35 | dptr_refs=0xEF5C
bank0_fn_038d0,0x038D0,0x038D4,0,5,call_target,1,low,general helper / control-flow block,,0x000A1,,0x6E8E,call_refs=1 | unique_callers=1 | dptr_refs=0x6E8E
bank0_fn_038d5,0x038D5,0x038D9,0,5,call_target,1,low,general helper / control-flow block,,0x000BD,,0x7318,call_refs=1 | unique_callers=1 | dptr_refs=0x7318
bank0_fn_038da,0x038DA,0x038DE,0,5,call_target,1,low,general helper / control-flow block,,0x0016E,,0xF311,call_refs=1 | unique_callers=1 | dptr_refs=0xF311
bank0_fn_038df,0x038DF,0x038E3,0,5,call_target,1,low,general helper / control-flow block,,0x001B7,,0xEFFE,call_refs=1 | unique_callers=1 | dptr_refs=0xEFFE
bank0_fn_038e4,0x038E4,0x038E8,0,5,call_target,4,low,general helper / control-flow block,,0x001C0;0x001C9;0x001D2;0x001DB,,0xF011,call_refs=4 | unique_callers=4 | dptr_refs=0xF011
bank0_fn_038e9,0x038E9,0x038ED,0,5,call_target,2,low,general helper / control-flow block,,0x001FA;0x00212,,0xF088,call_refs=2 | unique_callers=2 | dptr_refs=0xF088
bank0_fn_038ee,0x038EE,0x038F2,0,5,call_target,5,low,general helper / control-flow block,,0x002BD;0x0031B;0x003B8;0x0180A;0x01906,,0x5401,call_refs=5 | unique_callers=5 | dptr_refs=0x5401
bank0_fn_038f3,0x038F3,0x038F7,0,5,call_target,1,low,general helper / control-flow block,,0x0037A,,0xCDD7,call_refs=1 | unique_callers=1 | dptr_refs=0xCDD7
bank0_fn_038f8,0x038F8,0x038FC,0,5,call_target,3,low,general helper / control-flow block,,0x003C1;0x0180D;0x01909,,0x5528,call_refs=3 | unique_callers=3 | dptr_refs=0x5528
bank0_fn_038fd,0x038FD,0x03901,0,5,call_target,1,low,general helper / control-flow block,,0x003D9,,0x5AE9,call_refs=1 | unique_callers=1 | dptr_refs=0x5AE9
bank0_fn_03902,0x03902,0x03906,0,5,call_target,1,low,general helper / control-flow block,,0x00422,,0x6A1D,call_refs=1 | unique_callers=1 | dptr_refs=0x6A1D
bank0_fn_03907,0x03907,0x0390B,0,5,call_target,2,low,general helper / control-flow block,,0x0049C;0x01882,,0x60BB,call_refs=2 | unique_callers=2 | dptr_refs=0x60BB
bank0_fn_0390c,0x0390C,0x03910,0,5,call_target,1,low,general helper / control-flow block,,0x004BA,,0x7FE4,call_refs=1 | unique_callers=1 | dptr_refs=0x7FE4
bank0_calibration_state_03911,0x03911,0x03915,0,5,call_target,1,low,calibration state/XDATA handler,calibration_state,0x004D8,,0x8E3C,call_refs=1 | unique_callers=1 | dptr_refs=0x8E3C
bank0_fn_03916,0x03916,0x0391A,0,5,call_target,3,low,general helper / control-flow block,,0x004F8;0x00518;0x01722,,0xCA15,call_refs=3 | unique_callers=3 | dptr_refs=0xCA15
bank0_fn_0391b,0x0391B,0x0391F,0,5,call_target,1,low,general helper / control-flow block,,0x00540,,0xF425,call_refs=1 | unique_callers=1 | dptr_refs=0xF425
bank0_fn_03920,0x03920,0x03924,0,5,call_target,1,low,general helper / control-flow block,,0x008A7,,0xE7E2,call_refs=1 | unique_callers=1 | dptr_refs=0xE7E2
bank0_fn_03925,0x03925,0x03929,0,5,call_target,1,low,general helper / control-flow block,,0x01703,,0x9387,call_refs=1 | unique_callers=1 | dptr_refs=0x9387
bank0_fn_0392a,0x0392A,0x0392E,0,5,call_target,5,low,general helper / control-flow block,,0x0177F;0x017D1;0x0182A;0x018E5;0x01926,,0xEA24,call_refs=5 | unique_callers=5 | dptr_refs=0xEA24
bank0_fn_0392f,0x0392F,0x03933,0,5,call_target,1,low,general helper / control-flow block,,0x0182E,,0x9FD3,call_refs=1 | unique_callers=1 | dptr_refs=0x9FD3
bank0_fn_03934,0x03934,0x03938,0,5,call_target,1,low,general helper / control-flow block,,0x01887,,0xB311,call_refs=1 | unique_callers=1 | dptr_refs=0xB311
bank0_fn_03939,0x03939,0x0393D,0,5,call_target,1,low,general helper / control-flow block,,0x01C57,,0xB2B0,call_refs=1 | unique_callers=1 | dptr_refs=0xB2B0
bank0_calibration_state_0393e,0x0393E,0x039AA,0,109,call_target,1,low,calibration state/XDATA handler,calibration_state,0x01CB3,,0x7101;0x8A81;0x8B23;0xB0F8;0xB59A;0xE839;0xED82;0xF267,"call_refs=1 | unique_callers=1 | dptr_refs=0x7101, 0x8A81, 0x8B23, 0xB0F8, 0xB59A, 0xE839, 0xED82, 0xF267"
bank0_fn_039ab,0x039AB,0x03A0E,0,100,call_target,2,low,general helper / control-flow block,,0x01191;0x0126D,,,call_refs=2 | unique_callers=2
bank0_fn_03a0f,0x03A0F,0x03A12,0,4,call_target,1,low,general helper / control-flow block,,0x0138C,,,call_refs=1 | unique_callers=1
bank0_numeric_engine_03a13,0x03A13,0x03B03,0,241,call_target,1,low,numeric helper,numeric_engine,0x01430,,,call_refs=1 | unique_callers=1
bank0_numeric_engine_03b04,0x03B04,0x03C0C,0,265,call_target,11,low,numeric helper,numeric_engine,0x00DB5;0x00DF7;0x00EBD;0x00EFF;0x00F69;0x00FA9;0x0135C;0x013AF;0x01400;0x0145C;0x01BEC,,,call_refs=11 | unique_callers=11
bank0_fn_03c0d,0x03C0D,0x03CA5,0,153,call_target,14,low,general helper / control-flow block,,0x01367;0x013BA;0x0140B;0x01467;0x0148C;0x019C5;0x019F2;0x01B0C;0x01D52;0x01D74;0x01D96;0x01DE2;0x01E03;0x01E6E,,,call_refs=14 | unique_callers=14
bank0_fn_03ca6,0x03CA6,0x03D12,0,109,call_target,16,low,general helper / control-flow block,,0x00DDC;0x00E1E;0x00EE4;0x00F26;0x00F90;0x00FD0;0x013E7;0x01741;0x017A1;0x018A0;0x01B2F;0x01D18;0x01D35;0x01DC7;0x01E22;0x01E49,,,call_refs=16 | unique_callers=16
bank0_fn_03d13,0x03D13,0x03D17,0,5,call_target,4,low,general helper / control-flow block,,0x01381;0x013D4;0x01425;0x01481,,,call_refs=4 | unique_callers=4
bank0_fn_03d18,0x03D18,0x03D50,0,57,call_target,18,low,general helper / control-flow block,,0x00DAA;0x00DC9;0x00DEC;0x00E0B;0x00EB2;0x00ED1;0x00EF4;0x00F13;0x00F5E;0x00F7D;0x00F9E;0x00FBD;0x01351;0x013A4;0x013F5;0x01451;0x01B1E;0x01BE1,,,call_refs=18 | unique_callers=18
bank0_numeric_engine_xdata_io_03d51,0x03D51,0x040AA,0,858,call_target,6,medium,numeric helper; large state machine,large_state_machine;numeric_engine;xdata_io,0x0138F;0x01433;0x0148F;0x019C8;0x019F5;0x01E71,,0x3F24,call_refs=6 | unique_callers=6 | dptr_refs=0x3F24 | movx_count=26
bank0_jump_table_dispatch_xdata_io_040ab,0x040AB,0x0413B,0,145,call_target,2,medium,jump-table dispatcher,jump_table_dispatch;xdata_io,0x00045;0x01FF8,,0x402B,call_refs=2 | unique_callers=2 | dptr_refs=0x402B | movx_count=4
bank0_xdata_io_shared_helper_0413c,0x0413C,0x0414D,0,18,call_target,21,low,general helper / control-flow block,shared_helper;xdata_io,0x0094B;0x00982;0x009BF;0x009FA;0x00A35;0x00A61;0x00A7A;0x00AA8;0x00AE5;0x00B20;0x00B4C;0x00B65;0x00B93;0x00BD0;0x00BFC;0x00C15;0x00C40;0x00C6A;0x00C83;0x00C98,,,call_refs=21 | unique_callers=21 | movx_count=2
bank0_xdata_io_0414e,0x0414E,0x0416F,0,34,call_target,2,low,general helper / control-flow block,xdata_io,0x0198E;0x019A8,,,call_refs=2 | unique_callers=2 | movx_count=2
bank0_fn_04170,0x04170,0x04183,0,20,call_target,2,low,general helper / control-flow block,,0x00935;0x01326,,,call_refs=2 | unique_callers=2
bank0_fn_04184,0x04184,0x041D8,0,85,call_target,12,low,general helper / control-flow block,,0x009AC;0x009CE;0x009E7;0x00A09;0x00A22;0x00A4E;0x00AD2;0x00AF4;0x00B0D;0x00B39;0x00BBD;0x00BE9,,,call_refs=12 | unique_callers=12
bank0_fn_041d9,0x041D9,0x0420E,0,54,call_target,9,low,general helper / control-flow block,,0x00971;0x00991;0x00A97;0x00AB7;0x00B82;0x00BA2;0x00C2F;0x00C59;0x0132B,,,call_refs=9 | unique_callers=9
bank0_xdata_io_0420f,0x0420F,0x0423A,0,44,call_target,19,low,general helper / control-flow block,xdata_io,0x00955;0x009A5;0x009E0;0x00A1B;0x00A3F;0x00A6B;0x00ACB;0x00B06;0x00B2A;0x00B56;0x00BB6;0x00BDA;0x00C06;0x00C4A;0x00C74;0x00CA2;0x0114C;0x01228;0x01307,,,call_refs=19 | unique_callers=19 | movx_count=8
bank0_xdata_io_0423b,0x0423B,0x0429D,0,99,call_target,3,low,general helper / control-flow block,xdata_io,0x01121;0x011FD;0x012D6,,,call_refs=3 | unique_callers=3 | movx_count=8
bank0_numeric_engine_xdata_io_0429e,0x0429E,0x043E7,0,330,call_target,2,medium,numeric helper; large state machine,large_state_machine;numeric_engine;xdata_io,0x01036;0x0107A,,,call_refs=2 | unique_callers=2 | movx_count=4
bank0_fn_043e8,0x043E8,0x043FD,0,22,call_target,5,low,general helper / control-flow block,,0x00250;0x002D7;0x01343;0x01C87;0x01FC6,,,call_refs=5 | unique_callers=5
bank0_xdata_io_043fe,0x043FE,0x04449,0,76,call_target,3,low,general helper / control-flow block,xdata_io,0x01E9F;0x01EDB;0x01F0D,,,call_refs=3 | unique_callers=3 | movx_count=8
bank0_xdata_io_shared_helper_0444a,0x0444A,0x04455,0,12,call_target,21,low,general helper / control-flow block,shared_helper;xdata_io,0x01142;0x01197;0x0121E;0x01273;0x012FD;0x01395;0x01439;0x01495;0x01709;0x01728;0x01A1A;0x01B12;0x01D58;0x01D7A;0x01D9C;0x01DE8;0x01E09;0x01E77;0x01EA5;0x01EE1,,,call_refs=21 | unique_callers=21 | movx_count=4
bank0_jump_table_dispatch_xdata_io_04456,0x04456,0x044CC,0,119,call_target,37,medium,jump-table dispatcher,jump_table_dispatch;shared_helper;xdata_io,0x001A6;0x001B0;0x002FB;0x00358;0x00632;0x0063C;0x00646;0x00650;0x0065A;0x00664;0x0066E;0x00678;0x00682;0x0069A;0x006EC;0x006F6;0x00700;0x010D9;0x011B5;0x0128D,,,call_refs=37 | unique_callers=37 | movx_count=9
bank0_jump_table_dispatch_xdata_io_044cd,0x044CD,0x04681,0,437,call_target,1,medium,jump-table dispatcher; large state machine,jump_table_dispatch;large_state_machine;xdata_io,0x01A7B,,,call_refs=1 | unique_callers=1 | movx_count=16
bank0_jump_table_dispatch_xdata_io_04682,0x04682,0x0476A,0,233,call_target,1,medium,jump-table dispatcher,jump_table_dispatch;xdata_io,0x000B3,,0x4573,call_refs=1 | unique_callers=1 | dptr_refs=0x4573 | movx_count=14
bank0_jump_table_dispatch_calibration_state_0476b,0x0476B,0x050F7,0,2445,call_target,6,medium,jump-table dispatcher; calibration state/XDATA handler; numeric helper; large state machine,calibration_state;jump_table_dispatch;large_state_machine;numeric_engine;xdata_io,0x0177C;0x017CE;0x01827;0x018E2;0x01923;0x01962,,0x46EF;0x4BC3;0x4EC7;0x4F61;0x89F4;0x89F7;0x8A1C;0x8A23;0x8A8E;0x8A92;0x8A96;0x8A97;0x8A98;0x8AB7,"call_refs=6 | unique_callers=6 | dptr_refs=0x46EF, 0x4BC3, 0x4EC7, 0x4F61, 0x89F4, 0x89F7, 0x8A1C, 0x8A23... | movx_count=58"
bank0_calibration_state_xdata_io_050f8,0x050F8,0x052F7,0,512,call_target,1,medium,calibration state/XDATA handler; large state machine,calibration_state;large_state_machine;xdata_io,0x019B9,,0x8A7B;0x8A7C;0x8A7E;0x8A7F;0x8A81;0x8B39;0x8B3A;0x8B3C;0x8B3D;0x8B3F;0x8B40;0x8B41;0x8B42,"call_refs=1 | unique_callers=1 | dptr_refs=0x8A7B, 0x8A7C, 0x8A7E, 0x8A7F, 0x8A81, 0x8B39, 0x8B3A, 0x8B3C... | movx_count=66"
bank0_jump_table_dispatch_calibration_state_052f8,0x052F8,0x0FFFF,0,44296,call_target,1,medium,jump-table dispatcher; calibration state/XDATA handler; analog front-end control; measurement register path; numeric helper; large state machine,analog_frontend;calibration_state;jump_table_dispatch;large_state_machine;measurement_regs;numeric_engine;service_strobe;xdata_io,0x0193B,,0x0003;0x0004;0x0005;0x0006;0x0007;0x1F80;0x3F00;0x3F80;0x5456;0x5F00;0x5F80;0x62B8;0x6530;0x6F02;0x7700;0x7701;0x7702;0x7B00;0x7B01;0x7B02;0x7D00;0x7D01;0x7D02;0x7E02;0x7F00;0x7F80;0x8000;0x802F;0x8035;0x8036;0x8038;0x803C;0x8040;0x8044;0x8048;0x804C;0x804D;0x804F;0x8050;0x8054,"call_refs=1 | unique_callers=1 | dptr_refs=0x0003, 0x0004, 0x0005, 0x0006, 0x0007, 0x1F80, 0x3F00, 0x3F80... | movx_count=5151"
bank1_jump_table_dispatch_calibration_state_10016,0x10016,0x105FD,1,1512,call_target,1,medium,jump-table dispatcher; calibration state/XDATA handler; analog front-end control; measurement register path; large state machine,analog_frontend;calibration_state;jump_table_dispatch;large_state_machine;measurement_regs;service_strobe;xdata_io,0x1F05E,0x105FE;0x1151D;0x11629;0x1182E;0x11BF0;0x11C94;0x11F64;0x11F7A;0x11F97;0x12BA8;0x12CED;0x138BC;0x138C1;0x138C6;0x138CB;0x138D0;0x138D5;0x138DA;0x138DF;0x138E4,0x046E;0x6F02;0x7702;0x7B00;0x7E01;0x7E02;0x8035;0x805C;0x8061;0x8085;0x80B9;0x80F7;0x8105;0x8108;0x810A;0x81BC;0x81C0;0x81D9;0x863D;0x8661;0x868F;0x8A24;0x8A28;0x8A2A;0x8A2B;0x8A9E,"call_refs=1 | unique_callers=1 | unique_callees=37 | dptr_refs=0x046E, 0x6F02, 0x7702, 0x7B00, 0x7E01, 0x7E02, 0x8035, 0x805C... | movx_count=140"
bank1_calibration_state_analog_frontend_105fe,0x105FE,0x10907,1,778,call_target,1,medium,calibration state/XDATA handler; analog front-end control; measurement register path; large state machine,analog_frontend;calibration_state;large_state_machine;measurement_regs;service_strobe;xdata_io,0x1004F,0x1151D;0x13920;0x14456,0x6F00;0x6F01;0x6F02;0x6F03;0x7702;0x7703;0x7B00;0x7B01;0x7B02;0x7B03;0x7D00;0x7D01;0x7D02;0x7D03;0x7E00;0x7E01;0x7E02;0x7E03;0x8006;0x8035;0x8036;0x804C;0x804D;0x804E;0x804F;0x8050;0x8051;0x8053;0x8054;0x8059;0x805B;0x805C;0x805D;0x8060;0x8061;0x8067;0x8085;0x8089;0x80B9;0x80C5,"call_refs=1 | unique_callers=1 | unique_callees=3 | dptr_refs=0x6F00, 0x6F01, 0x6F02, 0x6F03, 0x7702, 0x7703, 0x7B00, 0x7B01... | movx_count=125 | mirror_bank0=0x005FE similarity=1.000"
bank1_calibration_state_numeric_engine_10908,0x10908,0x10CB4,1,941,call_target,21,medium,calibration state/XDATA handler; numeric helper; large state machine,calibration_state;large_state_machine;numeric_engine;shared_helper;xdata_io,0x120F6;0x160AF;0x1631E;0x1651D;0x18738;0x1B687;0x1B7BF;0x1B91B;0x1BA56;0x1BACC;0x1DB90;0x1DC30;0x1DCB5;0x1DDDA;0x1DED4;0x1DF0E;0x1E041;0x1E156;0x1E257;0x1E289,0x1413C;0x14170;0x14184;0x141D9;0x1420F,0x81F7;0x8B39;0x8B3A;0x8B3B;0x8B3C;0x8B3E;0x8B40;0x8B42,"call_refs=21 | unique_callers=21 | unique_callees=5 | dptr_refs=0x81F7, 0x8B39, 0x8B3A, 0x8B3B, 0x8B3C, 0x8B3E, 0x8B40, 0x8B42 | movx_count=115"
bank1_calibration_state_numeric_engine_10cb5,0x10CB5,0x114FF,1,2123,call_target,1,medium,calibration state/XDATA handler; numeric helper; large state machine,calibration_state;large_state_machine;numeric_engine;xdata_io,0x1D94D,0x139AB;0x13A0F;0x13A13;0x13B04;0x13C0D;0x13CA6;0x13D13;0x13D18;0x13D51;0x14170;0x141D9;0x1420F;0x1423B;0x1429E;0x143E8;0x1444A;0x14456,0x8006;0x8085;0x8087;0x80B9;0x80BB;0x8659;0x8AC5;0x8AC8;0x8ACA;0x8ACB;0x8ACC;0x8ACE;0x8AD0;0x8AD1;0x8AD2;0x8AD3;0x8AD4;0x8AD5;0x8AD6;0x8AD7;0x8AD8;0x8AD9,"call_refs=1 | unique_callers=1 | unique_callees=17 | dptr_refs=0x8006, 0x8085, 0x8087, 0x80B9, 0x80BB, 0x8659, 0x8AC5, 0x8AC8... | movx_count=265"
bank1_measurement_regs_xdata_io_11500,0x11500,0x1151C,1,29,call_target,1,low,measurement register path,measurement_regs;xdata_io,0x12AC5,,0x5F00;0x805F,"call_refs=1 | unique_callers=1 | dptr_refs=0x5F00, 0x805F | movx_count=6"
bank1_calibration_state_measurement_regs_1151d,0x1151D,0x11628,1,268,call_target,35,medium,calibration state/XDATA handler; measurement register path,calibration_state;measurement_regs;shared_helper;xdata_io,0x105CB;0x1062C;0x108DE;0x108E7;0x108F0;0x108F9;0x119E6;0x11A13;0x11C60;0x18052;0x18944;0x1894D;0x18956;0x18EB8;0x191C0;0x191F0;0x19373;0x19512;0x1ACFB;0x1AFAC,,0x7702;0x7D01;0x804F;0x8061;0x8ADC;0x8ADE,"call_refs=35 | unique_callers=35 | dptr_refs=0x7702, 0x7D01, 0x804F, 0x8061, 0x8ADC, 0x8ADE | movx_count=50 | mirror_bank0=0x0151D similarity=1.000"
bank1_analog_frontend_measurement_regs_11629,0x11629,0x1182D,1,517,call_target,1,medium,analog front-end control; measurement register path; large state machine,analog_frontend;large_state_machine;measurement_regs;service_strobe;xdata_io,0x1055E,0x11F97;0x138C6;0x138CB;0x138EE;0x138F8;0x13916;0x13925;0x1392A;0x13CA6;0x1444A;0x14456;0x1476B,0x7B00;0x7B01;0x7B02;0x7D01;0x7D02;0x7E02;0x8035;0x804D;0x804F;0x8050;0x8054;0x805C;0x81BC;0x863E;0x8646,"call_refs=1 | unique_callers=1 | unique_callees=12 | dptr_refs=0x7B00, 0x7B01, 0x7B02, 0x7D01, 0x7D02, 0x7E02, 0x8035, 0x804D... | movx_count=53 | mirror_bank0=0x01629 similarity=1.000"
bank1_xdata_io_1182e,0x1182E,0x11929,1,252,call_target,1,low,general helper / control-flow block,xdata_io,0x1057C,0x11F97;0x138C6;0x138CB;0x138EE;0x138F8;0x13907;0x1392A;0x1392F;0x13934;0x13CA6;0x14456;0x1476B,0x8642,call_refs=1 | unique_callers=1 | unique_callees=12 | dptr_refs=0x8642 | movx_count=4 | mirror_bank0=0x0182E similarity=1.000
bank1_calibration_state_xdata_io_1192a,0x1192A,0x119BC,1,147,call_target,9,low,calibration state/XDATA handler,calibration_state;xdata_io,0x1211A;0x15FDE;0x16153;0x1625E;0x16391;0x164C7;0x166D6;0x169C5;0x1E52A,0x1414E;0x1476B;0x150F8;0x152F8,0x8AC5;0x8AC6;0x8AC7;0x8ACA;0x8ACB;0x8B3C,"call_refs=9 | unique_callers=9 | unique_callees=4 | dptr_refs=0x8AC5, 0x8AC6, 0x8AC7, 0x8ACA, 0x8ACB, 0x8B3C | movx_count=23"
bank1_fn_119bd,0x119BD,0x119E9,1,45,call_target,4,low,general helper / control-flow block,,0x18062;0x18167;0x1CB2D;0x1F570,0x1151D;0x13C0D;0x13D51,,call_refs=4 | unique_callers=4 | unique_callees=3
bank1_fn_119ea,0x119EA,0x11A16,1,45,call_target,2,low,general helper / control-flow block,,0x1806D;0x18172,0x1151D;0x13C0D;0x13D51,,call_refs=2 | unique_callers=2 | unique_callees=3
bank1_calibration_state_measurement_regs_11a17,0x11A17,0x11BEF,1,473,call_target,2,medium,calibration state/XDATA handler; measurement register path; numeric helper; large state machine,calibration_state;large_state_machine;measurement_regs;numeric_engine;xdata_io,0x1EA19;0x1EAC2,0x13B04;0x13C0D;0x13CA6;0x13D18;0x1444A;0x14456;0x144CD,0x5F00;0x5F80;0x7F80;0x805F;0x8AB7;0x8ABB;0x8ABD;0x8AC1;0x8AC5;0x8AC6;0x8AC7;0x8AC9;0x8ACB;0x8ACC,"call_refs=2 | unique_callers=2 | unique_callees=7 | dptr_refs=0x5F00, 0x5F80, 0x7F80, 0x805F, 0x8AB7, 0x8ABB, 0x8ABD, 0x8AC1... | movx_count=69"
bank1_analog_frontend_measurement_regs_11bf0,0x11BF0,0x11C93,1,164,call_target,3,medium,analog front-end control; measurement register path,analog_frontend;measurement_regs;service_strobe;xdata_io,0x1005E;0x1019E;0x105C0,0x1151D;0x11F64;0x13939;0x143E8;0x14456,0x6F02;0x7702;0x7B00;0x7B01;0x7B02;0x7D00;0x7D01;0x7D02;0x7E02;0x8035;0x804C;0x804D;0x804F;0x8050;0x8054;0x805C;0x8061;0x8067;0x81BC,"call_refs=3 | unique_callers=3 | unique_callees=5 | dptr_refs=0x6F02, 0x7702, 0x7B00, 0x7B01, 0x7B02, 0x7D00, 0x7D01, 0x7D02... | movx_count=32 | mirror_bank0=0x01BF0 similarity=1.000"
bank1_calibration_state_xdata_io_11c94,0x11C94,0x11CD5,1,66,call_target,1,low,calibration state/XDATA handler,calibration_state;xdata_io,0x10217,0x11F97;0x1393E,0x6F02;0x8067;0x8A42,"call_refs=1 | unique_callers=1 | unique_callees=2 | dptr_refs=0x6F02, 0x8067, 0x8A42 | movx_count=9 | mirror_bank0=0x01C94 similarity=1.000"
bank1_calibration_state_measurement_regs_11cd6,0x11CD6,0x11F45,1,624,call_target,1,medium,calibration state/XDATA handler; measurement register path; large state machine,calibration_state;large_state_machine;measurement_regs;xdata_io,0x1E8FE,0x11F97;0x13C0D;0x13CA6;0x13D51;0x143FE;0x1444A;0x14456,0x6F00;0x6F01;0x6F02;0x7E00;0x804E;0x805B;0x8060;0x8067;0x80C9;0x80F3;0x8108;0x8AB7;0x8ABB;0x8ABE,"call_refs=1 | unique_callers=1 | unique_callees=7 | dptr_refs=0x6F00, 0x6F01, 0x6F02, 0x7E00, 0x804E, 0x805B, 0x8060, 0x8067... | movx_count=96"
bank1_fn_11f46,0x11F46,0x11F63,1,30,call_target,1,low,general helper / control-flow block,,0x1D633,0x11F7A;0x138C6;0x138CB,,call_refs=1 | unique_callers=1 | unique_callees=3
bank1_core_service_strobe,0x11F64,0x11F79,1,22,call_target,346,high,Core service strobe toggling control bits via XDATA 0x8035/0x7B00; called across measurement/calibration flows.,high_fan_in_core;measurement_regs;service_strobe;xdata_io,0x10054;0x10061;0x10067;0x10257;0x1027B;0x102B3;0x10311;0x10377;0x1040B;0x105EB;0x11C8C;0x11FCB;0x12021;0x120BA;0x120DF;0x1215E;0x1540A;0x1541E;0x15442;0x16E41,,0x7B00;0x8035,"call_refs=346 | unique_callers=346 | dptr_refs=0x7B00, 0x8035 | movx_count=5 | mirror_bank0=0x01F64 similarity=1.000"
bank1_measurement_regs_service_strobe_11f7a,0x11F7A,0x11F96,1,29,call_target,5,medium,measurement register path,measurement_regs;service_strobe;xdata_io,0x100E2;0x100F0;0x100FE;0x10276;0x11F5E,0x11F97,0x7B00;0x8035,"call_refs=5 | unique_callers=5 | unique_callees=1 | dptr_refs=0x7B00, 0x8035 | movx_count=7 | mirror_bank0=0x01F7A similarity=1.000"
bank1_measurement_wait_loop,0x11F97,0x11FD0,1,58,call_target,48,high,"Stores parameters, invokes measurement compare path, loops until comparator/condition clears.",calibration_state;shared_helper;xdata_io,0x100E9;0x100F7;0x10105;0x10133;0x105E8;0x1166C;0x116AB;0x116C8;0x116DA;0x116EC;0x116FE;0x11786;0x117D8;0x11807;0x11854;0x118D3;0x11903;0x11CA8;0x11CE5;0x11F85,0x11F64;0x143E8;0x14456,0x81BC;0x8AE2,"call_refs=48 | unique_callers=48 | unique_callees=3 | dptr_refs=0x81BC, 0x8AE2 | movx_count=8 | mirror_bank0=0x01F97 similarity=1.000"
bank1_calibration_state_xdata_io_11fd1,0x11FD1,0x12254,1,644,call_target,3,medium,calibration state/XDATA handler; large state machine,calibration_state;large_state_machine;xdata_io,0x1543F;0x18F56;0x1A386,0x10908;0x1192A;0x11F64;0x12255;0x138C6;0x138CB;0x1393E;0x13943;0x13A13;0x13B04;0x13C0D;0x13CA6;0x13D18;0x13D51;0x140AB;0x1444A;0x14456;0x1476B;0x150F8,0x6F02;0x8067;0x8A98;0x8A99;0x8A9D;0x8A9E;0x8B3C,"call_refs=3 | unique_callers=3 | unique_callees=19 | dptr_refs=0x6F02, 0x8067, 0x8A98, 0x8A99, 0x8A9D, 0x8A9E, 0x8B3C | movx_count=42"
bank1_analog_frontend_measurement_regs_12255,0x12255,0x128FF,1,1707,call_target,1,medium,analog front-end control; measurement register path; numeric helper; large state machine,analog_frontend;large_state_machine;measurement_regs;numeric_engine;xdata_io,0x121A5,0x140F6;0x1410F;0x1413C;0x1414E;0x1420F;0x143E8;0x1444A;0x14456;0x150CE,0x0001;0x3F80;0x5F00;0x7B01;0x7D01;0x7D02;0x8000;0x804D;0x804F;0x8054;0x805F;0x8069;0x806A;0x806B;0x80F7;0x80F8;0x8105;0x8106;0x8108;0x8149;0x814A;0x817C;0x817D;0x81BA;0x81BB;0x81BC;0x81C0;0xFFFF,"call_refs=1 | unique_callers=1 | unique_callees=9 | dptr_refs=0x0001, 0x3F80, 0x5F00, 0x7B01, 0x7D01, 0x7D02, 0x8000, 0x804D... | movx_count=105"
bank1_xdata_io_12900,0x12900,0x12A09,1,266,call_target,1,low,general helper / control-flow block,xdata_io,0x12F28,0x1420F,0x8105;0x810A,"call_refs=1 | unique_callers=1 | unique_callees=1 | dptr_refs=0x8105, 0x810A | movx_count=30"
bank1_calibration_state_measurement_regs_12a0a,0x12A0A,0x12AAE,1,165,call_target,14,medium,calibration state/XDATA handler; measurement register path,calibration_state;measurement_regs;xdata_io,0x12BDA;0x12BE7;0x12C45;0x12C93;0x12CC4;0x12CD4;0x12D16;0x12D26;0x12D40;0x12D50;0x18147;0x183CE;0x18BAF;0x1E851,0x143E8;0x14456,0x3F80;0x5F00;0x5F80;0x7E02;0x7F80;0x805C;0x805F;0x8069;0x81BC;0x8ADE,"call_refs=14 | unique_callers=14 | unique_callees=2 | dptr_refs=0x3F80, 0x5F00, 0x5F80, 0x7E02, 0x7F80, 0x805C, 0x805F, 0x8069... | movx_count=29"
bank1_calibration_state_measurement_regs_12aaf,0x12AAF,0x12B8C,1,222,call_target,5,medium,calibration state/XDATA handler; measurement register path,calibration_state;measurement_regs;xdata_io,0x18D01;0x1CC15;0x1E983;0x1EA2C;0x1F5C7,0x11500;0x144CD,0x3F80;0x5F00;0x6F02;0x7E02;0x805C;0x805F;0x8067;0x8069;0x8AD0;0x8AD2,"call_refs=5 | unique_callers=5 | unique_callees=2 | dptr_refs=0x3F80, 0x5F00, 0x6F02, 0x7E02, 0x805C, 0x805F, 0x8067, 0x8069... | movx_count=42"
bank1_measurement_regs_xdata_io_12b8d,0x12B8D,0x12BA7,1,27,call_target,4,low,measurement register path,measurement_regs;xdata_io,0x1CC2E;0x1E986;0x1EA2F;0x1F5E0,,0x3F80;0x5F00;0x805F;0x8069,"call_refs=4 | unique_callers=4 | dptr_refs=0x3F80, 0x5F00, 0x805F, 0x8069 | movx_count=6"
bank1_calibration_state_analog_frontend_12ba8,0x12BA8,0x12CEC,1,325,call_target,1,medium,calibration state/XDATA handler; analog front-end control; measurement register path; numeric helper,analog_frontend;calibration_state;measurement_regs;numeric_engine;xdata_io,0x10308,0x12A0A;0x143E8;0x14456,0x7B02;0x7D02;0x7E02;0x8050;0x8054;0x805C;0x81BC;0x8A42;0x8A43;0x8A44;0x8A45;0x8A46;0x8A47;0x8A48,"call_refs=1 | unique_callers=1 | unique_callees=3 | dptr_refs=0x7B02, 0x7D02, 0x7E02, 0x8050, 0x8054, 0x805C, 0x81BC, 0x8A42... | movx_count=43 | mirror_bank0=0x02BA8 similarity=1.000"
bank1_jump_table_dispatch_calibration_state_12ced,0x12CED,0x13039,1,845,call_target,2,medium,jump-table dispatcher; calibration state/XDATA handler; analog front-end control; measurement register path; numeric helper; large state machine,analog_frontend;calibration_state;jump_table_dispatch;large_state_machine;measurement_regs;numeric_engine;xdata_io,0x102AA;0x18F0A,0x12900;0x12A0A,0x7B02;0x7D02;0x7E02;0x8050;0x8054;0x805C;0x8A77;0x8A78,"call_refs=2 | unique_callers=2 | unique_callees=2 | dptr_refs=0x7B02, 0x7D02, 0x7E02, 0x8050, 0x8054, 0x805C, 0x8A77, 0x8A78 | movx_count=15 | mirror_bank0=0x02CED similarity=1.000"
bank1_command_tables_region_1303a,0x1303A,0x130FF,1,198,call_target,1,low,general helper / control-flow block,command_tables_region,0x136CE,,,call_refs=1 | unique_callers=1
bank1_jump_table_dispatch_command_tables_region_13100,0x13100,0x1312D,1,46,call_target,1,medium,jump-table dispatcher,command_tables_region;jump_table_dispatch,0x13261,,,call_refs=1 | unique_callers=1
bank1_command_tables_region_1312e,0x1312E,0x1312F,1,2,call_target,1,low,general helper / control-flow block,command_tables_region,0x131B6,,,call_refs=1 | unique_callers=1
bank1_command_tables_region_13130,0x13130,0x13165,1,54,call_target,1,low,general helper / control-flow block,command_tables_region,0x131A4,,,call_refs=1 | unique_callers=1
bank1_jump_table_dispatch_numeric_engine_13166,0x13166,0x138BB,1,1878,call_target,1,medium,jump-table dispatcher; numeric helper; large state machine,command_tables_region;jump_table_dispatch;large_state_machine;numeric_engine;xdata_io,0x1353F,0x1303A;0x13100;0x1312E;0x13130;0x13166,0x3A00,call_refs=1 | unique_callers=1 | unique_callees=5 | dptr_refs=0x3A00 | movx_count=5
bank1_fn_138bc,0x138BC,0x138C0,1,5,call_target,1,low,general helper / control-flow block,,0x1004C,,0xF062,call_refs=1 | unique_callers=1 | dptr_refs=0xF062 | mirror_bank0=0x038BC similarity=1.000
bank1_fn_138c1,0x138C1,0x138C5,1,5,call_target,1,low,general helper / control-flow block,,0x10064,,0xF02E,call_refs=1 | unique_callers=1 | dptr_refs=0xF02E | mirror_bank0=0x038C1 similarity=1.000
bank1_text_ptr_wrapper_a,0x138C6,0x138CA,1,5,call_target,37,high,Bank-1 text/resource wrapper for shared print/format routine.,shared_helper,0x10077;0x10085;0x100C4;0x100D2;0x1010A;0x10118;0x10138;0x10146;0x10154;0x10162;0x1021F;0x1022D;0x102DE;0x102EC;0x10335;0x10343;0x10435;0x10443;0x1059F;0x105AD,,0xEFDF,call_refs=37 | unique_callers=37 | dptr_refs=0xEFDF | mirror_bank0=0x038C6 similarity=1.000
bank1_text_ptr_wrapper_b,0x138CB,0x138CF,1,5,call_target,36,high,Bank-1 text/resource wrapper for shared print/format routine.,shared_helper,0x10080;0x1008E;0x100CD;0x100DB;0x10113;0x10121;0x10141;0x1014F;0x1015D;0x1016B;0x10228;0x10236;0x102E7;0x102F5;0x1033E;0x1034C;0x1043E;0x1044C;0x105A8;0x105B6,,0xEF5C,call_refs=36 | unique_callers=36 | dptr_refs=0xEF5C | mirror_bank0=0x038CB similarity=1.000
bank1_fn_138d0,0x138D0,0x138D4,1,5,call_target,1,low,general helper / control-flow block,,0x100A1,,0x6E8E,call_refs=1 | unique_callers=1 | dptr_refs=0x6E8E | mirror_bank0=0x038D0 similarity=1.000
bank1_fn_138d5,0x138D5,0x138D9,1,5,call_target,1,low,general helper / control-flow block,,0x100BD,,0x7318,call_refs=1 | unique_callers=1 | dptr_refs=0x7318 | mirror_bank0=0x038D5 similarity=1.000
bank1_fn_138da,0x138DA,0x138DE,1,5,call_target,1,low,general helper / control-flow block,,0x1016E,,0xF311,call_refs=1 | unique_callers=1 | dptr_refs=0xF311 | mirror_bank0=0x038DA similarity=1.000
bank1_fn_138df,0x138DF,0x138E3,1,5,call_target,1,low,general helper / control-flow block,,0x101B7,,0xEFFE,call_refs=1 | unique_callers=1 | dptr_refs=0xEFFE | mirror_bank0=0x038DF similarity=1.000
bank1_fn_138e4,0x138E4,0x138E8,1,5,call_target,4,low,general helper / control-flow block,,0x101C0;0x101C9;0x101D2;0x101DB,,0xF011,call_refs=4 | unique_callers=4 | dptr_refs=0xF011 | mirror_bank0=0x038E4 similarity=1.000
bank1_fn_138e9,0x138E9,0x138ED,1,5,call_target,2,low,general helper / control-flow block,,0x101FA;0x10212,,0xF088,call_refs=2 | unique_callers=2 | dptr_refs=0xF088 | mirror_bank0=0x038E9 similarity=1.000
bank1_fn_138ee,0x138EE,0x138F2,1,5,call_target,5,low,general helper / control-flow block,,0x102BD;0x1031B;0x103B8;0x1180A;0x11906,,0x5401,call_refs=5 | unique_callers=5 | dptr_refs=0x5401 | mirror_bank0=0x038EE similarity=1.000
bank1_fn_138f3,0x138F3,0x138F7,1,5,call_target,1,low,general helper / control-flow block,,0x1037A,,0xCDD7,call_refs=1 | unique_callers=1 | dptr_refs=0xCDD7 | mirror_bank0=0x038F3 similarity=1.000
bank1_fn_138f8,0x138F8,0x138FC,1,5,call_target,3,low,general helper / control-flow block,,0x103C1;0x1180D;0x11909,,0x5528,call_refs=3 | unique_callers=3 | dptr_refs=0x5528 | mirror_bank0=0x038F8 similarity=1.000
bank1_fn_138fd,0x138FD,0x13901,1,5,call_target,1,low,general helper / control-flow block,,0x103D9,,0x5AE9,call_refs=1 | unique_callers=1 | dptr_refs=0x5AE9 | mirror_bank0=0x038FD similarity=1.000
bank1_fn_13902,0x13902,0x13906,1,5,call_target,1,low,general helper / control-flow block,,0x10422,,0x6A1D,call_refs=1 | unique_callers=1 | dptr_refs=0x6A1D | mirror_bank0=0x03902 similarity=1.000
bank1_fn_13907,0x13907,0x1390B,1,5,call_target,3,low,general helper / control-flow block,,0x1049C;0x11882;0x16DFF,,0x60BB,call_refs=3 | unique_callers=3 | dptr_refs=0x60BB | mirror_bank0=0x03907 similarity=1.000
bank1_fn_1390c,0x1390C,0x13910,1,5,call_target,1,low,general helper / control-flow block,,0x104BA,,0x7FE4,call_refs=1 | unique_callers=1 | dptr_refs=0x7FE4 | mirror_bank0=0x0390C similarity=1.000
bank1_calibration_state_13911,0x13911,0x13915,1,5,call_target,1,low,calibration state/XDATA handler,calibration_state,0x104D8,,0x8E3C,call_refs=1 | unique_callers=1 | dptr_refs=0x8E3C | mirror_bank0=0x03911 similarity=1.000
bank1_fn_13916,0x13916,0x1391A,1,5,call_target,3,low,general helper / control-flow block,,0x104F8;0x10518;0x11722,,0xCA15,call_refs=3 | unique_callers=3 | dptr_refs=0xCA15 | mirror_bank0=0x03916 similarity=1.000
bank1_fn_1391b,0x1391B,0x1391F,1,5,call_target,1,low,general helper / control-flow block,,0x10540,,0xF425,call_refs=1 | unique_callers=1 | dptr_refs=0xF425 | mirror_bank0=0x0391B similarity=1.000
bank1_fn_13920,0x13920,0x13924,1,5,call_target,1,low,general helper / control-flow block,,0x108A7,,0xE7E2,call_refs=1 | unique_callers=1 | dptr_refs=0xE7E2 | mirror_bank0=0x03920 similarity=1.000
bank1_fn_13925,0x13925,0x13929,1,5,call_target,1,low,general helper / control-flow block,,0x11703,,0x9387,call_refs=1 | unique_callers=1 | dptr_refs=0x9387 | mirror_bank0=0x03925 similarity=1.000
bank1_fn_1392a,0x1392A,0x1392E,1,5,call_target,12,low,general helper / control-flow block,,0x1177F;0x117D1;0x1182A;0x118E5;0x11926;0x16D65;0x16DB6;0x1B0DA;0x1E76A;0x1F4D8;0x1F715;0x1FC22,,0xEA24,call_refs=12 | unique_callers=12 | dptr_refs=0xEA24 | mirror_bank0=0x0392A similarity=1.000
bank1_fn_1392f,0x1392F,0x13933,1,5,call_target,1,low,general helper / control-flow block,,0x1182E,,0x9FD3,call_refs=1 | unique_callers=1 | dptr_refs=0x9FD3 | mirror_bank0=0x0392F similarity=1.000
bank1_fn_13934,0x13934,0x13938,1,5,call_target,1,low,general helper / control-flow block,,0x11887,,0xB311,call_refs=1 | unique_callers=1 | dptr_refs=0xB311 | mirror_bank0=0x03934 similarity=1.000
bank1_fn_13939,0x13939,0x1393D,1,5,call_target,2,low,general helper / control-flow block,,0x11C57;0x180CB,,0xB2B0,call_refs=2 | unique_callers=2 | dptr_refs=0xB2B0 | mirror_bank0=0x03939 similarity=1.000
bank1_calibration_state_1393e,0x1393E,0x13942,1,5,call_target,2,low,calibration state/XDATA handler,calibration_state,0x11CB3;0x1203E,,0x8B23,call_refs=2 | unique_callers=2 | dptr_refs=0x8B23 | mirror_bank0=0x0393E similarity=1.000
bank1_fn_13943,0x13943,0x13947,1,5,call_target,1,low,general helper / control-flow block,,0x1215B,,0xB0F8,call_refs=1 | unique_callers=1 | dptr_refs=0xB0F8
bank1_shared_helper_13948,0x13948,0x1394C,1,5,call_target,29,low,general helper / control-flow block,shared_helper,0x15E31;0x15F08;0x15FD1;0x15FF1;0x16707;0x16717;0x16818;0x168EF;0x169B8;0x169D7;0x16A87;0x16B10;0x16BD9;0x16D59;0x16DAA;0x181D9;0x182CA;0x18850;0x18867;0x1888E,,0xE839,call_refs=29 | unique_callers=29 | dptr_refs=0xE839
bank1_fn_1394d,0x1394D,0x1395B,1,15,call_target,2,low,general helper / control-flow block,,0x16E30;0x1E775,,0x7101;0xB59A;0xF267,"call_refs=2 | unique_callers=2 | dptr_refs=0x7101, 0xB59A, 0xF267"
bank1_fn_1395c,0x1395C,0x13961,1,6,call_target,4,low,general helper / control-flow block,,0x1B014;0x1B065;0x1E739;0x1FBF1,,0xED82,call_refs=4 | unique_callers=4 | dptr_refs=0xED82
bank1_calibration_state_13962,0x13962,0x1399D,1,60,call_target,1,low,calibration state/XDATA handler,calibration_state,0x15BC3,0x1399E;0x1449E;0x14DF4;0x150B9,0x8A81,call_refs=1 | unique_callers=1 | unique_callees=4 | dptr_refs=0x8A81
bank1_calibration_state_1399e,0x1399E,0x139AA,1,13,call_target,2,low,calibration state/XDATA handler,calibration_state,0x1396A;0x13989,0x14487,0x8A81,call_refs=2 | unique_callers=2 | unique_callees=1 | dptr_refs=0x8A81
bank1_fn_139ab,0x139AB,0x139E0,1,54,call_target,3,low,general helper / control-flow block,,0x11191;0x1126D;0x1D989,0x139E1;0x14348,,call_refs=3 | unique_callers=3 | unique_callees=2 | mirror_bank0=0x039AB similarity=1.000
bank1_fn_139e1,0x139E1,0x139EE,1,14,call_target,1,low,general helper / control-flow block,,0x139C6,,,call_refs=1 | unique_callers=1
bank1_fn_139ef,0x139EF,0x13A0E,1,32,call_target,1,low,general helper / control-flow block,,0x153A0,,,call_refs=1 | unique_callers=1
bank1_fn_13a0f,0x13A0F,0x13A12,1,4,call_target,16,low,general helper / control-flow block,,0x1138C;0x14D5F;0x1501E;0x18642;0x18698;0x186E9;0x18A28;0x18CC8;0x19909;0x1D090;0x1D215;0x1D27C;0x1D2FD;0x1D338;0x1D441;0x1E5BE,,,call_refs=16 | unique_callers=16 | mirror_bank0=0x03A0F similarity=1.000
bank1_numeric_engine_shared_helper_13a13,0x13A13,0x13B03,1,241,call_target,62,low,numeric helper,numeric_engine;shared_helper,0x11430;0x1208D;0x13FC6;0x14C8B;0x14E45;0x14F40;0x15006;0x15059;0x15080;0x16095;0x162DE;0x16503;0x192A3;0x1932C;0x19561;0x1A10E;0x1A133;0x1A157;0x1A19A;0x1A60D,0x13D88,,call_refs=62 | unique_callers=62 | unique_callees=1 | mirror_bank0=0x03A13 similarity=1.000
bank1_math_core_op_a,0x13B04,0x13C0C,1,265,call_target,158,medium,Core multi-byte arithmetic/normalization primitive used by numeric engine.,high_fan_in_core;numeric_engine,0x10DB5;0x10DF7;0x10EBD;0x10EFF;0x10F69;0x10FA9;0x1135C;0x113AF;0x11400;0x1145C;0x11BEC;0x120A3;0x13ECE;0x13F6B;0x13F9E;0x13FBF;0x14DA8;0x14E33;0x14EB7;0x14F0E,0x13D88,,call_refs=158 | unique_callers=158 | unique_callees=1 | mirror_bank0=0x03B04 similarity=1.000
bank1_shared_helper_13c0d,0x13C0D,0x13CA5,1,153,call_target,80,low,general helper / control-flow block,shared_helper,0x11367;0x113BA;0x1140B;0x11467;0x1148C;0x119C5;0x119F2;0x11B0C;0x11D52;0x11D74;0x11D96;0x11DE2;0x11E03;0x11E6E;0x12098;0x13EB8;0x14C7C;0x14EBC;0x1502F;0x1664F,0x13D88,,call_refs=80 | unique_callers=80 | unique_callees=1 | mirror_bank0=0x03C0D similarity=1.000
bank1_math_core_compare,0x13CA6,0x13D12,1,109,call_target,241,medium,Multi-byte compare/normalize routine used heavily in numeric pipeline.,high_fan_in_core,0x10DDC;0x10E1E;0x10EE4;0x10F26;0x10F90;0x10FD0;0x113E7;0x11741;0x117A1;0x118A0;0x11B2F;0x11D18;0x11D35;0x11DC7;0x11E22;0x11E49;0x12070;0x14CC6;0x14CDD;0x14D1F,,,call_refs=241 | unique_callers=241 | mirror_bank0=0x03CA6 similarity=1.000
bank1_fn_13d13,0x13D13,0x13D17,1,5,call_target,13,low,general helper / control-flow block,,0x11381;0x113D4;0x11425;0x11481;0x16140;0x1637E;0x16602;0x16644;0x18C31;0x18C9D;0x1D98D;0x1E9CE;0x1EA77,,,call_refs=13 | unique_callers=13 | mirror_bank0=0x03D13 similarity=1.000
bank1_shared_helper_13d18,0x13D18,0x13D1C,1,5,call_target,66,low,general helper / control-flow block,shared_helper,0x10DAA;0x10DC9;0x10DEC;0x10E0B;0x10EB2;0x10ED1;0x10EF4;0x10F13;0x10F5E;0x10F7D;0x10F9E;0x10FBD;0x11351;0x113A4;0x113F5;0x11451;0x11B1E;0x11BE1;0x12046;0x14D42,,,call_refs=66 | unique_callers=66 | mirror_bank0=0x03D18 similarity=1.000
bank1_fn_13d1d,0x13D1D,0x13D50,1,52,call_target,4,low,general helper / control-flow block,,0x14E42;0x14F3D;0x18A17;0x19E99,0x143DA,,call_refs=4 | unique_callers=4 | unique_callees=1
bank1_shared_helper_13d51,0x13D51,0x13D87,1,55,call_target,32,low,general helper / control-flow block,shared_helper,0x1138F;0x11433;0x1148F;0x119C8;0x119F5;0x11E71;0x120A6;0x14D32;0x14F34;0x16098;0x162E1;0x16506;0x16626;0x183EA;0x18664;0x186C8;0x18A0C;0x18A4A;0x18C6C;0x1926F,,,call_refs=32 | unique_callers=32 | mirror_bank0=0x03D51 similarity=1.000
bank1_fn_13d88,0x13D88,0x13DD0,1,73,call_target,3,low,general helper / control-flow block,,0x13A4C;0x13B23;0x13C1A,,,call_refs=3 | unique_callers=3
bank1_fn_13dd1,0x13DD1,0x13DE1,1,17,call_target,3,low,general helper / control-flow block,,0x14D80;0x14DC9;0x14EC2,,,call_refs=3 | unique_callers=3
bank1_numeric_engine_xdata_io_13de2,0x13DE2,0x13F53,1,370,call_target,3,low,numeric helper,numeric_engine;xdata_io,0x14924;0x14958;0x149B6,0x13B04;0x13C0D;0x13F54,,call_refs=3 | unique_callers=3 | unique_callees=3 | movx_count=12
bank1_fn_13f54,0x13F54,0x13F6D,1,26,call_target,3,low,general helper / control-flow block,,0x13EA9;0x13EBF;0x14EA5,0x13B04;0x13F6E;0x13F7D;0x13F82,,call_refs=3 | unique_callers=3 | unique_callees=4
bank1_fn_13f6e,0x13F6E,0x13F7C,1,15,call_target,1,low,general helper / control-flow block,,0x13F65,0x13F7D,,call_refs=1 | unique_callers=1 | unique_callees=1
bank1_fn_13f7d,0x13F7D,0x13F81,1,5,call_target,2,low,general helper / control-flow block,,0x13F68;0x13F78,,,call_refs=2 | unique_callers=2
bank1_fn_13f82,0x13F82,0x13F93,1,18,call_target,1,low,general helper / control-flow block,,0x13F5D,,0x3F24,call_refs=1 | unique_callers=1 | dptr_refs=0x3F24
bank1_fn_13f94,0x13F94,0x13FA2,1,15,call_target,1,low,general helper / control-flow block,,0x1503D,0x13B04,,call_refs=1 | unique_callers=1 | unique_callees=1
bank1_xdata_io_13fa3,0x13FA3,0x140AA,1,264,call_target,1,low,general helper / control-flow block,xdata_io,0x14F4A,0x13A13;0x13B04;0x1441E;0x1443A,,call_refs=1 | unique_callers=1 | unique_callees=4 | movx_count=14
bank1_numeric_dispatch_a,0x140AB,0x140D3,1,41,call_target,19,medium,Jump-table-driven numeric operation dispatcher (fixed/multi-byte math helpers).,jump_table_dispatch,0x10045;0x11FF8;0x1200B;0x1201E;0x157FD;0x1800E;0x18021;0x18E5C;0x19FCC;0x1A542;0x1B115;0x1B128;0x1B13B;0x1B14E;0x1B161;0x1B174;0x1B187;0x1D6F8;0x1F449,,0x402B,call_refs=19 | unique_callers=19 | dptr_refs=0x402B | mirror_bank0=0x040AB similarity=1.000
bank1_fn_140d4,0x140D4,0x140F5,1,34,call_target,2,low,general helper / control-flow block,,0x1B1D7;0x1B226,,,call_refs=2 | unique_callers=2
bank1_xdata_io_shared_helper_140f6,0x140F6,0x1410E,1,25,call_target,22,low,general helper / control-flow block,shared_helper;xdata_io,0x12740;0x127B0;0x148F1;0x1511E;0x1513D;0x151BF;0x151D3;0x1523F;0x1524E;0x152BB;0x152FB;0x15313;0x1533F;0x15361;0x1537D;0x1539C;0x153B0;0x1726B;0x1A917;0x1EF9E,,,call_refs=22 | unique_callers=22 | movx_count=2
bank1_xdata_io_shared_helper_1410f,0x1410F,0x1413B,1,45,call_target,21,low,general helper / control-flow block,shared_helper;xdata_io,0x1274C;0x12786;0x148CF;0x1519F;0x1BB38;0x1BB5C;0x1DD16;0x1DD34;0x1DE24;0x1DF58;0x1DF76;0x1DF94;0x1E08B;0x1E0A9;0x1E1A0;0x1E2D3;0x1E2F1;0x1E30F;0x1E3E7;0x1E405,,,call_refs=21 | unique_callers=21 | movx_count=2
bank1_mem_write_helper,0x1413C,0x1414D,1,18,call_target,70,medium,Generic write helper for internal/XDATA addressing modes.,shared_helper;xdata_io,0x1094B;0x10982;0x109BF;0x109FA;0x10A35;0x10A61;0x10A7A;0x10AA8;0x10AE5;0x10B20;0x10B4C;0x10B65;0x10B93;0x10BD0;0x10BFC;0x10C15;0x10C40;0x10C6A;0x10C83;0x10C98,,,call_refs=70 | unique_callers=70 | movx_count=2 | mirror_bank0=0x0413C similarity=1.000
bank1_xdata_io_1414e,0x1414E,0x1416F,1,34,call_target,7,low,general helper / control-flow block,xdata_io,0x1198E;0x119A8;0x1276D;0x127A0;0x151F2;0x1521A;0x152DA,,,call_refs=7 | unique_callers=7 | movx_count=2 | mirror_bank0=0x0414E similarity=1.000
bank1_fn_14170,0x14170,0x14183,1,20,call_target,6,low,general helper / control-flow block,,0x10935;0x11326;0x153CC;0x1B232;0x1BAC3;0x1E4A5,,,call_refs=6 | unique_callers=6 | mirror_bank0=0x04170 similarity=1.000
bank1_fn_14184,0x14184,0x141D8,1,85,call_target,16,low,general helper / control-flow block,,0x109AC;0x109CE;0x109E7;0x10A09;0x10A22;0x10A4E;0x10AD2;0x10AF4;0x10B0D;0x10B39;0x10BBD;0x10BE9;0x141F5;0x14201;0x1CE43;0x1F6E5,,,call_refs=16 | unique_callers=16 | mirror_bank0=0x04184 similarity=1.000
bank1_fn_141d9,0x141D9,0x1420E,1,54,call_target,10,low,general helper / control-flow block,,0x10971;0x10991;0x10A97;0x10AB7;0x10B82;0x10BA2;0x10C2F;0x10C59;0x1132B;0x1B246,0x14184,,call_refs=10 | unique_callers=10 | unique_callees=1 | mirror_bank0=0x041D9 similarity=1.000
bank1_multibyte_add_helper,0x1420F,0x14224,1,22,call_target,73,medium,Carry-aware multi-byte add helper on XDATA operands.,shared_helper;xdata_io,0x10955;0x109A5;0x109E0;0x10A1B;0x10A3F;0x10A6B;0x10ACB;0x10B06;0x10B2A;0x10B56;0x10BB6;0x10BDA;0x10C06;0x10C4A;0x10C74;0x10CA2;0x1114C;0x11228;0x11307;0x1271A,,,call_refs=73 | unique_callers=73 | movx_count=4 | mirror_bank0=0x0420F similarity=1.000
bank1_xdata_io_14225,0x14225,0x1423A,1,22,call_target,8,low,general helper / control-flow block,xdata_io,0x15118;0x15137;0x1514B;0x151CD;0x151E9;0x152A9;0x152D1;0x15377,,,call_refs=8 | unique_callers=8 | movx_count=4
bank1_xdata_io_1423b,0x1423B,0x1429D,1,99,call_target,3,low,general helper / control-flow block,xdata_io,0x11121;0x111FD;0x112D6,,,call_refs=3 | unique_callers=3 | movx_count=8 | mirror_bank0=0x0423B similarity=1.000
bank1_numeric_engine_xdata_io_1429e,0x1429E,0x14347,1,170,call_target,2,low,numeric helper,numeric_engine;xdata_io,0x11036;0x1107A,,,call_refs=2 | unique_callers=2 | movx_count=4 | mirror_bank0=0x0429E similarity=1.000
bank1_numeric_engine_14348,0x14348,0x143D9,1,146,call_target,3,low,numeric helper,numeric_engine,0x139C9;0x139DB;0x18C99,,,call_refs=3 | unique_callers=3
bank1_fn_143da,0x143DA,0x143E7,1,14,call_target,1,low,general helper / control-flow block,,0x13D2C,,,call_refs=1 | unique_callers=1
bank1_multibyte_cmp_helper,0x143E8,0x143FD,1,22,call_target,25,medium,Signed/unsigned multi-byte compare helper used across math/calibration logic.,shared_helper,0x10250;0x102D7;0x11343;0x11C87;0x11FC6;0x12561;0x12587;0x125A8;0x12A56;0x12C3E;0x12C8C;0x15438;0x16301;0x16E67;0x18D4A;0x1CAAF;0x1E84A;0x1E8F9;0x1F558;0x1F760,,,call_refs=25 | unique_callers=25 | mirror_bank0=0x043E8 similarity=1.000
bank1_fn_143fe,0x143FE,0x14411,1,20,call_target,3,low,general helper / control-flow block,,0x11E9F;0x11EDB;0x11F0D,,,call_refs=3 | unique_callers=3 | mirror_bank0=0x043FE similarity=1.000
bank1_xdata_io_14412,0x14412,0x1441D,1,12,call_target,1,low,general helper / control-flow block,xdata_io,0x14C76,,,call_refs=1 | unique_callers=1 | movx_count=4
bank1_fn_1441e,0x1441E,0x1442D,1,16,call_target,5,low,general helper / control-flow block,,0x13FAD;0x15015;0x1D16D;0x1D20A;0x1D2F2,,,call_refs=5 | unique_callers=5
bank1_xdata_io_1442e,0x1442E,0x14439,1,12,call_target,3,low,general helper / control-flow block,xdata_io,0x1501B;0x15043;0x1507D,,,call_refs=3 | unique_callers=3 | movx_count=4
bank1_fn_1443a,0x1443A,0x14449,1,16,call_target,8,low,general helper / control-flow block,,0x13FC2;0x15056;0x1CFDA;0x1D029;0x1D059;0x1D1D8;0x1D24D;0x1D2C0,,,call_refs=8 | unique_callers=8
bank1_store_u32_xdata,0x1444A,0x14455,1,12,call_target,202,high,Stores r4..r7 32-bit value to XDATA at DPTR.,high_fan_in_core;xdata_io,0x11142;0x11197;0x1121E;0x11273;0x112FD;0x11395;0x11439;0x11495;0x11709;0x11728;0x11A1A;0x11B12;0x11D58;0x11D7A;0x11D9C;0x11DE8;0x11E09;0x11E77;0x11EA5;0x11EE1,,,call_refs=202 | unique_callers=202 | movx_count=4 | mirror_bank0=0x0444A similarity=1.000
bank1_xdata_table_loader,0x14456,0x1446C,1,23,call_target,179,high,Indirect table loader/copy helper (MOVC/MOVX) used broadly by calibration/math paths.,high_fan_in_core;jump_table_dispatch,0x101A6;0x101B0;0x102FB;0x10358;0x10632;0x1063C;0x10646;0x10650;0x1065A;0x10664;0x1066E;0x10678;0x10682;0x1069A;0x106EC;0x106F6;0x10700;0x110D9;0x111B5;0x1128D,0x1446D,,call_refs=179 | unique_callers=179 | unique_callees=1 | mirror_bank0=0x04456 similarity=1.000
bank1_xdata_io_1446d,0x1446D,0x14486,1,26,call_target,4,low,general helper / control-flow block,xdata_io,0x1445F;0x14462;0x14465;0x14468,,,call_refs=4 | unique_callers=4 | movx_count=1
bank1_xdata_io_14487,0x14487,0x1449D,1,23,call_target,3,low,general helper / control-flow block,xdata_io,0x139A5;0x147A4;0x147E3,,,call_refs=3 | unique_callers=3 | movx_count=5
bank1_xdata_io_1449e,0x1449E,0x144A6,1,9,call_target,2,low,general helper / control-flow block,xdata_io,0x13967;0x147FB,,,call_refs=2 | unique_callers=2 | movx_count=3
bank1_jump_table_dispatch_144a7,0x144A7,0x144CC,1,38,call_target,1,low,jump-table dispatcher,jump_table_dispatch,0x14AC5,,,call_refs=1 | unique_callers=1
bank1_jump_table_dispatch_xdata_io_144cd,0x144CD,0x14681,1,437,call_target,3,medium,jump-table dispatcher; large state machine,jump_table_dispatch;large_state_machine;xdata_io,0x11A7B;0x12B00;0x17822,,,call_refs=3 | unique_callers=3 | movx_count=16 | mirror_bank0=0x044CD similarity=1.000
bank1_jump_table_dispatch_xdata_io_14682,0x14682,0x1476A,1,233,call_target,1,medium,jump-table dispatcher,jump_table_dispatch;xdata_io,0x100B3,,0x4573,call_refs=1 | unique_callers=1 | dptr_refs=0x4573 | movx_count=14 | mirror_bank0=0x04682 similarity=1.000
bank1_numeric_dispatch_b,0x1476B,0x14787,1,29,call_target,69,medium,Second jump-table numeric dispatcher with table at XDATA/ROM selector addresses.,jump_table_dispatch;shared_helper,0x1177C;0x117CE;0x11827;0x118E2;0x11923;0x11962;0x12129;0x15656;0x15681;0x1569B;0x156E2;0x1570D;0x15727;0x1577A;0x157A5;0x157BF;0x157DF;0x159D4;0x15A7E;0x15C9C,,0x46EF,call_refs=69 | unique_callers=69 | dptr_refs=0x46EF | mirror_bank0=0x0476B similarity=1.000
bank1_xdata_io_14788,0x14788,0x14796,1,15,call_target,14,low,general helper / control-flow block,xdata_io,0x14895;0x148A5;0x148A9;0x148AD;0x14A2B;0x14A34;0x14A3D;0x14A41;0x14B0B;0x14B0F;0x14B13;0x14B17;0x14BCA;0x14BDF,,,call_refs=14 | unique_callers=14 | movx_count=1
bank1_fn_14797,0x14797,0x147A9,1,19,call_target,2,low,general helper / control-flow block,,0x14820;0x1483A,0x14487,0x89F4;0x89F7,"call_refs=2 | unique_callers=2 | unique_callees=1 | dptr_refs=0x89F4, 0x89F7"
bank1_fn_147aa,0x147AA,0x147B2,1,9,call_target,3,low,general helper / control-flow block,,0x14997;0x149A1;0x149DE,,,call_refs=3 | unique_callers=3
bank1_fn_147b3,0x147B3,0x147B3,1,1,call_target,3,low,general helper / control-flow block,,0x14982;0x14990;0x149D4,,,call_refs=3 | unique_callers=3
bank1_fn_147b4,0x147B4,0x147BB,1,8,call_target,3,low,general helper / control-flow block,,0x14A05;0x14A0A;0x14ABA,,,call_refs=3 | unique_callers=3
bank1_fn_147bc,0x147BC,0x147BC,1,1,call_target,2,low,general helper / control-flow block,,0x14BEE;0x14BF3,,,call_refs=2 | unique_callers=2
bank1_fn_147bd,0x147BD,0x147CA,1,14,call_target,1,low,general helper / control-flow block,,0x149E8,,,call_refs=1 | unique_callers=1
bank1_fn_147cb,0x147CB,0x147DB,1,17,call_target,8,low,general helper / control-flow block,,0x1480B;0x14888;0x14899;0x14900;0x149FA;0x14B6A;0x14B80;0x14B8F,,,call_refs=8 | unique_callers=8
bank1_fn_147dc,0x147DC,0x147EC,1,17,call_target,1,low,general helper / control-flow block,,0x1482B,0x14487,0x89F4,call_refs=1 | unique_callers=1 | unique_callees=1 | dptr_refs=0x89F4
bank1_calibration_state_xdata_io_147ed,0x147ED,0x14971,1,389,call_target,7,low,calibration state/XDATA handler,calibration_state;xdata_io,0x1A5A1;0x1A649;0x1A6C4;0x1A75A;0x1A7ED;0x1A846;0x1FB5A,0x13DE2;0x140F6;0x1410F;0x1449E;0x14788;0x14797;0x147CB;0x147DC;0x14B05;0x14B21;0x14BA9,0x89F4;0x8A23,"call_refs=7 | unique_callers=7 | unique_callees=11 | dptr_refs=0x89F4, 0x8A23 | movx_count=1"
bank1_calibration_state_xdata_io_14972,0x14972,0x14B04,1,403,call_target,2,low,calibration state/XDATA handler,calibration_state;xdata_io,0x14EE8;0x14F82,0x13DE2;0x144A7;0x14788;0x147AA;0x147B3;0x147B4;0x147BD;0x147CB;0x14B05;0x14B21;0x14B23;0x14BA9,0x8A23,call_refs=2 | unique_callers=2 | unique_callees=12 | dptr_refs=0x8A23 | movx_count=5
bank1_calibration_state_14b05,0x14B05,0x14B20,1,28,call_target,3,low,calibration state/XDATA handler,calibration_state,0x1491D;0x1494E;0x149AE,0x14788,0x8A1C,call_refs=3 | unique_callers=3 | unique_callees=1 | dptr_refs=0x8A1C
bank1_fn_14b21,0x14B21,0x14B22,1,2,call_target,3,low,general helper / control-flow block,,0x148E5;0x1496E;0x149C9,,,call_refs=3 | unique_callers=3
bank1_fn_14b23,0x14B23,0x14B77,1,85,call_target,1,low,general helper / control-flow block,,0x14AA8,0x147CB;0x14B78,,call_refs=1 | unique_callers=1 | unique_callees=2
bank1_fn_14b78,0x14B78,0x14BA8,1,49,call_target,1,low,general helper / control-flow block,,0x14B57,0x147CB,,call_refs=1 | unique_callers=1 | unique_callees=1
bank1_xdata_io_14ba9,0x14BA9,0x14C01,1,89,call_target,3,low,general helper / control-flow block,xdata_io,0x1492D;0x14974;0x149D1,0x14788;0x147BC,0x4BC3,call_refs=3 | unique_callers=3 | unique_callees=2 | dptr_refs=0x4BC3 | movx_count=1
bank1_calibration_state_shared_helper_14c02,0x14C02,0x14C3D,1,60,call_target,23,low,calibration state/XDATA handler,calibration_state;shared_helper,0x19CBA;0x1BC9F;0x1BD20;0x1BDC8;0x1BE97;0x1BF66;0x1C035;0x1C154;0x1C273;0x1C912;0x1C965;0x1C9B7;0x1C9EF;0x1EB4F;0x1EBD7;0x1EC1C;0x1EC75;0x1ECCE;0x1ED40;0x1EDC8,0x1444A,0x8AB7,call_refs=23 | unique_callers=23 | unique_callees=1 | dptr_refs=0x8AB7
bank1_calibration_state_14c3e,0x14C3E,0x14CA9,1,108,call_target,1,low,calibration state/XDATA handler,calibration_state,0x14F8C,0x13A13;0x13C0D;0x14412,0x8AB7,call_refs=1 | unique_callers=1 | unique_callees=3 | dptr_refs=0x8AB7
bank1_calibration_state_xdata_io_14caa,0x14CAA,0x14D71,1,200,call_target,3,low,calibration state/XDATA handler,calibration_state;xdata_io,0x1A00F;0x1B38F;0x1B42B,0x13A0F;0x13CA6;0x13D18;0x13D51;0x1444A;0x14456,0x8A8E;0x8A92;0x8A96,"call_refs=3 | unique_callers=3 | unique_callees=6 | dptr_refs=0x8A8E, 0x8A92, 0x8A96 | movx_count=28"
bank1_calibration_state_xdata_io_14d72,0x14D72,0x14DF3,1,130,call_target,1,low,calibration state/XDATA handler,calibration_state;xdata_io,0x14F86,0x13B04;0x13DD1;0x1444A;0x14EFF;0x14F95,0x8A8E;0x8A92;0x8A97,"call_refs=1 | unique_callers=1 | unique_callees=5 | dptr_refs=0x8A8E, 0x8A92, 0x8A97 | movx_count=21"
bank1_numeric_engine_14df4,0x14DF4,0x14EFE,1,267,call_target,1,low,numeric helper,numeric_engine,0x13977,0x13A13;0x13B04;0x13C0D;0x13D1D;0x13DD1;0x13F54;0x14972,,call_refs=1 | unique_callers=1 | unique_callees=7
bank1_numeric_engine_xdata_io_14eff,0x14EFF,0x14F94,1,150,call_target,1,low,numeric helper,numeric_engine;xdata_io,0x14DAB,0x13A13;0x13B04;0x13D1D;0x13D51;0x13FA3;0x14972;0x14C3E;0x14D72,0x4EC7,call_refs=1 | unique_callers=1 | unique_callees=8 | dptr_refs=0x4EC7 | movx_count=1
bank1_calibration_state_14f95,0x14F95,0x1509C,1,264,call_target,1,low,calibration state/XDATA handler,calibration_state,0x14D97,0x13A0F;0x13A13;0x13B04;0x13C0D;0x13D18;0x13F94;0x1441E;0x1442E;0x1443A;0x1444A;0x1509D,0x4F61;0x8A98,"call_refs=1 | unique_callers=1 | unique_callees=11 | dptr_refs=0x4F61, 0x8A98"
bank1_fn_1509d,0x1509D,0x150B8,1,28,call_target,1,low,general helper / control-flow block,,0x15098,,,call_refs=1 | unique_callers=1
bank1_fn_150b9,0x150B9,0x150CD,1,21,call_target,2,low,general helper / control-flow block,,0x13970;0x15343,,,call_refs=2 | unique_callers=2
bank1_fn_150ce,0x150CE,0x150F7,1,42,call_target,1,low,general helper / control-flow block,,0x12823,,,call_refs=1 | unique_callers=1
bank1_calibration_accumulator,0x150F8,0x15162,1,107,call_target,48,medium,Calibration/state accumulator using 0x8B39..0x8B3F and math helpers.,calibration_state;shared_helper;xdata_io,0x119B9;0x1210D;0x12140;0x15AA5;0x15CB3;0x15DD6;0x15EB8;0x15F78;0x160F3;0x16235;0x16362;0x164A0;0x166C7;0x167BD;0x1689F;0x1695F;0x1874F;0x199F5;0x19A7B;0x1B02B,0x140F6;0x1413C;0x1420F;0x14225,0x8B39;0x8B3A;0x8B3C;0x8B3F,"call_refs=48 | unique_callers=48 | unique_callees=4 | dptr_refs=0x8B39, 0x8B3A, 0x8B3C, 0x8B3F | movx_count=12 | mirror_bank0=0x050F8 similarity=1.000"
bank1_calibration_state_xdata_io_15163,0x15163,0x1528F,1,301,call_target,5,low,calibration state/XDATA handler,calibration_state;xdata_io,0x159F0;0x15A28;0x15A61;0x160DC;0x1634B,0x140F6;0x1410F;0x1414E;0x1420F;0x14225,0x8A7B;0x8A7C;0x8A7E;0x8A7F;0x8A81;0x8B39;0x8B3C;0x8B3F;0x8B40;0x8B41;0x8B42,"call_refs=5 | unique_callers=5 | unique_callees=5 | dptr_refs=0x8A7B, 0x8A7C, 0x8A7E, 0x8A7F, 0x8A81, 0x8B39, 0x8B3C, 0x8B3F... | movx_count=40"
bank1_calibration_state_xdata_io_15290,0x15290,0x152F7,1,104,call_target,8,low,calibration state/XDATA handler,calibration_state;xdata_io,0x15995;0x15D17;0x15DBF;0x15EA1;0x15F61;0x167A6;0x16888;0x16948,0x140F6;0x1414E;0x1420F;0x14225,0x8B39;0x8B3C;0x8B3D;0x8B3F;0x8B41,"call_refs=8 | unique_callers=8 | unique_callees=4 | dptr_refs=0x8B39, 0x8B3C, 0x8B3D, 0x8B3F, 0x8B41 | movx_count=14"
bank1_shared_helper_152f8,0x152F8,0x1530C,1,21,call_target,23,low,general helper / control-flow block,shared_helper,0x1193B;0x15920;0x15A6A;0x15C02;0x15D46;0x15FFD;0x16037;0x16162;0x16181;0x162A0;0x163AC;0x163EC;0x1672D;0x18758;0x1877C;0x19B34;0x19B54;0x19B91;0x19BD4;0x1A870,0x140F6,,call_refs=23 | unique_callers=23 | unique_callees=1 | mirror_bank0=0x052F8 similarity=1.000
bank1_calibration_state_measurement_regs_1530d,0x1530D,0x15600,1,756,call_target,16,medium,calibration state/XDATA handler; measurement register path; large state machine,calibration_state;large_state_machine;measurement_regs;xdata_io,0x16660;0x1A6CF;0x1A765;0x1A7F8;0x1A851;0x1A897;0x1A9AA;0x1BAF9;0x1BBA1;0x1DCD7;0x1DDE5;0x1DF19;0x1E04C;0x1E161;0x1E294;0x1E3A8,0x11F64;0x11FD1;0x139EF;0x140F6;0x14170;0x1420F;0x14225;0x143E8;0x14456;0x150B9;0x16DBA,0x6F02;0x7700;0x7701;0x7D00;0x804C;0x8051;0x8059;0x805D;0x81BC;0x865B;0x865D;0x865F;0x8A42;0x8A44;0x8B2A;0x8B2B;0x8B2D,"call_refs=16 | unique_callers=16 | unique_callees=11 | dptr_refs=0x6F02, 0x7700, 0x7701, 0x7D00, 0x804C, 0x8051, 0x8059, 0x805D... | movx_count=101"
bank1_measurement_regs_xdata_io_15601,0x15601,0x157E7,1,487,call_target,1,medium,measurement register path; large state machine,large_state_machine;measurement_regs;xdata_io,0x15B4F,0x1476B;0x1F311,0x8036;0x8037;0x8051;0x8059;0x805D,"call_refs=1 | unique_callers=1 | unique_callees=2 | dptr_refs=0x8036, 0x8037, 0x8051, 0x8059, 0x805D | movx_count=38"
bank1_calibration_state_measurement_regs_157e8,0x157E8,0x15B8A,1,931,call_target,1,medium,calibration state/XDATA handler; measurement register path; numeric helper; large state machine,calibration_state;large_state_machine;measurement_regs;numeric_engine;service_strobe;xdata_io,0x15B6F,0x140AB;0x1476B;0x150F8;0x15163;0x15290;0x152F8;0x15601;0x157E8;0x15B8B;0x1EF5C;0x1EFDF;0x1F311,0x7B00;0x8033;0x8035;0x8036;0x8051;0x8059;0x805D;0x8661;0x8A42;0x8A43;0x8A44;0x8A46;0x8A47;0x8A49;0x8A4A;0x8A4B;0x8B3C,"call_refs=1 | unique_callers=1 | unique_callees=12 | dptr_refs=0x7B00, 0x8033, 0x8035, 0x8036, 0x8051, 0x8059, 0x805D, 0x8661... | movx_count=113"
bank1_calibration_state_measurement_regs_15b8b,0x15B8B,0x16DB9,1,4655,call_target,1,medium,calibration state/XDATA handler; measurement register path; numeric helper; large state machine,calibration_state;large_state_machine;measurement_regs;numeric_engine;xdata_io,0x15B87,0x10908;0x1192A;0x1392A;0x13948;0x13962;0x13A13;0x13B04;0x13C0D;0x13CA6;0x13D13;0x13D51;0x1413C;0x1420F;0x143E8;0x1444A;0x14456;0x1476B;0x150F8;0x15163;0x15290,0x8033;0x8036;0x8038;0x803C;0x8040;0x8044;0x8048;0x8051;0x8059;0x805D;0x80B7;0x80DA;0x8108;0x8661;0x8A46;0x8A47;0x8A48;0x8A4A;0x8A4E;0x8A50;0x8A52;0x8A53;0x8A54;0x8A55;0x8A56;0x8A58;0x8A59;0x8B3C;0x8B3F;0x8B40,"call_refs=1 | unique_callers=1 | unique_callees=23 | dptr_refs=0x8033, 0x8036, 0x8038, 0x803C, 0x8040, 0x8044, 0x8048, 0x8051... | movx_count=538"
bank1_measurement_regs_xdata_io_16dba,0x16DBA,0x16E8D,1,212,call_target,1,low,measurement register path,measurement_regs;xdata_io,0x15524,0x11F64;0x13907;0x1394D;0x143E8;0x14456;0x1CA15;0x1EF5C;0x1EFDF,0x6F02;0x7702;0x8036;0x8108;0x81BC;0x865B;0x865D;0x865F,"call_refs=1 | unique_callers=1 | unique_callees=8 | dptr_refs=0x6F02, 0x7702, 0x8036, 0x8108, 0x81BC, 0x865B, 0x865D, 0x865F | movx_count=22"
bank1_calibration_state_numeric_engine_16e8e,0x16E8E,0x17AFF,1,3186,call_target,114,medium,calibration state/XDATA handler; numeric helper; large state machine,calibration_state;high_fan_in_core;large_state_machine;numeric_engine;xdata_io,0x1733E;0x17354;0x1736A;0x17380;0x17396;0x173AC;0x173C2;0x173D8;0x173EE;0x17404;0x1741A;0x17430;0x17446;0x1745C;0x17472;0x17488;0x1749E;0x174B4;0x174CA;0x174E0,0x11F97;0x140F6;0x1413C;0x1420F;0x144CD;0x16E8E;0x17B00,0x0080;0x7D2B;0x8A97;0x8A99;0x8A9A;0x8A9B;0x8A9C;0x8A9D;0x8A9E;0x8A9F;0x8AA0;0x8AA1,"call_refs=114 | unique_callers=114 | unique_callees=7 | dptr_refs=0x0080, 0x7D2B, 0x8A97, 0x8A99, 0x8A9A, 0x8A9B, 0x8A9C, 0x8A9D... | movx_count=333"
bank1_calibration_state_analog_frontend_17b00,0x17B00,0x1880B,1,3340,call_target,1,medium,calibration state/XDATA handler; analog front-end control; measurement register path; numeric helper; large state machine,analog_frontend;calibration_state;large_state_machine;measurement_regs;numeric_engine;service_strobe;xdata_io,0x17896,0x10908;0x1151D;0x119BD;0x119EA;0x11F64;0x12A0A;0x13939;0x13948;0x13A0F;0x13B04;0x13CA6;0x13D18;0x13D51;0x140AB;0x1444A;0x14456;0x150F8;0x152F8;0x16E8E;0x1880C,0x7B00;0x7B01;0x7B02;0x7D02;0x7E02;0x8035;0x804D;0x8050;0x8054;0x805C;0x8089;0x81BA;0x81BB;0x8A42;0x8A46;0x8A4A;0x8A59;0x8A5A;0x8A5B;0x8A5C;0x8A5E;0x8A5F;0x8A60;0x8A62;0x8A63;0x8A64;0x8A65;0x8A67;0x8A97;0x8A9E;0x8B3C,"call_refs=1 | unique_callers=1 | unique_callees=31 | dptr_refs=0x7B00, 0x7B01, 0x7B02, 0x7D02, 0x7E02, 0x8035, 0x804D, 0x8050... | movx_count=326"
bank1_calibration_state_measurement_regs_1880c,0x1880C,0x18930,1,293,call_target,1,medium,calibration state/XDATA handler; measurement register path,calibration_state;measurement_regs;xdata_io,0x187B9,0x11F64;0x13948;0x13D18;0x1AFB0;0x1EF5C;0x1EFDF,0x8000;0x8036;0x8A66;0x8A67;0x8A68;0x8A69,"call_refs=1 | unique_callers=1 | unique_callees=6 | dptr_refs=0x8000, 0x8036, 0x8A66, 0x8A67, 0x8A68, 0x8A69 | movx_count=22"
bank1_calibration_state_analog_frontend_18931,0x18931,0x189CB,1,155,call_target,9,medium,calibration state/XDATA handler; analog front-end control; measurement register path,analog_frontend;calibration_state;measurement_regs;xdata_io,0x1809B;0x1822D;0x18380;0x18434;0x184EF;0x18564;0x185F0;0x18792;0x18801,0x1151D;0x11F64;0x18DDA;0x1F267,0x7B01;0x7B02;0x7D02;0x7E02;0x804D;0x8050;0x8054;0x805C;0x8A66,"call_refs=9 | unique_callers=9 | unique_callees=4 | dptr_refs=0x7B01, 0x7B02, 0x7D02, 0x7E02, 0x804D, 0x8050, 0x8054, 0x805C... | movx_count=18"
bank1_calibration_state_xdata_io_189cc,0x189CC,0x18A61,1,150,call_target,3,low,calibration state/XDATA handler,calibration_state;xdata_io,0x1819C;0x18463;0x1853B,0x11F64;0x13A0F;0x13B04;0x13C0D;0x13D1D;0x13D51;0x1444A;0x18A62,0x8A66;0x8A67;0x8A6B;0x8A6F;0x8A73,"call_refs=3 | unique_callers=3 | unique_callees=8 | dptr_refs=0x8A66, 0x8A67, 0x8A6B, 0x8A6F, 0x8A73 | movx_count=20"
bank1_calibration_state_xdata_io_18a62,0x18A62,0x18A97,1,54,call_target,1,low,calibration state/XDATA handler,calibration_state;xdata_io,0x18A56,0x11F64,0x8A74;0x8A75;0x8A76,"call_refs=1 | unique_callers=1 | unique_callees=1 | dptr_refs=0x8A74, 0x8A75, 0x8A76 | movx_count=6"
bank1_calibration_state_analog_frontend_18a98,0x18A98,0x18B22,1,139,call_target,3,medium,calibration state/XDATA handler; analog front-end control; measurement register path,analog_frontend;calibration_state;measurement_regs;xdata_io,0x18057;0x18181;0x184C7,0x11F64;0x1EF5C,0x7D01;0x7D02;0x804F;0x8054;0x8A66,"call_refs=3 | unique_callers=3 | unique_callees=2 | dptr_refs=0x7D01, 0x7D02, 0x804F, 0x8054, 0x8A66 | movx_count=27"
bank1_calibration_state_xdata_io_18b23,0x18B23,0x18CF0,1,462,call_target,10,medium,calibration state/XDATA handler; large state machine,calibration_state;large_state_machine;xdata_io,0x180FD;0x182F0;0x185B7;0x195F3;0x197AF;0x19878;0x1AA82;0x1AB4B;0x1B372;0x1B40E,0x11F64;0x12A0A;0x13A0F;0x13B04;0x13C0D;0x13CA6;0x13D13;0x13D18;0x13D51;0x14348;0x1444A;0x14456,0x8089;0x8145;0x8AA7;0x8AA8;0x8AA9;0x8AAB;0x8AAC;0x8AAD;0x8AAE;0x8AAF;0x8AB3;0x8AB7,"call_refs=10 | unique_callers=10 | unique_callees=12 | dptr_refs=0x8089, 0x8145, 0x8AA7, 0x8AA8, 0x8AA9, 0x8AAB, 0x8AAC, 0x8AAD... | movx_count=65"
bank1_calibration_state_analog_frontend_18cf1,0x18CF1,0x18DD9,1,233,call_target,1,medium,calibration state/XDATA handler; analog front-end control; measurement register path,analog_frontend;calibration_state;measurement_regs;xdata_io,0x181BF,0x11F64;0x12AAF;0x143E8;0x14456,0x1F80;0x3F80;0x5F00;0x5F80;0x7D02;0x7F00;0x7F80;0x8054;0x805F;0x8069;0x81BC;0x8A66,"call_refs=1 | unique_callers=1 | unique_callees=4 | dptr_refs=0x1F80, 0x3F80, 0x5F00, 0x5F80, 0x7D02, 0x7F00, 0x7F80, 0x8054... | movx_count=43"
bank1_calibration_state_measurement_regs_18dda,0x18DDA,0x19BFA,1,3617,call_target,13,medium,calibration state/XDATA handler; measurement register path; numeric helper; large state machine,calibration_state;large_state_machine;measurement_regs;numeric_engine;service_strobe;xdata_io,0x1808A;0x1817C;0x181E2;0x1821F;0x18226;0x182D6;0x18376;0x183BB;0x18491;0x187DF;0x187E6;0x187FA;0x18985,0x1151D;0x11F64;0x11F97;0x11FD1;0x12CED;0x13948;0x13A0F;0x13A13;0x13B04;0x13C0D;0x13CA6;0x13D18;0x13D51;0x140AB;0x1444A;0x14456;0x1476B;0x150F8;0x152F8;0x18B23,0x7702;0x7B00;0x7B02;0x7E02;0x8000;0x8002;0x8035;0x8036;0x8038;0x8048;0x8050;0x8055;0x805C;0x8061;0x8081;0x80B3;0x80BD;0x8639;0x866C;0x8A42;0x8A43;0x8A44;0x8A45;0x8A46;0x8A4F;0x8A54;0x8A55;0x8A56;0x8A5A;0x8A5D;0x8A5F;0x8A61;0x8A62;0x8A63;0x8A67;0x8A68;0x8A6A;0x8A6B;0x8A6C;0x8A6D,"call_refs=13 | unique_callers=13 | unique_callees=33 | dptr_refs=0x7702, 0x7B00, 0x7B02, 0x7E02, 0x8000, 0x8002, 0x8035, 0x8036... | movx_count=381"
bank1_calibration_state_measurement_regs_19bfb,0x19BFB,0x19FB0,1,950,call_target,1,medium,calibration state/XDATA handler; measurement register path; large state machine,calibration_state;large_state_machine;measurement_regs;xdata_io,0x198A2,0x11F64;0x11F97;0x13948;0x13B04;0x13C0D;0x13CA6;0x13D1D;0x1444A;0x14456;0x14C02;0x1A1E0;0x1AA31;0x1AFB0;0x1BBF7;0x1EF5C;0x1EFDF,0x6F02;0x8036;0x8038;0x8048;0x8A77;0x8A7B;0x8A7C;0x8A80;0x8A84,"call_refs=1 | unique_callers=1 | unique_callees=16 | dptr_refs=0x6F02, 0x8036, 0x8038, 0x8048, 0x8A77, 0x8A7B, 0x8A7C, 0x8A80... | movx_count=82"
bank1_calibration_state_xdata_io_19fb1,0x19FB1,0x1A1DF,1,559,call_target,2,medium,calibration state/XDATA handler; large state machine,calibration_state;large_state_machine;xdata_io,0x197BF;0x19888,0x11F64;0x13A13;0x13B04;0x13C0D;0x13CA6;0x13D18;0x140AB;0x1444A;0x14456;0x14CAA,0x8639;0x8A77;0x8A78;0x8A79;0x8A8A;0x8A92,"call_refs=2 | unique_callers=2 | unique_callees=10 | dptr_refs=0x8639, 0x8A77, 0x8A78, 0x8A79, 0x8A8A, 0x8A92 | movx_count=53"
bank1_cal_capture_regs,0x1A1E0,0x1A52B,1,844,call_target,32,high,Captures and stages calibration registers from 0x865x into 0x8A8x working area.,calibration_state;large_state_machine;measurement_regs;shared_helper;xdata_io,0x18091;0x18214;0x18295;0x1836B;0x1842A;0x184E5;0x1855A;0x185E6;0x18788;0x187ED;0x18FCD;0x19045;0x190DE;0x19177;0x1944B;0x1948C;0x19574;0x19772;0x19BE6;0x19D71,0x11F64;0x11F97;0x11FD1;0x1B0E8;0x1EF5C;0x1EFDF,0x6F02;0x7700;0x7701;0x7D00;0x804C;0x8108;0x865B;0x865D;0x865F;0x8A86;0x8A87;0x8A88;0x8A8A;0x8A8B;0x8A8C;0x8A8E;0x8A90;0x8A92;0x8A94;0x8A96,"call_refs=32 | unique_callers=32 | unique_callees=6 | dptr_refs=0x6F02, 0x7700, 0x7701, 0x7D00, 0x804C, 0x8108, 0x865B, 0x865D... | movx_count=138"
bank1_calibration_state_numeric_engine_1a52c,0x1A52C,0x1AA30,1,1285,call_target,1,medium,calibration state/XDATA handler; numeric helper; large state machine,calibration_state;large_state_machine;numeric_engine;xdata_io,0x198B6,0x11F64;0x13A13;0x13C0D;0x13CA6;0x140AB;0x140F6;0x1413C;0x1420F;0x1444A;0x1476B;0x147ED;0x152F8;0x1530D;0x1EF5C;0x1EFDF,0x89DF;0x89F7;0x89FA;0x8A77;0x8A7B;0x8A7C;0x8A86;0x8A87;0x8A88,"call_refs=1 | unique_callers=1 | unique_callees=15 | dptr_refs=0x89DF, 0x89F7, 0x89FA, 0x8A77, 0x8A7B, 0x8A7C, 0x8A86, 0x8A87... | movx_count=138"
bank1_cal_compute_stage,0x1AA31,0x1ACD3,1,675,call_target,33,medium,Calibration compute stage seeded from 0x8A86..0x8A8E with service/memory helpers.,analog_frontend;calibration_state;large_state_machine;measurement_regs;shared_helper;xdata_io,0x19548;0x195E8;0x19781;0x19804;0x19810;0x19857;0x19891;0x198B9;0x198D3;0x19A05;0x19A8B;0x19AB3;0x19AB6;0x19B2B;0x19BDF;0x19C1F;0x1AD01;0x1AD3F;0x1AD7B;0x1AD8A,0x11F64;0x13B04;0x13C0D;0x13CA6;0x13D18;0x13D51;0x1444A;0x14456;0x18B23;0x1B0F8,0x7D02;0x8048;0x8054;0x8A86;0x8A8A;0x8A8E,"call_refs=33 | unique_callers=33 | unique_callees=10 | dptr_refs=0x7D02, 0x8048, 0x8054, 0x8A86, 0x8A8A, 0x8A8E | movx_count=78"
bank1_calibration_state_analog_frontend_1acd4,0x1ACD4,0x1AFAF,1,732,call_target,5,medium,calibration state/XDATA handler; analog front-end control; measurement register path; large state machine,analog_frontend;calibration_state;large_state_machine;measurement_regs;service_strobe;xdata_io,0x19452;0x19493;0x1957E;0x19779;0x19BF0,0x1151D;0x11F64;0x11F97;0x13B04;0x13CA6;0x1444A;0x14456;0x1AA31;0x1EF5C;0x1EFDF;0x1F267,0x7702;0x7B00;0x7B02;0x7D02;0x7E02;0x8035;0x8050;0x8054;0x805C;0x8061;0x8A77;0x8A78;0x8A7C,"call_refs=5 | unique_callers=5 | unique_callees=11 | dptr_refs=0x7702, 0x7B00, 0x7B02, 0x7D02, 0x7E02, 0x8035, 0x8050, 0x8054... | movx_count=74"
bank1_calibration_state_xdata_io_1afb0,0x1AFB0,0x1B0E7,1,312,call_target,17,low,calibration state/XDATA handler,calibration_state;xdata_io,0x1820B;0x18362;0x1885B;0x18872;0x18899;0x18923;0x18FF5;0x1903C;0x190D5;0x1916E;0x19AE0;0x19AF3;0x19B07;0x19B25;0x19D58;0x19D96;0x19F0C,0x11F64;0x1392A;0x1395C;0x1444A;0x1476B;0x150F8,0x8108;0x8A86;0x8B3C,"call_refs=17 | unique_callers=17 | unique_callees=6 | dptr_refs=0x8108, 0x8A86, 0x8B3C | movx_count=27"
bank1_xdata_io_1b0e8,0x1B0E8,0x1B0F7,1,16,call_target,2,low,general helper / control-flow block,xdata_io,0x18F4E;0x1A37E,0x11F64,0x7702,call_refs=2 | unique_callers=2 | unique_callees=1 | dptr_refs=0x7702 | movx_count=1
bank1_calibration_state_numeric_engine_1b0f8,0x1B0F8,0x1B310,1,537,call_target,1,medium,calibration state/XDATA handler; numeric helper; large state machine,calibration_state;large_state_machine;numeric_engine;xdata_io,0x1ACBF,0x11F64;0x140AB;0x140D4;0x14170;0x141D9;0x150F8;0x152F8;0x1EF5C;0x1EFDF,0x8AA7;0x8AA8;0x8AAA;0x8AAB;0x8AAE;0x8B3C,"call_refs=1 | unique_callers=1 | unique_callees=9 | dptr_refs=0x8AA7, 0x8AA8, 0x8AAA, 0x8AAB, 0x8AAE, 0x8B3C | movx_count=36"
bank1_calibration_state_measurement_regs_1b311,0x1B311,0x1B520,1,528,call_target,1,medium,calibration state/XDATA handler; measurement register path; large state machine,calibration_state;large_state_machine;measurement_regs;service_strobe;xdata_io,0x193F3,0x1151D;0x11F64;0x11F97;0x13A13;0x13B04;0x13C0D;0x13CA6;0x13D18;0x1444A;0x14456;0x14CAA;0x18B23,0x7702;0x7B00;0x7B02;0x7E02;0x8035;0x8050;0x805C;0x8061;0x8639;0x8A77;0x8A78;0x8A7A;0x8A92,"call_refs=1 | unique_callers=1 | unique_callees=12 | dptr_refs=0x7702, 0x7B00, 0x7B02, 0x7E02, 0x8035, 0x8050, 0x805C, 0x8061... | movx_count=59"
bank1_calibration_state_xdata_io_1b521,0x1B521,0x1BBF6,1,1750,call_target,3,medium,calibration state/XDATA handler; large state machine,calibration_state;large_state_machine;xdata_io,0x199DE;0x19A64;0x19AA1,0x10908;0x11F64;0x13A13;0x13B04;0x13C0D;0x13CA6;0x13D18;0x13D51;0x1410F;0x1413C;0x14170;0x1420F;0x1444A;0x1476B;0x150F8;0x1530D;0x1AA31,0x8A77;0x8A7B;0x8A7C;0x8A7E;0x8A7F;0x8B3C;0xFFFF,"call_refs=3 | unique_callers=3 | unique_callees=17 | dptr_refs=0x8A77, 0x8A7B, 0x8A7C, 0x8A7E, 0x8A7F, 0x8B3C, 0xFFFF | movx_count=197"
bank1_calibration_state_measurement_regs_1bbf7,0x1BBF7,0x1CA14,1,3614,call_target,1,medium,calibration state/XDATA handler; measurement register path; large state machine,calibration_state;large_state_machine;measurement_regs;xdata_io,0x19DA2,0x11F64;0x13B04;0x13CA6;0x1444A;0x14456;0x14C02,0x8038;0x8048;0x8A86,"call_refs=1 | unique_callers=1 | unique_callees=6 | dptr_refs=0x8038, 0x8048, 0x8A86 | movx_count=400"
bank1_calibration_state_analog_frontend_1ca15,0x1CA15,0x1D18F,1,1915,call_target,1,medium,calibration state/XDATA handler; analog front-end control; measurement register path; numeric helper; large state machine,analog_frontend;calibration_state;large_state_machine;measurement_regs;numeric_engine;service_strobe;xdata_io,0x16E0F,0x1151D;0x119BD;0x11F64;0x12AAF;0x12B8D;0x13A0F;0x13A13;0x13B04;0x13C0D;0x13CA6;0x13D18;0x14184;0x143E8;0x1441E;0x1443A;0x1444A;0x14456;0x1A1E0;0x1D190,0x3F80;0x5F00;0x5F80;0x7702;0x7B00;0x7B01;0x7B02;0x7D01;0x7D02;0x7E02;0x7F80;0x8035;0x804D;0x804F;0x8050;0x8054;0x805C;0x805F;0x8069;0x81BC;0x866C;0x8A45;0x8A46;0x8A47;0x8A48;0x8A49;0x8A4B;0x8A4C;0x8A4E;0x8A4F;0x8A50;0x8A52;0x8A53;0x8A54;0x8A56;0x8A5A;0x8A5E;0x8A62;0x8A66;0x8A6A,"call_refs=1 | unique_callers=1 | unique_callees=19 | dptr_refs=0x3F80, 0x5F00, 0x5F80, 0x7702, 0x7B00, 0x7B01, 0x7B02, 0x7D01... | movx_count=227"
bank1_calibration_state_analog_frontend_1d190,0x1D190,0x1D6E2,1,1363,call_target,1,medium,calibration state/XDATA handler; analog front-end control; measurement register path; numeric helper; large state machine,analog_frontend;calibration_state;large_state_machine;measurement_regs;numeric_engine;xdata_io,0x1D150,0x11F46;0x13A0F;0x13A13;0x13B04;0x13C0D;0x13CA6;0x13D18;0x1441E;0x1443A;0x1444A;0x14456;0x1D6E3;0x1E77B,0x7B01;0x7B02;0x7D02;0x7E02;0x804D;0x8050;0x8054;0x805C;0x80F3;0x8125;0x8141;0x8646;0x8A45;0x8A46;0x8A4A;0x8A50;0x8A56;0x8A5A;0x8A5E;0x8A62;0x8A6A;0x8A6B;0x8A6D;0x8A71,"call_refs=1 | unique_callers=1 | unique_callees=13 | dptr_refs=0x7B01, 0x7B02, 0x7D02, 0x7E02, 0x804D, 0x8050, 0x8054, 0x805C... | movx_count=163"
bank1_calibration_state_measurement_regs_1d6e3,0x1D6E3,0x1E77A,1,4248,call_target,4,medium,calibration state/XDATA handler; measurement register path; numeric helper; large state machine,calibration_state;large_state_machine;measurement_regs;numeric_engine;xdata_io,0x1D523;0x1D5CD;0x1D630;0x1D656,0x10908;0x10CB5;0x1192A;0x1392A;0x13948;0x1394D;0x1395C;0x139AB;0x13A0F;0x13A13;0x13B04;0x13C0D;0x13CA6;0x13D13;0x13D18;0x13D51;0x140AB;0x1410F;0x1413C;0x14170,0x8000;0x803C;0x8040;0x8044;0x8108;0x8A6C;0x8A6D;0x8A71;0x8A76;0x8A79;0x8A7C;0x8A7D;0x8A85;0x8A89;0x8ACA;0x8B3C;0xFFFF,"call_refs=4 | unique_callers=4 | unique_callees=27 | dptr_refs=0x8000, 0x803C, 0x8040, 0x8044, 0x8108, 0x8A6C, 0x8A6D, 0x8A71... | movx_count=463"
bank1_jump_table_dispatch_calibration_state_1e77b,0x1E77B,0x1EF5B,1,2017,call_target,1,medium,jump-table dispatcher; calibration state/XDATA handler; measurement register path; large state machine,calibration_state;jump_table_dispatch;large_state_machine;measurement_regs;xdata_io,0x1D5A1,0x1151D;0x11A17;0x11CD6;0x12A0A;0x12AAF;0x12B8D;0x13A13;0x13B04;0x13C0D;0x13CA6;0x13D13;0x13D18;0x143E8;0x1444A;0x14456;0x14C02,0x3F80;0x5F00;0x7B01;0x7B02;0x7D01;0x804D;0x804F;0x8050;0x805F;0x8069;0x80F3;0x81BC;0x8A6C;0x8A6D;0x8A6E;0x8A70;0x8A74;0x8A78;0x8A7C;0x8A80;0x8A84;0x8A88;0x8A8C;0x8A90;0x8A94;0x8ABB;0xE917,"call_refs=1 | unique_callers=1 | unique_callees=16 | dptr_refs=0x3F80, 0x5F00, 0x7B01, 0x7B02, 0x7D01, 0x804D, 0x804F, 0x8050... | movx_count=242"
bank1_afe_sequence_a,0x1EF5C,0x1EFDE,1,131,call_target,97,high,Analog front-end control sequence via 0x8054/0x7D02/0x7E01; used in measurement setup.,analog_frontend;calibration_state;measurement_regs;shared_helper;xdata_io,0x15ABE;0x15ACC;0x15ADA;0x16E1F;0x16E2D;0x181FA;0x1824A;0x18253;0x18270;0x18279;0x18346;0x18351;0x1840E;0x18417;0x18420;0x18500;0x18509;0x18575;0x1857E;0x18587,0x140F6;0x1420F;0x1EFFE;0x1F011,0x7D02;0x7E01;0x8054;0x8AE2;0x8AE3,"call_refs=97 | unique_callers=97 | unique_callees=4 | dptr_refs=0x7D02, 0x7E01, 0x8054, 0x8AE2, 0x8AE3 | movx_count=20"
bank1_afe_sequence_b,0x1EFDF,0x1EFFD,1,31,call_target,65,high,Alternate AFE sequence and mode-bit staging around 0x8AE2 + 0x7E01.,analog_frontend;calibration_state;shared_helper;xdata_io,0x15AB5;0x15AC3;0x15AD1;0x16E16;0x16E24;0x1812C;0x181F1;0x182E5;0x187A5;0x187CF;0x188B7;0x188E9;0x18F15;0x18F23;0x18F66;0x19008;0x19016;0x190A7;0x190B5;0x19140,0x1EFFE;0x1F011,0x7E01;0x8AE2,"call_refs=65 | unique_callers=65 | unique_callees=2 | dptr_refs=0x7E01, 0x8AE2 | movx_count=4"
bank1_afe_clear_and_trigger,0x1EFFE,0x1F010,1,19,call_target,10,high,Clears AFE control bits and starts trigger pulse path.,analog_frontend;measurement_regs;xdata_io,0x10016;0x1EF67;0x1EFDB;0x1EFE4;0x1F02E;0x1F08D;0x1F0BC;0x1F12B;0x1F137;0x1F1C3,0x1F062,0x7D02;0x8054,"call_refs=10 | unique_callers=10 | unique_callees=1 | dptr_refs=0x7D02, 0x8054 | movx_count=3"
bank1_afe_pulse_trigger,0x1F011,0x1F061,1,81,call_target,19,high,AFE pulse/trigger primitive toggling control bits then waiting for completion.,analog_frontend;measurement_regs;xdata_io,0x1001F;0x1EF70;0x1EF79;0x1EF82;0x1EFBB;0x1EFED;0x1EFFA;0x1F037;0x1F040;0x1F049;0x1F052;0x1F05B;0x1F096;0x1F0AC;0x1F0D2;0x1F0F1;0x1F123;0x1F146;0x1F1D5,0x10016;0x1EFFE;0x1F011;0x1F062,0x7D02;0x7E01;0x8054,"call_refs=19 | unique_callers=19 | unique_callees=4 | dptr_refs=0x7D02, 0x7E01, 0x8054 | movx_count=10"
bank1_calibration_state_analog_frontend_1f062,0x1F062,0x1F0B6,1,85,call_target,3,medium,calibration state/XDATA handler; analog front-end control; measurement register path,analog_frontend;calibration_state;measurement_regs;xdata_io,0x1F00D;0x1F02A;0x1F0B3,0x1EFFE;0x1F011;0x1F062,0x7D02;0x7E01;0x8054;0x8A42,"call_refs=3 | unique_callers=3 | unique_callees=3 | dptr_refs=0x7D02, 0x7E01, 0x8054, 0x8A42 | movx_count=7"
bank1_calibration_state_analog_frontend_1f0b7,0x1F0B7,0x1F0D5,1,31,call_target,17,medium,calibration state/XDATA handler; analog front-end control; measurement register path,analog_frontend;calibration_state;measurement_regs;xdata_io,0x1F184;0x1F18B;0x1F192;0x1F199;0x1F1A0;0x1F1A7;0x1F1AE;0x1F1B5;0x1F208;0x1F20F;0x1F221;0x1F228;0x1F22F;0x1F236;0x1F23D;0x1F244;0x1F24B,0x1EFFE;0x1F011,0x7D02;0x7E01;0x8054;0x8A91,"call_refs=17 | unique_callers=17 | unique_callees=2 | dptr_refs=0x7D02, 0x7E01, 0x8054, 0x8A91 | movx_count=6"
bank1_analog_frontend_measurement_regs_1f0d6,0x1F0D6,0x1F12E,1,89,call_target,1,medium,analog front-end control; measurement register path,analog_frontend;measurement_regs;xdata_io,0x1F12F,0x1EFFE;0x1F011,0x7D02;0x7E01;0x8054,"call_refs=1 | unique_callers=1 | unique_callees=2 | dptr_refs=0x7D02, 0x7E01, 0x8054 | movx_count=10"
bank1_jump_table_dispatch_calibration_state_1f12f,0x1F12F,0x1F266,1,312,call_target,1,medium,jump-table dispatcher; calibration state/XDATA handler; analog front-end control,analog_frontend;calibration_state;jump_table_dispatch;xdata_io,0x1F421,0x11F97;0x1EF5C;0x1EFFE;0x1F011;0x1F0B7;0x1F0D6,0x7E01;0x8A90;0xF159;0xF1E8,"call_refs=1 | unique_callers=1 | unique_callees=6 | dptr_refs=0x7E01, 0x8A90, 0xF159, 0xF1E8 | movx_count=10"
bank1_state_to_control_map,0x1F267,0x1F310,1,170,call_target,26,medium,Maps staged state in 0x8AD0..0x8AD3 to control-byte programming.,calibration_state;shared_helper;xdata_io,0x180A5;0x18127;0x181E7;0x181EC;0x182DB;0x182E0;0x18773;0x187CA;0x1897E;0x1898A;0x18F36;0x18F3B;0x18F7B;0x18F80;0x18FDD;0x18FE2;0x19055;0x1905A;0x190EE;0x190F3,0x11F64;0x1EF5C;0x1EFDF,0x8AD0;0x8AD1;0x8AD2;0x8AD3,"call_refs=26 | unique_callers=26 | unique_callees=3 | dptr_refs=0x8AD0, 0x8AD1, 0x8AD2, 0x8AD3 | movx_count=18"
bank1_calibration_state_analog_frontend_1f311,0x1F311,0x1FC9A,1,2442,call_target,9,medium,calibration state/XDATA handler; analog front-end control; measurement register path; numeric helper; large state machine,analog_frontend;calibration_state;large_state_machine;measurement_regs;numeric_engine;service_strobe;xdata_io,0x157E4;0x158F2;0x15FE1;0x16156;0x16261;0x16394;0x164CA;0x166D9;0x169C8,0x1151D;0x119BD;0x11F64;0x12AAF;0x12B8D;0x1392A;0x13948;0x1395C;0x13CA6;0x13D18;0x140AB;0x14184;0x143E8;0x14456;0x1476B;0x147ED;0x150F8;0x1A1E0;0x1EF5C;0x1EFDF,0x3F80;0x5F00;0x5F80;0x7B00;0x7B01;0x7B02;0x7D00;0x7D01;0x7D02;0x7E02;0x7F80;0x8000;0x8035;0x8036;0x8048;0x804C;0x804D;0x804F;0x8050;0x8054;0x805C;0x805F;0x8069;0x81BC;0x866C;0x89F7;0x89FA;0x8A42;0x8A43;0x8A44;0x8A46;0x8A47;0x8A48;0x8A49;0x8A4A;0x8A4D;0x8B3C,"call_refs=9 | unique_callers=9 | unique_callees=22 | dptr_refs=0x3F80, 0x5F00, 0x5F80, 0x7B00, 0x7B01, 0x7B02, 0x7D00, 0x7D01... | movx_count=308"
bank1_large_state_machine_1fc9b,0x1FC9B,0x1FFFF,1,869,call_target,5,low,large state machine,large_state_machine,0x1F850;0x1F8FD;0x1F969;0x1FA20;0x1FACD,,,call_refs=5 | unique_callers=5
