-e file	size	type	vi_hits	cal_hits
-e 100668	7689	data	compatWriteText.vi;	no local error;local error occurred;
-e 100668.zlib	1012386	zlib compressed data	Write File+ (string).vi;GET_PATH.vi;	Measure volts, amps, or ohms.  Select one of 6 functions.  Select range or use auto range.  Select trigger mode.  Slow reading rate is used for accuracy.                                         version a.0;SetCINArraySize, elmtNum %ld out of range 0 <= elmtNum < %ld;
-e 1011B4	1888	data		error out;error in;
-e 1011B4.zlib	1009494	zlib compressed data	Write File+ (string).vi;GET_PATH.vi;	Measure volts, amps, or ohms.  Select one of 6 functions.  Select range or use auto range.  Select trigger mode.  Slow reading rate is used for accuracy.                                         version a.0;SetCINArraySize, elmtNum %ld out of range 0 <= elmtNum < %ld;
-e 101B44	799	data		CPlease choose the file containing the capacitance calibration data.PTH0;BPlease choose the file containing the inductance calibration data.;
-e 101B44.zlib	1007046	zlib compressed data	GET_PATH.vi;GET_PATH.vi;	Measure volts, amps, or ohms.  Select one of 6 functions.  Select range or use auto range.  Select trigger mode.  Slow reading rate is used for accuracy.                                         version a.0;SetCINArraySize, elmtNum %ld out of range 0 <= elmtNum < %ld;
-e 101CA4	2880	data		
-e 101CA4.zlib	1006694	zlib compressed data	GET_PATH.vi;GET_PATH.vi;	Measure volts, amps, or ohms.  Select one of 6 functions.  Select range or use auto range.  Select trigger mode.  Slow reading rate is used for accuracy.                                         version a.0;SetCINArraySize, elmtNum %ld out of range 0 <= elmtNum < %ld;
-e 102504	2113	data		Inductance Box Cal Data File;Capacitance Box Cal Data File;
-e 102504.zlib	1004550	zlib compressed data	GET_PATH.vi;GET_PATH.vi;	Measure volts, amps, or ohms.  Select one of 6 functions.  Select range or use auto range.  Select trigger mode.  Slow reading rate is used for accuracy.                                         version a.0;SetCINArraySize, elmtNum %ld out of range 0 <= elmtNum < %ld;
-e 102838	4228	data		
-e 102838.zlib	1003730	zlib compressed data	GET_PATH.vi;Serial Port Reset.vi;	Measure volts, amps, or ohms.  Select one of 6 functions.  Select range or use auto range.  Select trigger mode.  Slow reading rate is used for accuracy.                                         version a.0;SetCINArraySize, elmtNum %ld out of range 0 <= elmtNum < %ld;
-e 102CA8	984	data		Inductance Box Cal Data File;Capacitance Box Cal Data File;
-e 102CA8.zlib	1002594	zlib compressed data	GET_PATH.vi;Serial Port Reset.vi;	Measure volts, amps, or ohms.  Select one of 6 functions.  Select range or use auto range.  Select trigger mode.  Slow reading rate is used for accuracy.                                         version a.0;SetCINArraySize, elmtNum %ld out of range 0 <= elmtNum < %ld;
-e 1034F4	1534	data		
-e 1034F4.zlib	1000470	zlib compressed data	Serial Port Reset.vi;MThis verison of Serial Port Reset.vi is for the Windows 3 version of LabVIEW.;	Measure volts, amps, or ohms.  Select one of 6 functions.  Select range or use auto range.  Select trigger mode.  Slow reading rate is used for accuracy.                                         version a.0;SetCINArraySize, elmtNum %ld out of range 0 <= elmtNum < %ld;
-e 103794	6284	data		
-e 103794.zlib	999798	zlib compressed data	MThis verison of Serial Port Reset.vi is for the Windows 3 version of LabVIEW.;Serial Port Reset.vi;	Measure volts, amps, or ohms.  Select one of 6 functions.  Select range or use auto range.  Select trigger mode.  Slow reading rate is used for accuracy.                                         version a.0;SetCINArraySize, elmtNum %ld out of range 0 <= elmtNum < %ld;
-e 1042CC	8867	data		error;parity error byte;
-e 1042CC.zlib	996926	zlib compressed data	Serial Port Reset.vi;Serial Port Reset.vi;	Measure volts, amps, or ohms.  Select one of 6 functions.  Select range or use auto range.  Select trigger mode.  Slow reading rate is used for accuracy.                                         version a.0;SetCINArraySize, elmtNum %ld out of range 0 <= elmtNum < %ld;
-e 104A18	20343	data		
-e 104A18.zlib	995058	zlib compressed data	Serial Port Reset.vi;Serial Port Buffer Size.vi;	Measure volts, amps, or ohms.  Select one of 6 functions.  Select range or use auto range.  Select trigger mode.  Slow reading rate is used for accuracy.                                         version a.0;SetCINArraySize, elmtNum %ld out of range 0 <= elmtNum < %ld;
-e 105728	2092	data		error;parity error byte;
-e 105728.zlib	991714	zlib compressed data	Serial Port Reset.vi;Serial Port Buffer Size.vi;	Measure volts, amps, or ohms.  Select one of 6 functions.  Select range or use auto range.  Select trigger mode.  Slow reading rate is used for accuracy.                                         version a.0;SetCINArraySize, elmtNum %ld out of range 0 <= elmtNum < %ld;
-e 106038	731	data		
-e 106038.zlib	989394	zlib compressed data	Serial Port Buffer Size.vi;This version of Set Serial Port Buffer Size.vi is to be used on the SPARC or Windows version of LabVIEW as a subVI to OpenSerialDriver and Serial Port Init.vi.;	Measure volts, amps, or ohms.  Select one of 6 functions.  Select range or use auto range.  Select trigger mode.  Slow reading rate is used for accuracy.                                         version a.0;SetCINArraySize, elmtNum %ld out of range 0 <= elmtNum < %ld;
-e 106188	1744	data		
-e 106188.zlib	989058	zlib compressed data	This version of Set Serial Port Buffer Size.vi is to be used on the SPARC or Windows version of LabVIEW as a subVI to OpenSerialDriver and Serial Port Init.vi.;Serial Port Buffer Size.vi;	Measure volts, amps, or ohms.  Select one of 6 functions.  Select range or use auto range.  Select trigger mode.  Slow reading rate is used for accuracy.                                         version a.0;SetCINArraySize, elmtNum %ld out of range 0 <= elmtNum < %ld;
-e 1066E8	3562	data		error;
-e 1066E8.zlib	987682	zlib compressed data	Serial Port Buffer Size.vi;Serial Port Buffer Size.vi;	Measure volts, amps, or ohms.  Select one of 6 functions.  Select range or use auto range.  Select trigger mode.  Slow reading rate is used for accuracy.                                         version a.0;SetCINArraySize, elmtNum %ld out of range 0 <= elmtNum < %ld;
-e 106B40	2084	data		
-e 106B40.zlib	986570	zlib compressed data	Serial Port Buffer Size.vi;Fluke 8840A.vi;	Measure volts, amps, or ohms.  Select one of 6 functions.  Select range or use auto range.  Select trigger mode.  Slow reading rate is used for accuracy.                                         version a.0;SetCINArraySize, elmtNum %ld out of range 0 <= elmtNum < %ld;
-e 106EC8	904	data		error;
-e 106EC8.zlib	985666	zlib compressed data	Serial Port Buffer Size.vi;Fluke 8840A.vi;	Measure volts, amps, or ohms.  Select one of 6 functions.  Select range or use auto range.  Select trigger mode.  Slow reading rate is used for accuracy.                                         version a.0;SetCINArraySize, elmtNum %ld out of range 0 <= elmtNum < %ld;
-e 10766C	1391	data		
-e 10766C.zlib	983710	zlib compressed data	Fluke 8840A.vi;Fluke 8840A.vi;	Measure volts, amps, or ohms.  Select one of 6 functions.  Select range or use auto range.  Select trigger mode.  Slow reading rate is used for accuracy.                                         version a.0;SetCINArraySize, elmtNum %ld out of range 0 <= elmtNum < %ld;
-e 107878	3688	data		
-e 107878.zlib	983186	zlib compressed data	Fluke 8840A.vi;Fluke 8840A.vi;	Measure volts, amps, or ohms.  Select one of 6 functions.  Select range or use auto range.  Select trigger mode.  Slow reading rate is used for accuracy.                                         version a.0;SetCINArraySize, elmtNum %ld out of range 0 <= elmtNum < %ld;
-e 108A91	272	Matlab v4 mat-file (little endian) 6666666666666, numeric, rows 0, columns 0		
-e 108A91.zlib	978553	zlib compressed data	Fluke 8840A.vi;Fluke 8840A.vi;	SetCINArraySize, elmtNum %ld out of range 0 <= elmtNum < %ld;See the Data Acquisition VI Reference Manual for your platform for tables listing the default settings and ranges for this VI for the boards with which it will work.;
-e 108E51	272	Matlab v4 mat-file (little endian) 6666666666666, numeric, rows 0, columns 0		
-e 108E51.zlib	977593	zlib compressed data	Fluke 8840A.vi;Fluke 8840A.vi;	SetCINArraySize, elmtNum %ld out of range 0 <= elmtNum < %ld;See the Data Acquisition VI Reference Manual for your platform for tables listing the default settings and ranges for this VI for the boards with which it will work.;
-e 109211	272	Matlab v4 mat-file (little endian) 6666666666666, numeric, rows 0, columns 0		
-e 109211.zlib	976633	zlib compressed data	Fluke 8840A.vi;Fluke 8840A.vi;	SetCINArraySize, elmtNum %ld out of range 0 <= elmtNum < %ld;See the Data Acquisition VI Reference Manual for your platform for tables listing the default settings and ranges for this VI for the boards with which it will work.;
-e 1095D1	272	Matlab v4 mat-file (little endian) 6666666666666, numeric, rows 0, columns 0		
-e 1095D1.zlib	975673	zlib compressed data	Fluke 8840A.vi;Fluke 8840A.vi;	SetCINArraySize, elmtNum %ld out of range 0 <= elmtNum < %ld;See the Data Acquisition VI Reference Manual for your platform for tables listing the default settings and ranges for this VI for the boards with which it will work.;
-e 1097D0	14121	data		error in (no error);f(cluster) error in:  a cluster describing any error conditions prior to this VI's execution.  The default input of this cluster is no error.  If an error has already occurred, this VI does nothing.  The error in cluster contains the following parameters: ;
-e 1097D0.zlib	975162	zlib compressed data	Fluke 8840A.vi;Fluke 8840A.vi;	SetCINArraySize, elmtNum %ld out of range 0 <= elmtNum < %ld;See the Data Acquisition VI Reference Manual for your platform for tables listing the default settings and ranges for this VI for the boards with which it will work.;
-e 10A69C	5970	data		3Range codes: R0 - R7 ( see front panel for details);
-e 10A69C.zlib	971374	zlib compressed data	Fluke 8840A.vi;FL 884XX Initialize.vi;	SetCINArraySize, elmtNum %ld out of range 0 <= elmtNum < %ld;See the Data Acquisition VI Reference Manual for your platform for tables listing the default settings and ranges for this VI for the boards with which it will work.;
-e 10AE7C	1993	data		range (auto:0);error in (no error);
-e 10AE7C.zlib	969358	zlib compressed data	Fluke 8840A.vi;FL 884XX Initialize.vi;	SetCINArraySize, elmtNum %ld out of range 0 <= elmtNum < %ld;See the Data Acquisition VI Reference Manual for your platform for tables listing the default settings and ranges for this VI for the boards with which it will work.;
-e 10B8E4	676	data		
-e 10B8E4.zlib	966694	zlib compressed data	FL 884XX Initialize.vi;FL 884XX Initialize.vi;	SetCINArraySize, elmtNum %ld out of range 0 <= elmtNum < %ld;See the Data Acquisition VI Reference Manual for your platform for tables listing the default settings and ranges for this VI for the boards with which it will work.;
-e 10BA38	1920	OpenPGP Public Key		
-e 10BA38.zlib	966354	zlib compressed data	FL 884XX Initialize.vi;FL 884XX Initialize.vi;	SetCINArraySize, elmtNum %ld out of range 0 <= elmtNum < %ld;See the Data Acquisition VI Reference Manual for your platform for tables listing the default settings and ranges for this VI for the boards with which it will work.;
-e 10CB41	272	Matlab v4 mat-file (little endian) 6666666666666, numeric, rows 0, columns 0		
-e 10CB41.zlib	961993	zlib compressed data	FL 884XX Initialize.vi;FL 884XX Initialize.vi;	SetCINArraySize, elmtNum %ld out of range 0 <= elmtNum < %ld;See the Data Acquisition VI Reference Manual for your platform for tables listing the default settings and ranges for this VI for the boards with which it will work.;
-e 10CF01	272	Matlab v4 mat-file (little endian) 6666666666666, numeric, rows 0, columns 0		
-e 10CF01.zlib	961033	zlib compressed data	FL 884XX Initialize.vi;FL 884XX Initialize.vi;	SetCINArraySize, elmtNum %ld out of range 0 <= elmtNum < %ld;See the Data Acquisition VI Reference Manual for your platform for tables listing the default settings and ranges for this VI for the boards with which it will work.;
-e 10D2C1	272	Matlab v4 mat-file (little endian) 6666666666666, numeric, rows 0, columns 0		
-e 10D2C1.zlib	960073	zlib compressed data	FL 884XX Initialize.vi;FL 884XX Initialize.vi;	SetCINArraySize, elmtNum %ld out of range 0 <= elmtNum < %ld;See the Data Acquisition VI Reference Manual for your platform for tables listing the default settings and ranges for this VI for the boards with which it will work.;
-e 10D681	272	Matlab v4 mat-file (little endian) 6666666666666, numeric, rows 0, columns 0		
-e 10D681.zlib	959113	zlib compressed data	FL 884XX Initialize.vi;FL 884XX Initialize.vi;	SetCINArraySize, elmtNum %ld out of range 0 <= elmtNum < %ld;See the Data Acquisition VI Reference Manual for your platform for tables listing the default settings and ranges for this VI for the boards with which it will work.;
-e 10D6E0	9318	data		error out;(cluster) error out:  a cluster containing error information.  If error in indicated an error, error out contains the same error information.  Otherwise, it describes the error status of this VI.  Use the General Error Handler utility VI to check the error at the end of your diagram.  The error out cluster contains the following parameters: ;
-e 10D6E0.zlib	959018	zlib compressed data	FL 884XX Initialize.vi;FL 884XX Initialize.vi;	SetCINArraySize, elmtNum %ld out of range 0 <= elmtNum < %ld;See the Data Acquisition VI Reference Manual for your platform for tables listing the default settings and ranges for this VI for the boards with which it will work.;
-e 10E0F0	1765	data		
-e 10E0F0.zlib	956442	zlib compressed data	FL 884XX Initialize.vi;RD8840A.VI;	SetCINArraySize, elmtNum %ld out of range 0 <= elmtNum < %ld;See the Data Acquisition VI Reference Manual for your platform for tables listing the default settings and ranges for this VI for the boards with which it will work.;
-e 10E444	1476	data		error out;error in (no error);
-e 10E444.zlib	955590	zlib compressed data	FL 884XX Initialize.vi;RD8840A.VI;	SetCINArraySize, elmtNum %ld out of range 0 <= elmtNum < %ld;See the Data Acquisition VI Reference Manual for your platform for tables listing the default settings and ranges for this VI for the boards with which it will work.;
-e 10EE34	1263	data		
-e 10EE34.zlib	953046	zlib compressed data	RD8840A.VI;Fluke 8840A.vi;	SetCINArraySize, elmtNum %ld out of range 0 <= elmtNum < %ld;See the Data Acquisition VI Reference Manual for your platform for tables listing the default settings and ranges for this VI for the boards with which it will work.;
-e 10F100	4628	data		
-e 10F100.zlib	952330	zlib compressed data	Fluke 8840A.vi;RD8840A.VI;	SetCINArraySize, elmtNum %ld out of range 0 <= elmtNum < %ld;See the Data Acquisition VI Reference Manual for your platform for tables listing the default settings and ranges for this VI for the boards with which it will work.;
-e 10FC94	5849	data		"Error\FC Out;Error\FC In;
-e 10FC94.zlib	949366	zlib compressed data	RD8840A.VI;FL 884XX Initialize.vi;	SetCINArraySize, elmtNum %ld out of range 0 <= elmtNum < %ld;See the Data Acquisition VI Reference Manual for your platform for tables listing the default settings and ranges for this VI for the boards with which it will work.;
-e 11030C	5526	data	RD8840A.VI;Fluke 8840A.vi;	
-e 11030C.zlib	947710	zlib compressed data	RD8840A.VI;DIO Port Write.vi;	SetCINArraySize, elmtNum %ld out of range 0 <= elmtNum < %ld;See the Data Acquisition VI Reference Manual for your platform for tables listing the default settings and ranges for this VI for the boards with which it will work.;
-e 1109CC	2036	data		error out;error in (no error);
-e 1109CC.zlib	945982	zlib compressed data	RD8840A.VI;DIO Port Write.vi;	SetCINArraySize, elmtNum %ld out of range 0 <= elmtNum < %ld;See the Data Acquisition VI Reference Manual for your platform for tables listing the default settings and ranges for this VI for the boards with which it will work.;
-e 111340	1120	data		
-e 111340.zlib	943562	zlib compressed data	DIO Port Write.vi;DIO Port Write.vi;	SetCINArraySize, elmtNum %ld out of range 0 <= elmtNum < %ld;See the Data Acquisition VI Reference Manual for your platform for tables listing the default settings and ranges for this VI for the boards with which it will work.;
-e 111564	3768	data		
-e 111564.zlib	943014	zlib compressed data	DIO Port Write.vi;DIO Port Write.vi;	SetCINArraySize, elmtNum %ld out of range 0 <= elmtNum < %ld;See the Data Acquisition VI Reference Manual for your platform for tables listing the default settings and ranges for this VI for the boards with which it will work.;
-e 112A9C	10187	data		error out;(cluster) error out:  a cluster containing error information.  If error in indicated an error, error out contains the same error information.  Otherwise, it describes the error status of this VI.  Use the General Error Handler utility VI to check the error at the end of your diagram.  The error out cluster contains the following parameters: ;
-e 112A9C.zlib	937582	zlib compressed data	DIO Port Write.vi;DIO Port Write.vi;	See the Data Acquisition VI Reference Manual for your platform for tables listing the default settings and ranges for this VI for the boards with which it will work.;See the Data Acquisition VI Reference Manual for your platform for tables listing the default settings and ranges for this VI for the boards with which it will work.;
-e 1134E0	6030	data		
-e 1134E0.zlib	934954	zlib compressed data	DIO Port Write.vi;DIO Port Read.vi;	See the Data Acquisition VI Reference Manual for your platform for tables listing the default settings and ranges for this VI for the boards with which it will work.;See the Data Acquisition VI Reference Manual for your platform for tables listing the default settings and ranges for this VI for the boards with which it will work.;
-e 113CAC	1219	data		error out;error in (no error);
-e 113CAC.zlib	932958	zlib compressed data	DIO Port Write.vi;DIO Port Read.vi;	See the Data Acquisition VI Reference Manual for your platform for tables listing the default settings and ranges for this VI for the boards with which it will work.;See the Data Acquisition VI Reference Manual for your platform for tables listing the default settings and ranges for this VI for the boards with which it will work.;
-e 114508	791	old timezone data		
-e 114508.zlib	930818	zlib compressed data	DIO Port Read.vi;DIO Port Read.vi;	See the Data Acquisition VI Reference Manual for your platform for tables listing the default settings and ranges for this VI for the boards with which it will work.;See the Data Acquisition VI Reference Manual for your platform for tables listing the default settings and ranges for this VI for the boards with which it will work.;
-e 1145F8	168	data		
-e 1145F8.zlib	930578	zlib compressed data	DIO Port Read.vi;DIO Port Read.vi;	See the Data Acquisition VI Reference Manual for your platform for tables listing the default settings and ranges for this VI for the boards with which it will work.;See the Data Acquisition VI Reference Manual for your platform for tables listing the default settings and ranges for this VI for the boards with which it will work.;
-e 1148F4	10175	data		error out;(cluster) error out:  a cluster containing error information.  If error in indicated an error, error out contains the same error information.  Otherwise, it describes the error status of this VI.  Use the General Error Handler utility VI to check the error at the end of your diagram.  The error out cluster contains the following parameters: ;
-e 1148F4.zlib	929814	zlib compressed data	DIO Port Read.vi;DIO Port Read.vi;	See the Data Acquisition VI Reference Manual for your platform for tables listing the default settings and ranges for this VI for the boards with which it will work.;CALSET.VI;
-e 115340	6038	data		
-e 115340.zlib	927178	zlib compressed data	DIO Port Read.vi;DIO Port Config.vi;	See the Data Acquisition VI Reference Manual for your platform for tables listing the default settings and ranges for this VI for the boards with which it will work.;CALSET.VI;
-e 115B14	1063	data		error out;error in (no error);
-e 115B14.zlib	925174	zlib compressed data	DIO Port Read.vi;DIO Port Config.vi;	See the Data Acquisition VI Reference Manual for your platform for tables listing the default settings and ranges for this VI for the boards with which it will work.;CALSET.VI;
-e 1162E4	842	data		
-e 1162E4.zlib	923174	zlib compressed data	DIO Port Config.vi;DIO Port Config.vi;	See the Data Acquisition VI Reference Manual for your platform for tables listing the default settings and ranges for this VI for the boards with which it will work.;CALSET.VI;
-e 1163FC	168	data		
-e 1163FC.zlib	922894	zlib compressed data	DIO Port Config.vi;DIO Port Config.vi;	See the Data Acquisition VI Reference Manual for your platform for tables listing the default settings and ranges for this VI for the boards with which it will work.;CALSET.VI;
-e 116720	11862	data		error out;(cluster) error out:  a cluster containing error information.  If error in indicated an error, error out contains the same error information.  Otherwise, it describes the error status of this VI.  Use the General Error Handler utility VI to check the error at the end of your diagram.  The error out cluster contains the following parameters: ;
-e 116720.zlib	922090	zlib compressed data	DIO Port Config.vi;DIO Port Config.vi;	CALSET.VI;CALSET.VI;
-e 1173CC	6499	data		
-e 1173CC.zlib	918846	zlib compressed data	DIO Port Config.vi;COMP_CF.vi;	CALSET.VI;CALSET.VI;
-e 117BA0	1247	data		error out;error in (no error);
-e 117BA0.zlib	916842	zlib compressed data	DIO Port Config.vi;COMP_CF.vi;	CALSET.VI;CALSET.VI;
-e 1183C0	908	data		
-e 1183C0.zlib	914762	zlib compressed data	COMP_CF.vi;COMP_CF.vi;	CALSET.VI;CALSET.VI;
-e 1184FC	1540	data		
-e 1184FC.zlib	914446	zlib compressed data	COMP_CF.vi;COMP_CF.vi;	CALSET.VI;CALSET.VI;
-e 118B38	4075	data		
-e 118B38.zlib	912850	zlib compressed data	COMP_CF.vi;COMP_CF.vi;	CALSET.VI;CALSET.VI;
-e 118F20	2320	data		
-e 118F20.zlib	911850	zlib compressed data	COMP_CF.vi;WAIT.VI;	CALSET.VI;CALSET.VI;
-e 119218	778	data		
-e 119218.zlib	911090	zlib compressed data	COMP_CF.vi;WAIT.VI;	CALSET.VI;CALSET.VI;
-e 11990C	566	data		
-e 11990C.zlib	909310	zlib compressed data	WAIT.VI;WAIT.VI;	CALSET.VI;CALSET.VI;
-e 119A18	2628	data		
-e 119A18.zlib	909042	zlib compressed data	WAIT.VI;WAIT.VI;	CALSET.VI;CALSET.VI;
-e 11A244	1955	data		"Error\FC Out;Error\FC In;
-e 11A244.zlib	906950	zlib compressed data	WAIT.VI;WAIT.VI;	CALSET.VI;CALSET.VI;
-e 11A5BC	2036	data	WAIT.VI;WAIT.VI;	
-e 11A5BC.zlib	906062	zlib compressed data	WAIT.VI;APRX_EQL.vi;	CALSET.VI;CALSET.VI;
-e 11A94C	765	data		@!Error\FC Out;Error\FC In;
-e 11A94C.zlib	905150	zlib compressed data	WAIT.VI;APRX_EQL.vi;	CALSET.VI;CALSET.VI;
-e 11B06C	713	data		
-e 11B06C.zlib	903326	zlib compressed data	APRX_EQL.vi;APRX_EQL.vi;	CALSET.VI;CALSET.VI;
-e 11B1B0	2624	data		
-e 11B1B0.zlib	903002	zlib compressed data	APRX_EQL.vi;APRX_EQL.vi;	CALSET.VI;CALSET.VI;
-e 11B9FC	2102	data		
-e 11B9FC.zlib	900878	zlib compressed data	APRX_EQL.vi;APRX_EQL.vi;	CALSET.VI;CALSET.VI;
-e 11BD68	5136	data		
-e 11BD68.zlib	900002	zlib compressed data	APRX_EQL.vi;GlobStat.vi;	CALSET.VI;CALSET.VI;
-e 11C2D4	764	data		
-e 11C2D4.zlib	898614	zlib compressed data	APRX_EQL.vi;GlobStat.vi;	CALSET.VI;CALSET.VI;
-e 11C9E4	2286	data	Set Serial Number;	Capacitance Calibration;Inductance Calibration;
-e 11C9E4.zlib	896806	zlib compressed data	GlobStat.vi;GlobStat.vi;	CALSET.VI;CALSET.VI;
-e 11CC80	876	data		
-e 11CC80.zlib	896138	zlib compressed data	GlobStat.vi;GlobStat.vi;	CALSET.VI;CALSET.VI;
-e 11D120	15963	data		"# Ind Ranges;"# Cap Ranges;
-e 11D120.zlib	894954	zlib compressed data	GlobStat.vi;GlobStat.vi;	CALSET.VI;CALSET.VI;
-e 11DAA4	125	data		
-e 11DAA4.zlib	892518	zlib compressed data	GlobStat.vi;STARTCHK.vi;	CALSET.VI;CALSET.VI;
-e 11DB54	1661	data		Error Flag;Error Message;
-e 11DB54.zlib	892342	zlib compressed data	GlobStat.vi;STARTCHK.vi;	CALSET.VI;CALSET.VI;
-e 11E3D8	835	data		
-e 11E3D8.zlib	890162	zlib compressed data	STARTCHK.vi;STARTCHK.vi;	CALSET.VI;CALSET.VI;
-e 11E5C0	4832	data		
-e 11E5C0.zlib	889674	zlib compressed data	STARTCHK.vi;STARTCHK.vi;	CALSET.VI;CALSET.VI;
-e 11F0E8	2345	data		
-e 11F0E8.zlib	886818	zlib compressed data	STARTCHK.vi;GlobStat.vi;	CALSET.VI;CALSET.VI;
-e 11F56C	7831	data	GlobStat.vi;STARTCHK.vi;	
-e 11F56C.zlib	885662	zlib compressed data	STARTCHK.vi;CAL_MODE.vi;	CALSET.VI;CALSET.VI;
-e 11FDCC	1415	data		Error Flag;Error Message;
-e 11FDCC.zlib	883518	zlib compressed data	STARTCHK.vi;CAL_MODE.vi;	CALSET.VI;CALSET.VI;
-e 120774	2235	data		Capacitance Calibration;Inductance Calibration;
-e 120774.zlib	881046	zlib compressed data	CAL_MODE.vi;CAL_MODE.vi;	CALSET.VI;CALSET.VI;
-e 120B90	16156	data		
-e 120B90.zlib	879994	zlib compressed data	CAL_MODE.vi;CAL_MODE.vi;	CALSET.VI;CALSET.VI;
-e 1224E8	6666	data		
-e 1224E8.zlib	873506	zlib compressed data	CAL_MODE.vi;GlobStat.vi;	CALSET.VI;CALSET.VI;
-e 122B4C	25244	data	GlobStat.vi;GlobStat.vi;	
-e 122B4C.zlib	871870	zlib compressed data	CAL_MODE.vi;ABORT?.vi;	CALSET.VI;CALSET.VI;
-e 123C88	2218	data		Error Flag;Error Message;
-e 123C88.zlib	867458	zlib compressed data	CAL_MODE.vi;ABORT?.vi;	CALSET.VI;CALSET.VI;
-e 1245F0	526	data		
-e 1245F0.zlib	865050	zlib compressed data	ABORT?.vi;ABORT?.vi;	CALSET.VI;CALSET.VI;
-e 124740	3168	data		
-e 124740.zlib	864714	zlib compressed data	ABORT?.vi;ABORT?.vi;	CALSET.VI;CALSET.VI;
-e 125044	1352	data		"Error\FC Out;Error\FC In;
-e 125044.zlib	862406	zlib compressed data	ABORT?.vi;GlobStat.vi;	CALSET.VI;CALSET.VI;
-e 125348	3008	data	GlobStat.vi;GlobStat.vi;	""Cause an error for abort to occur.;
-e 125348.zlib	861634	zlib compressed data	ABORT?.vi;IST_WT_A.VI;	CALSET.VI;CALSET.VI;
-e 12589C	1139	data		Error Flag;Error Message;
-e 12589C.zlib	860270	zlib compressed data	ABORT?.vi;IST_WT_A.VI;	CALSET.VI;CALSET.VI;
-e 1260E8	782	TeX font metric data		
-e 1260E8.zlib	858146	zlib compressed data	IST_WT_A.VI;IST_WT_A.VI;	CALSET.VI;CALSET.VI;
-e 1262B4	4816	data		
-e 1262B4.zlib	857686	zlib compressed data	IST_WT_A.VI;IST_WT_A.VI;	CALSET.VI;CALSET.VI;
-e 126E68	3115	data		Error\FC In;"Error\FC Out;
-e 126E68.zlib	854690	zlib compressed data	IST_WT_A.VI;ABORT?.vi;	CALSET.VI;CALSET.VI;
-e 12733C	4609	data	IST_WT_A.VI;ABORT?.vi;	
-e 12733C.zlib	853454	zlib compressed data	IST_WT_A.VI;serpConfig.vi;	CALSET.VI;CALSET.VI;
-e 127A2C	1179	data		@!Error\FC Out;Error\FC In;
-e 127A2C.zlib	851678	zlib compressed data	IST_WT_A.VI;serpConfig.vi;	CALSET.VI;CALSET.VI;
-e 1281F0	330	old timezone data		
-e 1281F0.zlib	849690	zlib compressed data	serpConfig.vi;serpConfig.vi;	CALSET.VI;CALSET.VI;
-e 12826C	200	data		
-e 12826C.zlib	849566	zlib compressed data	serpConfig.vi;serpConfig.vi;	CALSET.VI;CALSET.VI;
-e 1283E0	1713	data		
-e 1283E0.zlib	849194	zlib compressed data	serpConfig.vi;serpConfig.vi;	CALSET.VI;CALSET.VI;
-e 1286C0	353	data		
-e 1286C0.zlib	848458	zlib compressed data	serpConfig.vi;serpOpen.vi;	CALSET.VI;CALSET.VI;
-e 1287EC	413	data		
-e 1287EC.zlib	848158	zlib compressed data	serpConfig.vi;serpOpen.vi;	CALSET.VI;CALSET.VI;
-e 128D78	297	old timezone data		
-e 128D78.zlib	846738	zlib compressed data	serpOpen.vi;serpOpen.vi;	CALSET.VI;CALSET.VI;
-e 128DE4	200	data		
-e 128DE4.zlib	846630	zlib compressed data	serpOpen.vi;serpOpen.vi;	CALSET.VI;CALSET.VI;
-e 128F58	1735	data		
-e 128F58.zlib	846258	zlib compressed data	serpOpen.vi;serpOpen.vi;	CALSET.VI;CALSET.VI;
-e 1292B0	125	data		
-e 1292B0.zlib	845402	zlib compressed data	serpOpen.vi;Open Serial Driver.vi;	CALSET.VI;CALSET.VI;
-e 12935C	426	data		
-e 12935C.zlib	845230	zlib compressed data	serpOpen.vi;Open Serial Driver.vi;	CALSET.VI;CALSET.VI;
-e 1299F4	858	data		
-e 1299F4.zlib	843542	zlib compressed data	Open Serial Driver.vi;Open Serial Driver.vi;	CALSET.VI;CALSET.VI;
-e 129B98	3560	data		
-e 129B98.zlib	843122	zlib compressed data	Open Serial Driver.vi;Open Serial Driver.vi;	CALSET.VI;CALSET.VI;
-e 12A324	3769	data		"output error;input error;
-e 12A324.zlib	841190	zlib compressed data	Open Serial Driver.vi;serpOpen.vi;	CALSET.VI;CALSET.VI;
-e 12A86C	13562	data	serpOpen.vi;serpOpen.vi;	
-e 12A86C.zlib	839838	zlib compressed data	Open Serial Driver.vi;Serial Port Init.vi;	CALSET.VI;CALSET.VI;
-e 12B7A0	1391	data		input error;output error;
-e 12B7A0.zlib	835946	zlib compressed data	Open Serial Driver.vi;Serial Port Init.vi;	CALSET.VI;CALSET.VI;
-e 12C114	1330	TeX font metric data		
-e 12C114.zlib	833526	zlib compressed data	Serial Port Init.vi;Serial Port Reset.vi;	CALSET.VI;CALSET.VI;
-e 12C40C	3984	data		
-e 12C40C.zlib	832766	zlib compressed data	@Initializes the selected serial port to the specified settings.;Serial Port Init.vi;	CALSET.VI;CALSET.VI;
-e 12CCA8	13274	data	hOutput XON/XOFF. See the Common Serial Port VI Parameters section of this chapter for more information.;XON/XOFF is a software handshaking protocol you can use to avoid overflowing serial port buffers. When the receive buffer is nearly full, the receiver sends XOFF (<controlS> [decimal 19]) to tell the other device to stop sending data. When the receive buffer is sufficiently empty, the receiver sends XON (<controlQ> [decimal 17]) to indicate that transmission can begin again. When you enable XON/XOFF, the devices always interpret <controlQ> and <controlS> as XON and XOFF characters, never as data. When you disable XON/XOFF, you can send <controlQ> and <controlS> as data. Do not use XON/XOFF with binary data transfers because <controlQ> or <controlS> may be embedded in the data, and the devices will interpret them as XON and XOFF instead of data.;	parity error byte;Parity Error Byte. If the high byte is non-zero, the low byte is the character that is used to replace any parity errors found when parity is enabled.;
-e 12CCA8.zlib	830562	zlib compressed data	Serial Port Init.vi;Open Serial Driver.viPTH0;	CALSET.VI;CALSET.VI;
-e 12DB68	6901	data	Open Serial Driver.vi;Serial Port Buffer Size.vi;	
-e 12DB68.zlib	826786	zlib compressed data	Serial Port Init.vi;Serial Port Write.vi;	CALSET.VI;CALSET.VI;
-e 12E380	2004	data		input error;output error;
-e 12E380.zlib	824714	zlib compressed data	Serial Port Init.vi;Serial Port Write.vi;	CALSET.VI;CALSET.VI;
-e 12ED8C	509	old timezone data		
-e 12ED8C.zlib	822142	zlib compressed data	Serial Port Write.vi;Open Serial Driver.viPTH0;	CALSET.VI;CALSET.VI;
-e 12EF18	2068	data		
-e 12EF18.zlib	821746	zlib compressed data	serpConfig.vi;QWrites the data in string to write to the serial port indicated in port number. ;	CALSET.VI;CALSET.VI;
-e 12F528	3439	data	Some error codes returned by the serial port VIs are platform-specific. Please refer to your system documentation for a list of error codes.;&data to be written  to the serial port;	error code;.error code. If error code is non-zero, an error occurred. Refer to Appendix C, Error Codes, for a list of error codes.;
-e 12F528.zlib	820194	zlib compressed data	Serial Port Write.vi;Open Serial Driver.viPTH0;	CALSET.VI;CALSET.VI;
-e 12FC40	3392	data	Open Serial Driver.vi;serpConfig.vi;	
-e 12FC40.zlib	818378	zlib compressed data	Serial Port Write.vi;Serial Port Read.vi;	CALSET.VI;CALSET.VI;
-e 1301C8	1090	data		input error;output error;
-e 1301C8.zlib	816962	zlib compressed data	Serial Port Write.vi;Serial Port Read.vi;	CALSET.VI;CALSET.VI;
-e 130A58	593	old timezone data		
-e 130A58.zlib	814770	zlib compressed data	Serial Port Read.vi;Open Serial Driver.viPTH0;	CALSET.VI;CALSET.VI;
-e 130BFC	2296	data		
-e 130BFC.zlib	814350	zlib compressed data	serpConfig.vi;qReads the number of characters specified by requested byte count from the serial port indicated in port number. ;	CALSET.VI;CALSET.VI;
-e 131274	4444	data	Some error codes returned by the serial port VIs are platform-specific. Please refer to your system documentation for a list of error codes.;Wrequested byte count specifies the number of characters to be read. If you want to read all of the characters currently at the serial port, first execute the Bytes at Serial Port VI to determine the exact number of bytes ready to be read. Then use the byte count output of that VI as the requested byte count input to the Serial Port Read VI.;	error code;.error code. If error code is non-zero, an error occurred. Refer to Appendix C, Error Codes, for a list of error codes.;
-e 131274.zlib	812694	zlib compressed data	Serial Port Read.vi;Open Serial Driver.viPTH0;	CALSET.VI;CALSET.VI;
-e 131A78	4231	data	Open Serial Driver.vi;serpConfig.vi;	
-e 131A78.zlib	810642	zlib compressed data	Serial Port Read.vi;Bytes At Serial Port.vi;	CALSET.VI;CALSET.VI;
-e 1320AC	1212	data		input error;output error;
-e 1320AC.zlib	809054	zlib compressed data	Serial Port Read.vi;Bytes At Serial Port.vi;	CALSET.VI;CALSET.VI;
-e 132978	691	data		
-e 132978.zlib	806802	zlib compressed data	Bytes At Serial Port.vi;Open Serial Driver.viPTH0;	CALSET.VI;CALSET.VI;
-e 132B74	2824	data		
-e 132B74.zlib	806294	zlib compressed data	serpConfig.vi;kReturns in byte count the number of bytes in the input buffer of the serial port indicated in port number.;	CALSET.VI;CALSET.VI;
-e 1332AC	3615	data	Some error codes returned by the serial port VIs are platform-specific. Please refer to your system documentation for a list of error codes.;Qbyte count is the number of bytes currently queued up in the serial port buffer.;	error code;.error code. If error code is non-zero, an error occurred. Refer to Appendix C, Error Codes, for a list of error codes.;
-e 1332AC.zlib	804446	zlib compressed data	Bytes At Serial Port.vi;Open Serial Driver.viPTH0;	CALSET.VI;CALSET.VI;
-e 133980	4716	data	Open Serial Driver.vi;serpConfig.vi;	
-e 133980.zlib	802698	zlib compressed data	Bytes At Serial Port.vi;String Write.vi;	CALSET.VI;CALSET.VI;
-e 133FF4	1066	data		input error;output error;
-e 133FF4.zlib	801046	zlib compressed data	Bytes At Serial Port.vi;String Write.vi;	CALSET.VI;CALSET.VI;
-e 1348EC	857	data		Write Error;
-e 1348EC.zlib	798750	zlib compressed data	String Write.vi;Serial Port Write.vi;	CALSET.VI;CALSET.VI;
-e 134B84	4280	data		
-e 134B84.zlib	798086	zlib compressed data	Serial Port Read.vi;String Write.vi;	CALSET.VI;CALSET.VI;
-e 135A94	5363	data		error out;error out is a cluster that describes the error status after this VI executes. If an error occurred before this VI was called, error out is the same as error in. Otherwise, error out shows the error, if any, that occurred in this VI. Use the error handler VIs to look up the error code and to display the corresponding error message. Using error in and error out clusters is a convenient way to check errors and to specify execution order by wiring the error output from one subVI to the error input of the next.;
-e 135A94.zlib	794230	zlib compressed data	String Write.vi;Serial Port Write.vi;	CALSET.VI;CALSET.VI;
-e 13635C	6783	data	Serial Port Read.vi;Bytes At Serial Port.vi;	Check for Error;No Error;
-e 13635C.zlib	791982	zlib compressed data	String Write.vi;String Read.vi;	CALSET.VI;CALSET.VI;
-e 136C7C	1327	data		error code;error out;
-e 136C7C.zlib	789646	zlib compressed data	String Write.vi;String Read.vi;	CALSET.VI;CALSET.VI;
-e 1375E4	1115	data		Receive Error;
-e 1375E4.zlib	787238	zlib compressed data	String Read.vi;Serial Port Read.viPTH0;	CALSET.VI;CALSET.VI;
-e 13789C	5240	data		
-e 13789C.zlib	786542	zlib compressed data	Serial Port Read.vi;String Read.vi;	CALSET.VI;CALSET.VI;
-e 138948	5955	data		error out;error out is a cluster that describes the error status after this VI executes. If an error occurred before this VI was called, error out is the same as error in. Otherwise, error out shows the error, if any, that occurred in this VI. Use the error handler VIs to look up the error code and to display the corresponding error message. Using error in and error out clusters is a convenient way to check errors and to specify execution order by wiring the error output from one subVI to the error input of the next.;
-e 138948.zlib	782274	zlib compressed data	String Read.vi;Bytes At Serial Port.viPTH0;	CALSET.VI;CALSET.VI;
-e 1391D8	10466	data	Bytes At Serial Port.vi;Serial Port Read.vi;	No error;Read Error Occured;
-e 1391D8.zlib	780082	zlib compressed data	String Read.vi;RS-232 Communications.vi;	CALSET.VI;CALSET.VI;
-e 139DFC	1504	data		error code;error out;
-e 139DFC.zlib	776974	zlib compressed data	String Read.vi;RS-232 Communications.vi;	CALSET.VI;CALSET.VI;
-e 13A7EC	1684	data		
-e 13A7EC.zlib	774430	zlib compressed data	RS-232 Communications.vi;String Read.vi;	CALSET.VI;CALSET.VI;
-e 13AB20	6612	data		
-e 13AB20.zlib	773610	zlib compressed data	String Read.vite.vi;This vi performs general purpose RS-232 communication.;	CALSET.VI;CALSET.VI;
-e 13BE68	11252	data	RS-232 Communications;	error out;error out is a cluster that describes the error status after this VI executes. If an error occurred before this VI was called, error out is the same as error in. Otherwise, error out shows the error, if any, that occurred in this VI. Use the error handler VIs to look up the error code and to display the corresponding error message. Using error in and error out clusters is a convenient way to check errors and to specify execution order by wiring the error output from one subVI to the error input of the next.;
-e 13BE68.zlib	768674	zlib compressed data	RS-232 Communications.vi;String Read.vi;	CALSET.VI;CALSET.VI;
-e 13C9B4	13290	data	String Write.vi;String Read.vi;	Write Error - No Read Performed;
-e 13C9B4.zlib	765782	zlib compressed data	RS-232 Communications.vi;UUT Comm.vi;	CALSET.VI;CALSET.VI;
-e 13D74C	1971	data		error out;error in;
-e 13D74C.zlib	762302	zlib compressed data	RS-232 Communications.vi;UUT Comm.vi;	CALSET.VI;CALSET.VI;
-e 13E278	1230	data		
-e 13E278.zlib	759442	zlib compressed data	UUT Comm.vi;Serial Port Read.viPTH0;	CALSET.VI;CALSET.VI;
-e 13E598	5768	data		
-e 13E598.zlib	758642	zlib compressed data	Serial Port Read.vi;This vi handles the RS-232 communications for a UUT. FC In and FC Out are used for flow control.;	CALSET.VI;CALSET.VI;
-e 13F770	4453	data	UUT Communications Vi;	Error\FC In(F);Error\FC Out(F);
-e 13F770.zlib	754074	zlib compressed data	UUT Comm.vi;RS-232 Communications.vi;	CALSET.VI;CALSET.VI;
-e 13FE04	8183	data	UUT Comm.vi;Serial Port Read.vi;	
-e 13FE04.zlib	752390	zlib compressed data	UUT Comm.vi;UUT_BEEP.vi;	CALSET.VI;CALSET.VI;
-e 140750	1796	data		error code;error in;
-e 140750.zlib	750010	zlib compressed data	UUT Comm.vi;UUT_BEEP.vi;	CALSET.VI;CALSET.VI;
-e 14114C	790	data		
-e 14114C.zlib	747454	zlib compressed data	UUT_BEEP.vi;UUT Comm.viPTH0;	CALSET.VI;CALSET.VI;
-e 141338	6072	data		
-e 141338.zlib	746962	zlib compressed data	UUT_BEEP.vi;UUT_BEEP.vi;	CALSET.VI;CALSET.VI;
-e 14208C	1951	data		"Error\FC Out;Error\FC In;
-e 14208C.zlib	743550	zlib compressed data	UUT_BEEP.vi;UUT Comm.viPTH0;	CALSET.VI;CALSET.VI;
-e 142478	8159	data	UUT Comm.vi;UUT Comm.vi;	
-e 142478.zlib	742546	zlib compressed data	UUT_BEEP.vi;LEADSHRT.vi;	CALSET.VI;CALSET.VI;
-e 142D14	1096	data		Error\FC Out(F);Error\FC In(F);
-e 142D14.zlib	740342	zlib compressed data	UUT_BEEP.vi;LEADSHRT.vi;	CALSET.VI;CALSET.VI;
-e 143704	3363	data		CALON;Lead Zero Short Test/Inductance;
-e 143704.zlib	737798	zlib compressed data	LEADSHRT.vi;UUT Comm.viPTH0;	CALSET.VI;CALSET.VI;
-e 143DF0	24456	data		
-e 143DF0.zlib	736026	zlib compressed data	LEADSHRT.vi;LEADSHRT.vi;	CALSET.VI;CALSET.VI;
-e 146400	4026	data		"Error\FC Out;Error\FC In;
-e 146400.zlib	726282	zlib compressed data	LEADSHRT.vi;UUT Comm.viPTH0;	CALSET.VI;CALSET.VI;
-e 146A4C	47418	data	LEADSHRT.vi;LEADSHRT.vi;	Comm Error?;
-e 146A4C.zlib	724670	zlib compressed data	LEADSHRT.vi;LEADOPEN.vi;	CALSET.VI;CALSET.VI;
-e 148BA4	3100	data		Error\FC Out(F);Error\FC In(F);
-e 148BA4.zlib	716134	zlib compressed data	LEADSHRT.vi;LEADOPEN.vi;	CALSET.VI;CALSET.VI;
-e 149808	2544	data		Communication Error.;
-e 149808.zlib	712962	zlib compressed data	LEADOPEN.vi;UUT Comm.viPTH0;	CALSET.VI;CALSET.VI;
-e 149D78	18452	data		
-e 149D78.zlib	711570	zlib compressed data	LEADOPEN.vi;LEADOPEN.vi;	CALSET.VI;CALSET.VI;
-e 14BBFC	3591	data		"Error\FC Out;Error\FC In;
-e 14BBFC.zlib	703758	zlib compressed data	LEADOPEN.vi;UUT Comm.viPTH0;	CALSET.VI;CALSET.VI;
-e 14C1F0	33749	data	LEADOPEN.vi;LEADOPEN.vi;	
-e 14C1F0.zlib	702234	zlib compressed data	LEADOPEN.vi;GET_CF.vi;	CALSET.VI;CALSET.VI;
-e 14DC24	2726	data		Error\FC Out(F);Error\FC In(F);
-e 14DC24.zlib	695526	zlib compressed data	LEADOPEN.vi;GET_CF.vi;	CALSET.VI;CALSET.VI;
-e 14E6DC	906	data		CALON;
-e 14E6DC.zlib	692782	zlib compressed data	GET_CF.vi;UUT Comm.viPTH0;	CALSET.VI;CALSET.VI;
-e 14E8CC	4552	data		
-e 14E8CC.zlib	692286	zlib compressed data	GET_CF.vi;GET_CF.vi;	CALSET.VI;CALSET.VI;
-e 14F460	2976	data		Comm Error Out;Comm Error In;
-e 14F460.zlib	689322	zlib compressed data	GET_CF.vi;UUT Comm.viPTH0;	CALSET.VI;CALSET.VI;
-e 14F8E8	5907	data	UUT Comm.vi;UUT Comm.vi;	
-e 14F8E8.zlib	688162	zlib compressed data	GET_CF.vi;SND_CF&V.vi;	CALSET.VI;CALSET.VI;
-e 150088	1326	data		Error\FC Out(F);Error\FC In(F);
-e 150088.zlib	686210	zlib compressed data	GET_CF.vi;SND_CF&V.vi;	CALSET.VI;CALSET.VI;
-e 1509D4	1066	data		CALON;
-e 1509D4.zlib	683830	zlib compressed data	SND_CF&V.vi;UUT Comm.viPTH0;	CALSET.VI;CALSET.VI;
-e 150CAC	5792	data		
-e 150CAC.zlib	683102	zlib compressed data	SND_CF&V.vi;SND_CF&V.vi;	CALSET.VI;CALSET.VI;
-e 1519BC	3418	data		"Error\FC Out;Error\FC In;
-e 1519BC.zlib	679758	zlib compressed data	SND_CF&V.vi;UUT Comm.viPTH0;	CALSET.VI;CALSET.VI;
-e 151F68	7693	data	APRX_EQL.vi;UUT Comm.vi;	
-e 151F68.zlib	678306	zlib compressed data	SND_CF&V.vi;INDSETUP.vi;	CALSET.VI;CALSET.VI;
-e 15287C	1563	data		Error\FC Out(F);Error\FC In(F);
-e 15287C.zlib	675982	zlib compressed data	SND_CF&V.vi;INDSETUP.vi;	CALSET.VI;CALSET.VI;
-e 153440	4795	dar archive, label "00001b80 000000e8 0000"		Inductance Decade Box (H Terminal);Inductance Decade Box (L Terminal);
-e 153440.zlib	672970	zlib compressed data	INDSETUP.vi;UUT Comm.viPTH0;	CALSET.VI;CALSET.VI;
-e 153C84	33104	data		
-e 153C84.zlib	670854	zlib compressed data	INDSETUP.vi;INDSETUP.vi;	CALSET.VI;CALSET.VI;
-e 156F00	2992	data		Next Range to cal;Last Range Cal'd;
-e 156F00.zlib	657930	zlib compressed data	INDSETUP.vi;UUT Comm.viPTH0;	CALSET.VI;CALSET.VI;
-e 1575B4	55066	data	INDSETUP.vi;GlobStat.vi;	
-e 1575B4.zlib	656214	zlib compressed data	INDSETUP.vi;CAPSETUP.vi;	CALSET.VI;CALSET.VI;
-e 1596A8	3186	data		@!Error\FC Out;Error\FC In;
-e 1596A8.zlib	647778	zlib compressed data	INDSETUP.vi;CAPSETUP.vi;	CALSET.VI;CALSET.VI;
-e 15A38C	2345	data		Capacitance Decade Box (High Terminal).;Capacitance Decade Box (Low Terminal).;
-e 15A38C.zlib	644478	zlib compressed data	CAPSETUP.vi;UUT Comm.viPTH0;	CALSET.VI;CALSET.VI;
-e 15A968	16200	data		
-e 15A968.zlib	642978	zlib compressed data	CAPSETUP.vi;CAPSETUP.vi;	CALSET.VI;CALSET.VI;
-e 15C534	3000	data		Next Range to cal;Last Range Cal'd;
-e 15C534.zlib	635862	zlib compressed data	CAPSETUP.vi;UUT Comm.viPTH0;	CALSET.VI;CALSET.VI;
-e 15CBD4	27318	data	CAPSETUP.vi;GlobStat.vi;	
-e 15CBD4.zlib	634166	zlib compressed data	CAPSETUP.vi;EEPROM.VI;	CALSET.VI;CALSET.VI;
-e 15E078	2562	data		Error\FC Out(F);Error\FC In(F);
-e 15E078.zlib	628882	zlib compressed data	CAPSETUP.vi;EEPROM.VI;	CALSET.VI;CALSET.VI;
-e 15EDA8	3403	data		EEPROM Write Error!;Communications Error;
-e 15EDA8.zlib	625506	zlib compressed data	EEPROM.VI;UUT Comm.viPTH0;	CALSET.VI;CALSET.VI;
-e 15F480	17056	data		
-e 15F480.zlib	623754	zlib compressed data	EEPROM.VI;EEPROM.VI;	CALSET.VI;CALSET.VI;
-e 161110	16642	data		Error\FC In;"Error\FC Out;
-e 161110.zlib	616442	zlib compressed data	EEPROM.VI;UUT Comm.viPTH0;	CALSET.VI;CALSET.VI;
-e 161E28	27781	data	EEPROM.VI;UUT Comm.vi;	
-e 161E28.zlib	613090	zlib compressed data	EEPROM.VI;T_Setup.vi;	CALSET.VI;CALSET.VI;
-e 1632A0	3066	data		@!Error\FC Out;Error\FC In;
-e 1632A0.zlib	607850	zlib compressed data	EEPROM.VI;T_Setup.vi;	CALSET.VI;CALSET.VI;
-e 164410	13143	data	Set Serial Number;Set Serial Number;	Capacitance Calibration;Capacitance Calibration;
-e 164410.zlib	603386	zlib compressed data	T_Setup.vi;T_Setup.vi;	CALSET.VI;CALSET.VI;
-e 165684	105404	data		
-e 165684.zlib	598662	zlib compressed data	T_Setup.vi;T_Setup.vi;	CALSET.VI;CALSET.VI;
-e 16DE8C	2684	data		"Error\FC Out;Error\FC In;
-e 16DE8C.zlib	563838	zlib compressed data	T_Setup.vi;EEPROM.VI;	CALSET.VI;CALSET.VI;
-e 16E578	172045	data	GlobStat.vi;ABORT?.vi;	
-e 16E578.zlib	562066	zlib compressed data	T_Setup.vi;REV_CHK.vi;	CALSET.VI;CALSET.VI;
-e 1746BC	5439	data		@!Error\FC Out;Error\FC In;
-e 1746BC.zlib	537166	zlib compressed data	T_Setup.vi;REV_CHK.vi;	CALSET.VI;CALSET.VI;
-e 17537C	1324	data		Communications Error;CALOFF;
-e 17537C.zlib	533902	zlib compressed data	REV_CHK.vi;UUT Comm.viPTH0;	CALSET.VI;CALSET.VI;
-e 175794	10480	data		
-e 175794.zlib	532854	zlib compressed data	REV_CHK.vi;REV_CHK.vi;	CALSET.VI;CALSET.VI;
-e 176A90	2278	data		Error\FC In;"Error\FC Out;
-e 176A90.zlib	527994	zlib compressed data	REV_CHK.vi;UUT Comm.viPTH0;	CALSET.VI;CALSET.VI;
-e 177040	13914	data	T_Setup.vi;REV_CHK.vi;	
-e 177040.zlib	526538	zlib compressed data	REV_CHK.vi;SER_SET.VI;	CALSET.VI;CALSET.VI;
-e 177B70	2113	data		@!Error\FC Out;Error\FC In;
-e 177B70.zlib	523674	zlib compressed data	REV_CHK.vi;SER_SET.VI;	CALSET.VI;CALSET.VI;
-e 178754	1533	data	Set Serial Number;Set Serial Number;	Communications Error;CALOFF;
-e 178754.zlib	520630	zlib compressed data	SER_SET.VI;UUT Comm.viPTH0;	CALSET.VI;CALSET.VI;
-e 178C08	13464	data		
-e 178C08.zlib	519426	zlib compressed data	SER_SET.VI;SER_SET.VI;	CALSET.VI;CALSET.VI;
-e 17A324	8090	data	Serial Number;	"Error\FC Out;Error Message;
-e 17A324.zlib	513510	zlib compressed data	SER_SET.VI;UUT Comm.viPTH0;	CALSET.VI;CALSET.VI;
-e 17AD28	15493	data	SER_SET.VI;T_Setup.vi;	
-e 17AD28.zlib	510946	zlib compressed data	SER_SET.VI;EEClear.VI;	CALSET.VI;CALSET.VI;
-e 17B970	2492	data	Serial Number;	@!Error\FC Out;Error\FC In;
-e 17B970.zlib	507802	zlib compressed data	SER_SET.VI;EEClear.VI;	CALSET.VI;CALSET.VI;
-e 17C49C	683	data		
-e 17C49C.zlib	504942	zlib compressed data	EEClear.VI;T_Setup.vi;	CALSET.VI;CALSET.VI;
-e 17C738	4224	data		
-e 17C738.zlib	504274	zlib compressed data	EEClear.VI;EEClear.VI;	CALSET.VI;CALSET.VI;
-e 17D1D8	1803	data		"Error\FC Out;Error\FC In;
-e 17D1D8.zlib	501554	zlib compressed data	EEClear.VI;T_Setup.vi;	CALSET.VI;CALSET.VI;
-e 17D6A0	3921	data	T_Setup.vi;EEClear.VI;	
-e 17D6A0.zlib	500330	zlib compressed data	EEClear.VI;10V_Set.vi;	CALSET.VI;CALSET.VI;
-e 17DB98	1551	data		@!Error\FC Out;Error\FC In;
-e 17DB98.zlib	499058	zlib compressed data	EEClear.VI;10V_Set.vi;	CALSET.VI;CALSET.VI;
-e 17E6C4	1311	data		Communications Error;CALOFF;
-e 17E6C4.zlib	496198	zlib compressed data	10V_Set.vi;UUT Comm.viPTH0;	CALSET.VI;CALSET.VI;
-e 17EBA8	10368	data		
-e 17EBA8.zlib	494946	zlib compressed data	10V_Set.vi;10V_Set.vi;	CALSET.VI;CALSET.VI;
-e 17FE60	1801	data		Error\FC In;"Error\FC Out;
-e 17FE60.zlib	490154	zlib compressed data	10V_Set.vi;UUT Comm.viPTH0;	CALSET.VI;CALSET.VI;
-e 180488	13497	data	T_Setup.vi;10V_Set.vi;	
-e 180488.zlib	488578	zlib compressed data	10V_Set.vi;Ringer.vi;	CALSET.VI;CALSET.VI;
-e 180F64	2134	data		@!Error\FC Out;Error\FC In;
-e 180F64.zlib	485798	zlib compressed data	10V_Set.vi;Ringer.vi;	CALSET.VI;CALSET.VI;
-e 181B48	1683	data		Communications Error;CALON;
-e 181B48.zlib	482754	zlib compressed data	Ringer.vi;UUT Comm.viPTH0;	CALSET.VI;CALSET.VI;
-e 1820A0	14080	data		
-e 1820A0.zlib	481386	zlib compressed data	Ringer.vi;Ringer.vi;	CALSET.VI;CALSET.VI;
-e 1837DC	1801	data		Error\FC In;"Error\FC Out;
-e 1837DC.zlib	475438	zlib compressed data	Ringer.vi;UUT Comm.viPTH0;	CALSET.VI;CALSET.VI;
-e 183DA4	18811	data	T_Setup.vi;Ringer.vi;	
-e 183DA4.zlib	473958	zlib compressed data	Ringer.vi;CALSET.VI;	CALSET.VI;CALSET.VI;
-e 184A54	2174	data		@!Error\FC Out;Error\FC In;
-e 184A54.zlib	470710	zlib compressed data	Ringer.vi;CALSET.VI;	CALSET.VI;CALSET.VI;
-e 1855D0	1187	data	CALSET;	Communications Error;CALOFF;
-e 1855D0.zlib	467770	zlib compressed data	CALSET.VI;UUT Comm.viPTH0;	CALSET.VI;CALSET.VI;
-e 185A04	10588	OpenPGP Secret Key		
-e 185A04.zlib	466694	zlib compressed data	CALSET.VI;CALSET.VI;	CALSET.VI;CALSET.VI;
-e 186CE8	1803	data		"Error\FC Out;Error\FC In;
-e 186CE8.zlib	461858	zlib compressed data	CALSET.VI;UUT Comm.viPTH0;	CALSET.VI;CALSET.VI;
-e 1872B0	13686	data	T_Setup.vi;CALSET.VI;	CALSET.VI;CALSET.VI;
-e 1872B0.zlib	460378	zlib compressed data	CALSET.VI;CALCLEAR.VI;	CALSET.VI;Caldate.vi;
-e 187D64	2106	data		@!Error\FC Out;Error\FC In;
-e 187D64.zlib	457638	zlib compressed data	CALSET.VI;CALCLEAR.VI;	CALSET.VI;Caldate.vi;
-e 18891C	1292	data		Communications Error;CALON;
-e 18891C.zlib	454638	zlib compressed data	CALCLEAR.VI;UUT Comm.viPTH0;	Caldate.vi;Caldate.vi;
-e 188D80	11048	data		
-e 188D80.zlib	453514	zlib compressed data	CALCLEAR.VI;CALCLEAR.VI;	Caldate.vi;Caldate.vi;
-e 18A120	2242	data		Error\FC In;"Error\FC Out;
-e 18A120.zlib	448490	zlib compressed data	CALCLEAR.VI;UUT Comm.viPTH0;	Caldate.vi;Caldate.vi;
-e 18A72C	14640	data	T_Setup.vi;CALCLEAR.VI;	
-e 18A72C.zlib	446942	zlib compressed data	CALCLEAR.VI;Caldate.vi;	Caldate.vi;Caldate.vi;
-e 18B290	2190	data		@!Error\FC Out;Error\FC In;
-e 18B290.zlib	444026	zlib compressed data	CALCLEAR.VI;Caldate.vi;	Caldate.vi;Caldate.vi;
-e 18BE5C	1212	data		Communications Error;CALOFF;
-e 18BE5C.zlib	441006	zlib compressed data	Caldate.vi;UUT Comm.viPTH0;	Caldate.vi;Caldate.vi;
-e 18C29C	11016	data		
-e 18C29C.zlib	439918	zlib compressed data	Caldate.vi;Caldate.vi;	Caldate.vi;Caldate.vi;
-e 18D67C	1803	data		"Error\FC Out;Error\FC In;
-e 18D67C.zlib	434830	zlib compressed data	Caldate.vi;UUT Comm.viPTH0;	Caldate.vi;Caldate.vi;
-e 18DC4C	14701	data	T_Setup.vi;Caldate.vi;	Caldate.vi;Caldate.vi;
-e 18DC4C.zlib	433342	zlib compressed data	Caldate.vi;1ST_READ.vi;	Caldate.vi;GOpens an existing file programmatically or interactively using dialog.  You can optionally specify a dialog prompt, default file name, start path, or filter pattern.   Error 7 occurs if the file does not exist.  Use this VI with the intermediate level Read File+ VIs described below.;
-e 18E7EC	2267	data		@!Error\FC Out;Error\FC In;
-e 18E7EC.zlib	430366	zlib compressed data	Caldate.vi;1ST_READ.vi;	Caldate.vi;GOpens an existing file programmatically or interactively using dialog.  You can optionally specify a dialog prompt, default file name, start path, or filter pattern.   Error 7 occurs if the file does not exist.  Use this VI with the intermediate level Read File+ VIs described below.;
-e 18F308	1663	data		
-e 18F308.zlib	427522	zlib compressed data	1ST_READ.vi;UUT Comm.viPTH0;	GOpens an existing file programmatically or interactively using dialog.  You can optionally specify a dialog prompt, default file name, start path, or filter pattern.   Error 7 occurs if the file does not exist.  Use this VI with the intermediate level Read File+ VIs described below.;file path is the path name of the file.  If file path is empty (default value) or is Not A Path, the VI displays a File dialog box from which you can select a file.  Error 43 occurs if the user cancels the dialog.     ;
-e 18F700	10396	OpenPGP Secret Key		
-e 18F700.zlib	426506	zlib compressed data	1ST_READ.vi;1ST_READ.vi;	GOpens an existing file programmatically or interactively using dialog.  You can optionally specify a dialog prompt, default file name, start path, or filter pattern.   Error 7 occurs if the file does not exist.  Use this VI with the intermediate level Read File+ VIs described below.;file path is the path name of the file.  If file path is empty (default value) or is Not A Path, the VI displays a File dialog box from which you can select a file.  Error 43 occurs if the user cancels the dialog.     ;
-e 190B20	2437	data		"Error\FC Out;Error\FC In;
-e 190B20.zlib	421354	zlib compressed data	1ST_READ.vi;UUT Comm.viPTH0;	GOpens an existing file programmatically or interactively using dialog.  You can optionally specify a dialog prompt, default file name, start path, or filter pattern.   Error 7 occurs if the file does not exist.  Use this VI with the intermediate level Read File+ VIs described below.;file path is the path name of the file.  If file path is empty (default value) or is Not A Path, the VI displays a File dialog box from which you can select a file.  Error 43 occurs if the user cancels the dialog.     ;
-e 191074	19309	data	1ST_READ.vi;1ST_READ.vi;	
-e 191074.zlib	419990	zlib compressed data	1ST_READ.vi;SETLD_RD.VI;	GOpens an existing file programmatically or interactively using dialog.  You can optionally specify a dialog prompt, default file name, start path, or filter pattern.   Error 7 occurs if the file does not exist.  Use this VI with the intermediate level Read File+ VIs described below.;file path is the path name of the file.  If file path is empty (default value) or is Not A Path, the VI displays a File dialog box from which you can select a file.  Error 43 occurs if the user cancels the dialog.     ;
-e 1921C8	1757	data		Error\FC Out(F);Error\FC In(F);
-e 1921C8.zlib	415554	zlib compressed data	1ST_READ.vi;SETLD_RD.VI;	GOpens an existing file programmatically or interactively using dialog.  You can optionally specify a dialog prompt, default file name, start path, or filter pattern.   Error 7 occurs if the file does not exist.  Use this VI with the intermediate level Read File+ VIs described below.;file path is the path name of the file.  If file path is empty (default value) or is Not A Path, the VI displays a File dialog box from which you can select a file.  Error 43 occurs if the user cancels the dialog.     ;
-e 192D80	3112	data		
-e 192D80.zlib	412554	zlib compressed data	SETLD_RD.VI;UUT Comm.viPTH0;	GOpens an existing file programmatically or interactively using dialog.  You can optionally specify a dialog prompt, default file name, start path, or filter pattern.   Error 7 occurs if the file does not exist.  Use this VI with the intermediate level Read File+ VIs described below.;file path is the path name of the file.  If file path is empty (default value) or is Not A Path, the VI displays a File dialog box from which you can select a file.  Error 43 occurs if the user cancels the dialog.     ;
-e 1933CC	20660	data		
-e 1933CC.zlib	410942	zlib compressed data	SETLD_RD.VI;SETLD_RD.VI;	GOpens an existing file programmatically or interactively using dialog.  You can optionally specify a dialog prompt, default file name, start path, or filter pattern.   Error 7 occurs if the file does not exist.  Use this VI with the intermediate level Read File+ VIs described below.;file path is the path name of the file.  If file path is empty (default value) or is Not A Path, the VI displays a File dialog box from which you can select a file.  Error 43 occurs if the user cancels the dialog.     ;
-e 1955C4	8078	data		"Error\FC Out;Error\FC In;
-e 1955C4.zlib	402246	zlib compressed data	SETLD_RD.VI;UUT Comm.viPTH0;	GOpens an existing file programmatically or interactively using dialog.  You can optionally specify a dialog prompt, default file name, start path, or filter pattern.   Error 7 occurs if the file does not exist.  Use this VI with the intermediate level Read File+ VIs described below.;file path is the path name of the file.  If file path is empty (default value) or is Not A Path, the VI displays a File dialog box from which you can select a file.  Error 43 occurs if the user cancels the dialog.     ;
-e 195FCC	37401	data	SETLD_RD.VI;SETLD_RD.VI;	
-e 195FCC.zlib	399678	zlib compressed data	SETLD_RD.VI;ESR_CAL.VI;	GOpens an existing file programmatically or interactively using dialog.  You can optionally specify a dialog prompt, default file name, start path, or filter pattern.   Error 7 occurs if the file does not exist.  Use this VI with the intermediate level Read File+ VIs described below.;file path is the path name of the file.  If file path is empty (default value) or is Not A Path, the VI displays a File dialog box from which you can select a file.  Error 43 occurs if the user cancels the dialog.     ;
-e 197E78	2959	data		@!Error\FC Out;Error\FC In;
-e 197E78.zlib	391826	zlib compressed data	SETLD_RD.VI;ESR_CAL.VI;	GOpens an existing file programmatically or interactively using dialog.  You can optionally specify a dialog prompt, default file name, start path, or filter pattern.   Error 7 occurs if the file does not exist.  Use this VI with the intermediate level Read File+ VIs described below.;file path is the path name of the file.  If file path is empty (default value) or is Not A Path, the VI displays a File dialog box from which you can select a file.  Error 43 occurs if the user cancels the dialog.     ;
-e 198E20	2597	data		CALOFF;Communications Error;
-e 198E20.zlib	387818	zlib compressed data	ESR_CAL.VI;UUT Comm.viPTH0;	GOpens an existing file programmatically or interactively using dialog.  You can optionally specify a dialog prompt, default file name, start path, or filter pattern.   Error 7 occurs if the file does not exist.  Use this VI with the intermediate level Read File+ VIs described below.;file path is the path name of the file.  If file path is empty (default value) or is Not A Path, the VI displays a File dialog box from which you can select a file.  Error 43 occurs if the user cancels the dialog.     ;
-e 199600	18592	COM executable for DOS		
-e 199600.zlib	385802	zlib compressed data	ESR_CAL.VI;ESR_CAL.VI;	GOpens an existing file programmatically or interactively using dialog.  You can optionally specify a dialog prompt, default file name, start path, or filter pattern.   Error 7 occurs if the file does not exist.  Use this VI with the intermediate level Read File+ VIs described below.;file path is the path name of the file.  If file path is empty (default value) or is Not A Path, the VI displays a File dialog box from which you can select a file.  Error 43 occurs if the user cancels the dialog.     ;
-e 19B4C8	2245	data		"Error\FC Out;Error\FC In;
-e 19B4C8.zlib	377922	zlib compressed data	ESR_CAL.VI;UUT Comm.viPTH0;	GOpens an existing file programmatically or interactively using dialog.  You can optionally specify a dialog prompt, default file name, start path, or filter pattern.   Error 7 occurs if the file does not exist.  Use this VI with the intermediate level Read File+ VIs described below.;file path is the path name of the file.  If file path is empty (default value) or is Not A Path, the VI displays a File dialog box from which you can select a file.  Error 43 occurs if the user cancels the dialog.     ;
-e 19BC84	32309	data	T_Setup.vi;ESR_CAL.VI;	delay that causes ESR error.;
-e 19BC84.zlib	375942	zlib compressed data	ESR_CAL.VI;Open File+.vi;	GOpens an existing file programmatically or interactively using dialog.  You can optionally specify a dialog prompt, default file name, start path, or filter pattern.   Error 7 occurs if the file does not exist.  Use this VI with the intermediate level Read File+ VIs described below.;file path is the path name of the file.  If file path is empty (default value) or is Not A Path, the VI displays a File dialog box from which you can select a file.  Error 43 occurs if the user cancels the dialog.     ;
-e 19D430	3253	data		@!Error\FC Out;Error\FC In;
-e 19D430.zlib	369882	zlib compressed data	ESR_CAL.VI;Open File+.vi;	GOpens an existing file programmatically or interactively using dialog.  You can optionally specify a dialog prompt, default file name, start path, or filter pattern.   Error 7 occurs if the file does not exist.  Use this VI with the intermediate level Read File+ VIs described below.;file path is the path name of the file.  If file path is empty (default value) or is Not A Path, the VI displays a File dialog box from which you can select a file.  Error 43 occurs if the user cancels the dialog.     ;
-e 19E064	2938	data	Open File+.vi:EOF;Open File+.vi:File DialogPTH0;	
-e 19E064.zlib	366758	zlib compressed data	Open File+.vi;Open File+.vi;	GOpens an existing file programmatically or interactively using dialog.  You can optionally specify a dialog prompt, default file name, start path, or filter pattern.   Error 7 occurs if the file does not exist.  Use this VI with the intermediate level Read File+ VIs described below.;file path is the path name of the file.  If file path is empty (default value) or is Not A Path, the VI displays a File dialog box from which you can select a file.  Error 43 occurs if the user cancels the dialog.     ;
-e 19E3FC	9984	data		
-e 19E3FC.zlib	365838	zlib compressed data	Open File+.vi;Open File+.vi;	GOpens an existing file programmatically or interactively using dialog.  You can optionally specify a dialog prompt, default file name, start path, or filter pattern.   Error 7 occurs if the file does not exist.  Use this VI with the intermediate level Read File+ VIs described below.;file path is the path name of the file.  If file path is empty (default value) or is Not A Path, the VI displays a File dialog box from which you can select a file.  Error 43 occurs if the user cancels the dialog.     ;
-e 19FEB0	12942	data	scode is the identification number of the error. Use the General Error Handler.vi to get a description of the error.;	error out;)error out is a cluster of three elements (status, code, and source) that describe the error state following the execution of the VI. If an incoming error does not exist, the VI executes normally and error out describes the VI's error state; if an incoming error exists, error out equals error in.;
-e 19FEB0.zlib	359002	zlib compressed data	Open File+.vi;Open File+.vi;	Find First Error.vi;Find First Error.vi;
-e 1A0B9C	24055	data		an input error does not exist;No Error;
-e 1A0B9C.zlib	355694	zlib compressed data	Open File+.vi;Find First Error.vi;	Find First Error.vi;Find First Error.vi;
-e 1A270C	2684	data		error out;error in (not an error);
-e 1A270C.zlib	348670	zlib compressed data	Open File+.vi;Find First Error.vi;	Find First Error.vi;Find First Error.vi;
-e 1A321C	1031	data		
-e 1A321C.zlib	345838	zlib compressed data	Find First Error.vi;Find First Error.vi;	Find First Error.vi;This subVI tests the error status output of one or more low-level functions or subVIs that output a numeric error code, and creates an error out cluster that can be wired to the Simple or General Error Handler in order to identify the error and describe it to the user.;
-e 1A33BC	3796	data		
-e 1A33BC.zlib	345422	zlib compressed data	Find First Error.vi;Find First Error.vi;	This subVI tests the error status output of one or more low-level functions or subVIs that output a numeric error code, and creates an error out cluster that can be wired to the Simple or General Error Handler in order to identify the error and describe it to the user.;The error in cluster is tested first.  If error? is no-error, the elements of the error codes array are tested next for non-zero values.  The first error found terminates the test, and error out identifies that error.  Use a Build Array function to assemble the individual error codes.;
-e 1A3EEC	9310	data		error codes;+error codes is an array of the numeric error codes assembled from local subVIs or functions. If there is no error indicated in the error in cluster, the VI tests these codes in ascending order for non-zero values. If the VI finds a non-zero value, error out reflects the error status of that input.;
-e 1A3EEC.zlib	342558	zlib compressed data	Find First Error.vi;Find First Error.vi;	Find First Error.vi;Find First Error.vi;
-e 1A4964	6615	data		If the error in cluster has a status of no-error, then test each element of error codes array, stopping on the first non-zero value or after all are tested; pick the selected line from the optional source messages as the error out source.;"\If the error in cluster has a status of ERROR, pass it through without test for local errors;
-e 1A4964.zlib	339878	zlib compressed data	Find First Error.vi;Close File+.vi;	Find First Error.vi;Find First Error.viPTH0;
-e 1A555C	1275	data		error in (no error);error out;
-e 1A555C.zlib	336814	zlib compressed data	Find First Error.vi;Close File+.vi;	Find First Error.vi;Find First Error.viPTH0;
-e 1A5E24	1023	data	,Close File+.vi:EOF;Close File+.vi:Close File;	
-e 1A5E24.zlib	334566	zlib compressed data	Close File+.vi;Find First Error.vi;	Find First Error.viPTH0;Find First Error.vi;
-e 1A603C	3576	data		
-e 1A603C.zlib	334030	zlib compressed data	Find First Error.vi;Close File+.vi;	Find First Error.vi;QCloses the file on command or when in incoming error occurs and returns the file size at closure.;
-e 1A6E88	8789	data		close on error in;close on error in;
-e 1A6E88.zlib	330370	zlib compressed data	Close File+.vi;Find First Error.vi;	Find First Error.viPTH0;Find First Error.vi;
-e 1A78AC	5395	data	Find First Error.vi;	"Cno incoming error exists and mode is FALSE;;Find First Error.vi;
-e 1A78AC.zlib	327774	zlib compressed data	Close File+.vi;Read File+ (string).vi;	Reads a string of characters from a byte stream file at the specified location; the default location is at the current mark.  The VI does incoming and internal error checking and does not read if an incoming error occurs.;error in is a cluster of three elements (error?, code, and source) that describe the upstream error state, that is, the existance of any error preceeding the execution of the VI.  The VI executes normally only if no incoming error exists; otherwise it merely passes the error in value to error out.  error? is TRUE if an error occurred; the default value is FALSE.  code is the error code; the default value is 0.  source is in most cases the name of the VI or function that produced the error; the default value is an empty string.;
-e 1A8338	1434	data		error in (no error);error out;
-e 1A8338.zlib	325074	zlib compressed data	Close File+.vi;Read File+ (string).vi;	Reads a string of characters from a byte stream file at the specified location; the default location is at the current mark.  The VI does incoming and internal error checking and does not read if an incoming error occurs.;error in is a cluster of three elements (error?, code, and source) that describe the upstream error state, that is, the existance of any error preceeding the execution of the VI.  The VI executes normally only if no incoming error exists; otherwise it merely passes the error in value to error out.  error? is TRUE if an error occurred; the default value is FALSE.  code is the error code; the default value is 0.  source is in most cases the name of the VI or function that produced the error; the default value is an empty string.;
-e 1A8CD4	1839	data		
-e 1A8CD4.zlib	322614	zlib compressed data	Read File+ (string).vi;compatReadText.vi;	Reads a string of characters from a byte stream file at the specified location; the default location is at the current mark.  The VI does incoming and internal error checking and does not read if an incoming error occurs.;error in is a cluster of three elements (error?, code, and source) that describe the upstream error state, that is, the existance of any error preceeding the execution of the VI.  The VI executes normally only if no incoming error exists; otherwise it merely passes the error in value to error out.  error? is TRUE if an error occurred; the default value is FALSE.  code is the error code; the default value is 0.  source is in most cases the name of the VI or function that produced the error; the default value is an empty string.;
-e 1A8FD0	4936	data		
-e 1A8FD0.zlib	321850	zlib compressed data	compatReadText.vi;Read File+ (string).vi;	Reads a string of characters from a byte stream file at the specified location; the default location is at the current mark.  The VI does incoming and internal error checking and does not read if an incoming error occurs.;error in is a cluster of three elements (error?, code, and source) that describe the upstream error state, that is, the existance of any error preceeding the execution of the VI.  The VI executes normally only if no incoming error exists; otherwise it merely passes the error in value to error out.  error? is TRUE if an error occurred; the default value is FALSE.  code is the error code; the default value is 0.  source is in most cases the name of the VI or function that produced the error; the default value is an empty string.;
-e 1AA2B0	12955	data		error out;)error out is a cluster of three elements (status, code, and source) that describe the error state following the execution of the VI. If an incoming error does not exist, the VI executes normally and error out describes the VI's error state; if an incoming error exists, error out equals error in.;
-e 1AA2B0.zlib	317018	zlib compressed data	Read File+ (string).vi;compatReadText.vi;	General Error Handler.vi;General Error Handler.vi;
-e 1AB05C	9776	data	compatReadText.vi;	no incoming error;No Error;
-e 1AB05C.zlib	313518	zlib compressed data	Read File+ (string).vi;General Error Handler.vi;	General Error Handler.vi;General Error Handler.vi;
-e 1ABFF0	2137	data		error out;error in;
-e 1ABFF0.zlib	309530	zlib compressed data	Read File+ (string).vi;General Error Handler.vi;	General Error Handler.vi;General Error Handler.vi;
-e 1ACAEC	50253	data	GPIB ESTB:  Serial poll byte queue overflow.;GPIB EPAR:  Serial port parity error.;	nDSP ErrInGetFunctionHandle:  An error occurred when calling the function GetIndirectFunctionHandle in the CIN.;TDSP LoadDLLLibErr:  An error occurred when loading a function in dsp.dll in the CIN.;
-e 1ACAEC.zlib	306718	zlib compressed data	General Error Handler.vi;General Error Handler.vi;	General Error Handler.vi;1This error handler is used primarily to inform the user if an input error exists, to describe the error, and to identify where it occurred.  The information for this is derived from the inputs error in, error code, and error source, and from an internal error description table.  The table describes all errors that can be created by LabVIEW or its associated I/O operations.  The handler has provisions to take alternative actions, such as to cancel or set an error status, and to test for and describe user-defined errors.  See instruction on the front panel.;
-e 1B0A64	13556	data		
-e 1B0A64.zlib	290470	zlib compressed data	General Error Handler.vi;General Error Handler.vi;	1This error handler is used primarily to inform the user if an input error exists, to describe the error, and to identify where it occurred.  The information for this is derived from the inputs error in, error code, and error source, and from an internal error description table.  The table describes all errors that can be created by LabVIEW or its associated I/O operations.  The handler has provisions to take alternative actions, such as to cancel or set an error status, and to test for and describe user-defined errors.  See instruction on the front panel.;General Error Handler.vi;
-e 1B231C	23510	data		Normal Use:  When using subVIs that incorporate the error in/error out (or error I/O) structure, place this handler where you want to inform the user of an error, typically at the end of the I/O data path, as the last action of the program.  If the error in status is ERROR, the handler creates a message describing the error and its source.  If the type of dialog = 1 (default), the message is displayed to the user, who can only acknowedge it.  If the type = 2, the user can acknowledge the message or abort execution; aborting a program with active I/O is not recommended.  If the type = 0, no message is displayed; this is used to process the error programmatically, and the error out cluster elements are wired to individual terminals for that reason.  ;local testing.  To test the error code of a subVI or function that does not have the error I/O structure, you can wire its error code and a source string to the local error code and error source inputs.  If error in status indicates no error and error code is not equal to 0, the local code and source are substituted for the error in values, and the status is set TRUE (ERROR).;
-e 1B231C.zlib	284142	zlib compressed data	General Error Handler.vi;General Error Handler.vi;	General Error Handler.vi;Added several Instr. Driver errors; they are now handled like DAQ errors (either negative or positive value is recognized); delted four Analysis errors (-20057 through -20060) and corrected descriptions of several others.;
-e 1B395C	27587	data		
-e 1B395C.zlib	278446	zlib compressed data	General Error Handler.vi;Write Characters To File.vi;	Added several Instr. Driver errors; they are now handled like DAQ errors (either negative or positive value is recognized); delted four Analysis errors (-20057 through -20060) and corrected descriptions of several others.;#Hid error arrays; cosmetic changes.;
-e 1B5718	2893	data		[error code] (0);error?;
-e 1B5718.zlib	270834	zlib compressed data	General Error Handler.vi;Write Characters To File.vi;	General Error Handler.vi;General Error Handler.vi;
-e 1B63C4	782	data		
-e 1B63C4.zlib	267590	zlib compressed data	Write Characters To File.vi;General Error Handler.vi;	General Error Handler.vi;file path is the path name of the file.  If file path is empty (default value) or is Not A Path, the VI displays a File dialog box from which you can select a file.  Error 43 occurs if the user cancels the dialog.     ;
-e 1B66A8	3708	data		
-e 1B66A8.zlib	266850	zlib compressed data	Close File+.vi;Write Characters To File.vi;	file path is the path name of the file.  If file path is empty (default value) or is Not A Path, the VI displays a File dialog box from which you can select a file.  Error 43 occurs if the user cancels the dialog.     ;General Error Handler.vi;
-e 1B7208	4089	data		file path is the path name of the file. If file path is empty (default value) or is Not A Path, the VI displays a File dialog box from which you can select a file. Error 43 occurs if the user cancels the dialog.;
-e 1B7208.zlib	263938	zlib compressed data	Write Characters To File.vi;General Error Handler.vi;	General Error Handler.vi;General Error Handler.vi;
-e 1B7A40	5988	data	Write File+ (string).vi;Open_Create_Replace File.vi;	General Error Handler.vi;error;
-e 1B7A40.zlib	261834	zlib compressed data	Write Characters To File.vi;Write to Digital Port .vi;	General Error Handler.vi;General Error Handler.vi;
-e 1B82A8	2275	data		error out;error in (no error);
-e 1B82A8.zlib	259682	zlib compressed data	Write Characters To File.vi;Write to Digital Port .vi;	General Error Handler.vi;General Error Handler.vi;
-e 1B8D3C	629	old timezone data		no error;
-e 1B8D3C.zlib	256974	zlib compressed data	Write to Digital Port .vi;Write to Digital Port .vi;	General Error Handler.vi;General Error Handler.vi;
-e 1B8E24	168	data		
-e 1B8E24.zlib	256742	zlib compressed data	Write to Digital Port .vi;Write to Digital Port .vi;	General Error Handler.vi;General Error Handler.vi;
-e 1B92C4	5329	data		
-e 1B92C4.zlib	255558	zlib compressed data	Write to Digital Port .vi;General Error Handler.vi;	General Error Handler.vi;General Error Handler.vi;
-e 1B9C00	7338	data	General Error Handler.vi;DIO Port Write.vi;	General Error Handler.vi;
-e 1B9C00.zlib	253194	zlib compressed data	Write to Digital Port .vi;Read from Digital Port.vi;	General Error Handler.vi;General Error Handler.vi;
-e 1BA478	1725	data		[error code] (0);error?;
-e 1BA478.zlib	251026	zlib compressed data	Write to Digital Port .vi;Read from Digital Port.vi;	General Error Handler.vi;General Error Handler.vi;
-e 1BAD98	625	old timezone data		no error;
-e 1BAD98.zlib	248690	zlib compressed data	Read from Digital Port.vi;Read from Digital Port.vi;	General Error Handler.vi;General Error Handler.vi;
-e 1BAE80	168	data		
-e 1BAE80.zlib	248458	zlib compressed data	Read from Digital Port.vi;Read from Digital Port.vi;	General Error Handler.vi;General Error Handler.vi;
-e 1BB338	5344	data		
-e 1BB338.zlib	247250	zlib compressed data	Read from Digital Port.vi;General Error Handler.vi;	General Error Handler.vi;General Error Handler.vi;
-e 1BBC7C	7238	data	General Error Handler.vi;DIO Port Read.vi;	General Error Handler.vi;
-e 1BBC7C.zlib	244878	zlib compressed data	Read from Digital Port.vi;DIO_R-W.VI;	General Error Handler.vi;General Error Handler.vi;
-e 1BC500	1735	data		[error code] (0);error?;
-e 1BC500.zlib	242698	zlib compressed data	Read from Digital Port.vi;DIO_R-W.VI;	General Error Handler.vi;General Error Handler.vi;
-e 1BCE24	817	data		
-e 1BCE24.zlib	240358	zlib compressed data	DIO_R-W.VI;DIO_R-W.VI;	General Error Handler.vi;General Error Handler.vi;
-e 1BCF14	168	data		
-e 1BCF14.zlib	240118	zlib compressed data	DIO_R-W.VI;DIO_R-W.VI;	General Error Handler.vi;General Error Handler.vi;
-e 1BD3E4	5132	data		
-e 1BD3E4.zlib	238886	zlib compressed data	DIO_R-W.VI;Read from Digital Port.vi;	General Error Handler.vi;General Error Handler.vi;
-e 1BDA10	5988	data	Read from Digital Port.vi;Write to Digital Port .vi;	
-e 1BDA10.zlib	237306	zlib compressed data	DIO_R-W.VI;CALB_SET.VI;	General Error Handler.vi;General Error Handler.vi;
-e 1BE0BC	1255	data		
-e 1BE0BC.zlib	235598	zlib compressed data	DIO_R-W.VI;CALB_SET.VI;	General Error Handler.vi;General Error Handler.vi;
-e 1BE8E0	1036	old timezone data		
-e 1BE8E0.zlib	233514	zlib compressed data	CALB_SET.VI;CALB_SET.VI;	General Error Handler.vi;General Error Handler.vi;
-e 1BEA50	168	data		
-e 1BEA50.zlib	233146	zlib compressed data	CALB_SET.VI;CALB_SET.VI;	General Error Handler.vi;General Error Handler.vi;
-e 1BEF98	2661	data		"Error\FC Out;Error\FC In;
-e 1BEF98.zlib	231794	zlib compressed data	CALB_SET.VI;DIO_R-W.VI;	General Error Handler.vi;General Error Handler.vi;
-e 1BF51C	12851	data	CALB_SET.VI;ABORT?.vi;	
-e 1BF51C.zlib	230382	zlib compressed data	CALB_SET.VI;GAIN_CAL.VI;	General Error Handler.vi;General Error Handler.vi;
-e 1BFF28	1241	data		@!Error\FC Out;Error\FC In;
-e 1BFF28.zlib	227810	zlib compressed data	CALB_SET.VI;GAIN_CAL.VI;	General Error Handler.vi;General Error Handler.vi;
-e 1C0780	974	old timezone data		Range ;on Range ;
-e 1C0780.zlib	225674	zlib compressed data	GAIN_CAL.VI;GAIN_CAL.VI;	General Error Handler.vi;General Error Handler.vi;
-e 1C08E4	168	data		
-e 1C08E4.zlib	225318	zlib compressed data	GAIN_CAL.VI;GAIN_CAL.VI;	General Error Handler.vi;General Error Handler.vi;
-e 1C0C68	2800	data		"Error\FC Out;Error\FC In;
-e 1C0C68.zlib	224418	zlib compressed data	GAIN_CAL.VI;UUT Comm.viPTH0;	General Error Handler.vi;General Error Handler.vi;
-e 1C141C	34749	data	T_Setup.vi;GAIN_CAL.VI;	
-e 1C141C.zlib	222446	zlib compressed data	GAIN_CAL.VI;LEAK_VLT.VI;	General Error Handler.vi;General Error Handler.vi;
-e 1C2C5C	2783	data		@!Error\FC Out;Error\FC In;
-e 1C2C5C.zlib	216238	zlib compressed data	GAIN_CAL.VI;LEAK_VLT.VI;	General Error Handler.vi;General Error Handler.vi;
-e 1C36D0	980	old timezone data		CALON;Communications Error;
-e 1C36D0.zlib	213562	zlib compressed data	LEAK_VLT.VI;LEAK_VLT.VI;	General Error Handler.vi;General Error Handler.vi;
-e 1C3840	168	data		
-e 1C3840.zlib	213194	zlib compressed data	LEAK_VLT.VI;LEAK_VLT.VI;	General Error Handler.vi;General Error Handler.vi;
-e 1C3BC4	3489	data		"Error\FC Out;Error\FC In;
-e 1C3BC4.zlib	212294	zlib compressed data	LEAK_VLT.VI;UUT Comm.viPTH0;	General Error Handler.vi;General Error Handler.vi;
-e 1C43FC	28798	data	T_Setup.vi;LEAK_VLT.VI;	
-e 1C43FC.zlib	210190	zlib compressed data	LEAK_VLT.VI;LEAK_I.VI;	General Error Handler.vi;General Error Handler.vi;
-e 1C5A7C	2692	data		@!Error\FC Out;Error\FC In;
-e 1C5A7C.zlib	204430	zlib compressed data	LEAK_VLT.VI;LEAK_I.VI;	General Error Handler.vi;General Error Handler.vi;
-e 1C64F0	1483	old timezone data		CALON;Communications Error;
-e 1C64F0.zlib	201754	zlib compressed data	LEAK_I.VI;LEAK_I.VI;	General Error Handler.vi;General Error Handler.vi;
-e 1C66BC	624	data		
-e 1C66BC.zlib	201294	zlib compressed data	LEAK_I.VI;LEAK_I.VI;	General Error Handler.vi;General Error Handler.vi;
-e 1C6B38	4620	data		"Error\FC Out;Error\FC In;
-e 1C6B38.zlib	200146	zlib compressed data	LEAK_I.VI;UUT Comm.viPTH0;	General Error Handler.vi;General Error Handler.vi;
-e 1C74E8	32946	data	T_Setup.vi;LEAK_I.VI;	
-e 1C74E8.zlib	197666	zlib compressed data	LEAK_I.VI;ISRC_CAL.VI;	General Error Handler.vi;General Error Handler.vi;
-e 1C8DC4	3037	data		@!Error\FC Out;Error\FC In;
-e 1C8DC4.zlib	191302	zlib compressed data	LEAK_I.VI;ISRC_CAL.VI;	General Error Handler.vi;General Error Handler.vi;
-e 1C98F4	1121	old timezone data		CALON;on Range ;
-e 1C98F4.zlib	188438	zlib compressed data	ISRC_CAL.VI;ISRC_CAL.VI;	General Error Handler.vi;General Error Handler.vi;
-e 1C9A88	168	data		
-e 1C9A88.zlib	188034	zlib compressed data	ISRC_CAL.VI;ISRC_CAL.VI;	General Error Handler.vi;General Error Handler.vi;
-e 1C9E0C	4181	data		"Error\FC Out;Error\FC In;
-e 1C9E0C.zlib	187134	zlib compressed data	ISRC_CAL.VI;UUT Comm.viPTH0;	General Error Handler.vi;General Error Handler.vi;
-e 1CAAC5	1056	data		
-e 1CAAC5.zlib	183877	zlib compressed data	ISRC_CAL.VI;Leak_CAL.VI;	General Error Handler.vi;General Error Handler.vi;
-e 1CAB60	33942	data	T_Setup.vi;ISRC_CAL.VI;	")Lowest Current Range;
-e 1CAB60.zlib	183722	zlib compressed data	ISRC_CAL.VI;Leak_CAL.VI;	General Error Handler.vi;General Error Handler.vi;
-e 1CC54C	2930	data		@!Error\FC Out;Error\FC In;
-e 1CC54C.zlib	177086	zlib compressed data	ISRC_CAL.VI;Leak_CAL.VI;	General Error Handler.vi;General Error Handler.vi;
-e 1CD070	1372	old timezone data		Communication Error.;Low Range;
-e 1CD070.zlib	174234	zlib compressed data	Leak_CAL.VI;Leak_CAL.VI;	General Error Handler.vi;General Error Handler.vi;
-e 1CD270	624	data		
-e 1CD270.zlib	173722	zlib compressed data	Leak_CAL.VI;Leak_CAL.VI;	General Error Handler.vi;General Error Handler.vi;
-e 1CD6F0	3991	data		"Error\FC Out;Error\FC In;
-e 1CD6F0.zlib	172570	zlib compressed data	Leak_CAL.VI;UUT Comm.viPTH0;	General Error Handler.vi;General Error Handler.vi;
-e 1CE08C	48152	data	T_Setup.vi;Leak_CAL.VI;	
-e 1CE08C.zlib	170110	zlib compressed data	Leak_CAL.VI;DA_TEST.VI;	General Error Handler.vi;General Error Handler.vi;
-e 1D00AC	3373	data		@!Error\FC Out;Error\FC In;
-e 1D00AC.zlib	161886	zlib compressed data	Leak_CAL.VI;DA_TEST.VI;	General Error Handler.vi;General Error Handler.vi;
-e 1D0C0C	1249	old timezone data		CALON;Communications Error;
-e 1D0C0C.zlib	158974	zlib compressed data	DA_TEST.VI;DA_TEST.VI;	General Error Handler.vi;General Error Handler.vi;
-e 1D0D7C	624	data		
-e 1D0D7C.zlib	158606	zlib compressed data	DA_TEST.VI;DA_TEST.VI;	General Error Handler.vi;General Error Handler.vi;
-e 1D11FC	3819	data		"Error\FC Out;Error\FC In;
-e 1D11FC.zlib	157454	zlib compressed data	DA_TEST.VI;UUT Comm.viPTH0;	General Error Handler.vi;General Error Handler.vi;
-e 1D1A54	29512	data	T_Setup.vi;DA_TEST.VI;	
-e 1D1A54.zlib	155318	zlib compressed data	DA_TEST.VI;Read Lines From File.vi;	General Error Handler.vi;General Error Handler.vi;
-e 1D3170	2666	data		@!Error\FC Out;Error\FC In;
-e 1D3170.zlib	149402	zlib compressed data	DA_TEST.VI;Read Lines From File.vi;	General Error Handler.vi;General Error Handler.vi;
-e 1D3D98	2046	data		
-e 1D3D98.zlib	146290	zlib compressed data	Read Lines From File.vi;Read File+ (string).vi;	General Error Handler.vi;file path is the path name of the file.  If file path is empty (default value) or is Not A Path, the VI displays a File dialog box from which you can select a file.  Error 43 occurs if the user cancels the dialog.     ;
-e 1D4284	6296	data		
-e 1D4284.zlib	145030	zlib compressed data	Close File+.vi;Read Lines From File.vi;	file path is the path name of the file.  If file path is empty (default value) or is Not A Path, the VI displays a File dialog box from which you can select a file.  Error 43 occurs if the user cancels the dialog.     ;General Error Handler.vi;
-e 1D54B8	7889	data		file path is the path name of the file. If file path is empty (default value) or is Not A Path, the VI displays a File dialog box from which you can select a file. Error 43 occurs if the user cancels the dialog.;
-e 1D54B8.zlib	140370	zlib compressed data	Read Lines From File.vi;General Error Handler.vi;	General Error Handler.vi;General Error Handler.vi;
-e 1D6028	14943	data	Read File+ (string).vi;Open File+.vi;	General Error Handler.vi;error;
-e 1D6028.zlib	137442	zlib compressed data	Read Lines From File.vi;VER#_SAV.VI;	Caldate.vi;Caldate.vi;
-e 1D728C	2907	data		error out;error in (not an error);
-e 1D728C.zlib	132734	zlib compressed data	Read Lines From File.vi;VER#_SAV.VI;	Caldate.vi;Caldate.vi;
-e 1D8014	2638	data		
-e 1D8014.zlib	129270	zlib compressed data	VER#_SAV.VI;VER#_SAV.VI;	Caldate.vi;Caldate.vi;
-e 1D855C	15152	data		
-e 1D855C.zlib	127918	zlib compressed data	VER#_SAV.VI;VER#_SAV.VI;	Caldate.vi;Caldate.vi;
-e 1DA064	3146	data		
-e 1DA064.zlib	120998	zlib compressed data	VER#_SAV.VI;Read Lines From File.vi;	Caldate.vi;Caldate.vi;
-e 1DA5A8	29297	data	INSTR_WT.VI;Write Characters To File.vi;	
-e 1DA5A8.zlib	119650	zlib compressed data	VER#_SAV.VI;IND_CAL.VI;	Caldate.vi;Caldate.vi;
-e 1DC0B0	2866	data		@!Error\FC Out;Error\FC In;
-e 1DC0B0.zlib	112730	zlib compressed data	VER#_SAV.VI;IND_CAL.VI;	Caldate.vi;Caldate.vi;
-e 1DD1EC	3787	data		Inductance Calibration;BPlease choose the file containing the inductance calibration data.;
-e 1DD1EC.zlib	108318	zlib compressed data	IND_CAL.VI;UUT Comm.viPTH0;	Caldate.vi;Caldate.vi;
-e 1DDCAC	27832	data		
-e 1DDCAC.zlib	105566	zlib compressed data	IND_CAL.VI;IND_CAL.VI;	Caldate.vi;Caldate.vi;
-e 1E08CC	6346	data		"Error\FC Out;Error\FC In;
-e 1E08CC.zlib	94270	zlib compressed data	IND_CAL.VI;UUT Comm.viPTH0;	Caldate.vi;Caldate.vi;
-e 1E1478	53267	data	T_Setup.vi;IND_CAL.VI;	"*Highest Inductance Range;Perform Inductance Calibration;
-e 1E1478.zlib	91282	zlib compressed data	IND_CAL.VI;CAP_CAL.VI;	Caldate.vi;Caldate.vi;
-e 1E3B60	5124	data		@!Error\FC Out;Error\FC In;
-e 1E3B60.zlib	81322	zlib compressed data	IND_CAL.VI;CAP_CAL.VI;	Caldate.vi;Caldate.vi;
-e 1E5128	4596	data		Capacitance Calibration;CPlease choose the file containing the capacitance calibration data.;
-e 1E5128.zlib	75746	zlib compressed data	CAP_CAL.VI;UUT Comm.viPTH0;	Caldate.vi;Caldate.vi;
-e 1E5D28	32888	data		
-e 1E5D28.zlib	72674	zlib compressed data	CAP_CAL.VI;CAP_CAL.VI;	Caldate.vi;Caldate.vi;
-e 1E90E0	6303	data		"Error\FC Out;Error\FC In;
-e 1E90E0.zlib	59434	zlib compressed data	CAP_CAL.VI;Read Lines From File.vi;	Caldate.vi;Caldate.vi;
-e 1E9CC0	66706	raw G3 (Group 3) FAX, byte-padded	T_Setup.vi;CAP_CAL.VI;	Perform Capacitance Cal.;ADD-ON RANGE;
-e 1E9CC0.zlib	56394	zlib compressed data	CAP_CAL.VI;103FINAL.VI;	Caldate.vi;Caldate.vi;
-e 1ECC5C	5466	data		@!Error\FC Out;Error\FC In;
-e 1ECC5C.zlib	44206	zlib compressed data	CAP_CAL.VI;103FINAL.VI;	Caldate.vi;Caldate.vi;
-e 1EDCDC	3987	data	Set Serial Number;	Capacitance Calibration;Inductance Calibration;
-e 1EDCDC.zlib	39982	zlib compressed data	103FINAL.VI;103FINAL.VI;	Caldate.vi;Caldate.vi;
-e 1EE098	168	data		
-e 1EE098.zlib	39026	zlib compressed data	103FINAL.VI;103FINAL.VI;	Caldate.vi;Caldate.vi;
-e 1EE418	8044	data	Serial Number;	
-e 1EE418.zlib	38130	zlib compressed data	103FINAL.VI;CAP_CAL.VI;	Caldate.vi;Caldate.vi;
-e 1EF8D0	87524	raw G3 (Group 3) FAX, byte-padded	Serial Port Init.vi;103FINAL.VI;	Caldate.vi;CALSET.VI;
-e 1EF8D0.zlib	32826	zlib compressed data	103FINAL.VI;Open/Create/Replace File.vi;	Error Flag;Error Message;
-e 1F3168	5969	dBase III DBT, next free block index 3774873600	Serial Number;	error code;parity error byte;
-e 1F3168.zlib	18338	zlib compressed data	103FINAL.VI;Open/Create/Replace File.vi;	Error Flag;Error Message;
-e FCF48	567	data		
-e FCF48.zlib	1026498	zlib compressed data	INSTR_WT.VI;INSTR_WT.VI;	*Writes a string of characters to a byte stream file at the specified location; the default location is at the end of file.  The VI does incoming and internal error checking and does not write if an incoming error occurs.;error in is a cluster of three elements (error?, code, and source) that describe the upstream error state, that is, the existance of any error preceeding the execution of the VI.  The VI executes normally only if no incoming error exists; otherwise it merely passes the error in value to error out.  error? is TRUE if an error occurred; the default value is FALSE.  code is the error code; the default value is 0.  source is in most cases the name of the VI or function that produced the error; the default value is an empty string.;
-e FD064	1912	data		
-e FD064.zlib	1026214	zlib compressed data	INSTR_WT.VI;INSTR_WT.VI;	*Writes a string of characters to a byte stream file at the specified location; the default location is at the end of file.  The VI does incoming and internal error checking and does not write if an incoming error occurs.;error in is a cluster of three elements (error?, code, and source) that describe the upstream error state, that is, the existance of any error preceeding the execution of the VI.  The VI executes normally only if no incoming error exists; otherwise it merely passes the error in value to error out.  error? is TRUE if an error occurred; the default value is FALSE.  code is the error code; the default value is 0.  source is in most cases the name of the VI or function that produced the error; the default value is an empty string.;
-e FD74C	2509	data		Error\FC In;"Error\FC Out;
-e FD74C.zlib	1024446	zlib compressed data	INSTR_WT.VI;INSTR_WT.VI;	*Writes a string of characters to a byte stream file at the specified location; the default location is at the end of file.  The VI does incoming and internal error checking and does not write if an incoming error occurs.;error in is a cluster of three elements (error?, code, and source) that describe the upstream error state, that is, the existance of any error preceeding the execution of the VI.  The VI executes normally only if no incoming error exists; otherwise it merely passes the error in value to error out.  error? is TRUE if an error occurred; the default value is FALSE.  code is the error code; the default value is 0.  source is in most cases the name of the VI or function that produced the error; the default value is an empty string.;
-e FDB70	1915	data	INSTR_WT.VI;	
-e FDB70.zlib	1023386	zlib compressed data	INSTR_WT.VI;Write File+ (string).vi;	*Writes a string of characters to a byte stream file at the specified location; the default location is at the end of file.  The VI does incoming and internal error checking and does not write if an incoming error occurs.;error in is a cluster of three elements (error?, code, and source) that describe the upstream error state, that is, the existance of any error preceeding the execution of the VI.  The VI executes normally only if no incoming error exists; otherwise it merely passes the error in value to error out.  error? is TRUE if an error occurred; the default value is FALSE.  code is the error code; the default value is 0.  source is in most cases the name of the VI or function that produced the error; the default value is an empty string.;
-e FDF94	709	data		@!Error\FC Out;Error\FC In;
-e FDF94.zlib	1022326	zlib compressed data	INSTR_WT.VI;Write File+ (string).vi;	*Writes a string of characters to a byte stream file at the specified location; the default location is at the end of file.  The VI does incoming and internal error checking and does not write if an incoming error occurs.;error in is a cluster of three elements (error?, code, and source) that describe the upstream error state, that is, the existance of any error preceeding the execution of the VI.  The VI executes normally only if no incoming error exists; otherwise it merely passes the error in value to error out.  error? is TRUE if an error occurred; the default value is FALSE.  code is the error code; the default value is 0.  source is in most cases the name of the VI or function that produced the error; the default value is an empty string.;
-e FE7A0	1399	data		
-e FE7A0.zlib	1020266	zlib compressed data	Write File+ (string).vi;compatWriteText.vi;	*Writes a string of characters to a byte stream file at the specified location; the default location is at the end of file.  The VI does incoming and internal error checking and does not write if an incoming error occurs.;error in is a cluster of three elements (error?, code, and source) that describe the upstream error state, that is, the existance of any error preceeding the execution of the VI.  The VI executes normally only if no incoming error exists; otherwise it merely passes the error in value to error out.  error? is TRUE if an error occurred; the default value is FALSE.  code is the error code; the default value is 0.  source is in most cases the name of the VI or function that produced the error; the default value is an empty string.;
-e FEA1C	4076	data		
-e FEA1C.zlib	1019630	zlib compressed data	compatWriteText.vi;Write File+ (string).vi;	*Writes a string of characters to a byte stream file at the specified location; the default location is at the end of file.  The VI does incoming and internal error checking and does not write if an incoming error occurs.;error in is a cluster of three elements (error?, code, and source) that describe the upstream error state, that is, the existance of any error preceeding the execution of the VI.  The VI executes normally only if no incoming error exists; otherwise it merely passes the error in value to error out.  error? is TRUE if an error occurred; the default value is FALSE.  code is the error code; the default value is 0.  source is in most cases the name of the VI or function that produced the error; the default value is an empty string.;
-e FFA30	10759	data		error out;)error out is a cluster of three elements (status, code, and source) that describe the error state following the execution of the VI. If an incoming error does not exist, the VI executes normally and error out describes the VI's error state; if an incoming error exists, error out equals error in.;
-e FFA30.zlib	1015514	zlib compressed data	Write File+ (string).vi;compatWriteText.vi;	Measure volts, amps, or ohms.  Select one of 6 functions.  Select range or use auto range.  Select trigger mode.  Slow reading rate is used for accuracy.                                         version a.0;SetCINArraySize, elmtNum %ld out of range 0 <= elmtNum < %ld;
