entry,name,namespace,body_addresses,parameter_count,return_type
1000:0012,"FUN_1000_0012","Global",85,0,"undefined"
1000:0068,"FUN_1000_0068","Global",1774,0,"undefined"
1000:0756,"FUN_1000_0756","Global",124,0,"undefined"
1000:07d2,"FUN_1000_07d2","Global",76,0,"undefined"
1000:081e,"FUN_1000_081e","Global",97,0,"undefined"
1000:0880,"FUN_1000_0880","Global",132,0,"undefined"
1000:0906,"FUN_1000_0906","Global",40,0,"undefined"
1000:a364,"FUN_1000_a364","Global",29,0,"undefined"
1000:a382,"FUN_1000_a382","Global",29,0,"undefined"
1000:a3a0,"FUN_1000_a3a0","Global",412,0,"undefined"
1000:a53c,"FUN_1000_a53c","Global",53,0,"undefined"
1000:a594,"FUN_1000_a594","Global",45,0,"undefined"
1000:a60a,"FUN_1000_a60a","Global",22,0,"undefined"
1000:a620,"FUN_1000_a620","Global",121,0,"undefined"
1000:a69a,"FUN_1000_a69a","Global",195,0,"undefined"
1000:a75e,"FUN_1000_a75e","Global",30,0,"undefined"
1000:a85c,"FUN_1000_a85c","Global",27,0,"undefined"
1000:a878,"FUN_1000_a878","Global",114,0,"undefined"
1000:a8ea,"FUN_1000_a8ea","Global",32,0,"undefined"
1000:a9aa,"FUN_1000_a9aa","Global",44,0,"undefined"
1000:a9d6,"FUN_1000_a9d6","Global",25,0,"undefined"
1000:ab7c,"FUN_1000_ab7c","Global",28,0,"undefined"
1000:ab98,"FUN_1000_ab98","Global",25,0,"undefined"
1000:adf0,"FUN_1000_adf0","Global",44,0,"undefined"
1000:ae1c,"FUN_1000_ae1c","Global",34,0,"undefined"
1000:ae92,"FUN_1000_ae92","Global",52,0,"undefined"
1000:aec6,"FUN_1000_aec6","Global",32,0,"undefined"
1000:aee6,"FUN_1000_aee6","Global",39,0,"undefined"
1000:af7e,"FUN_1000_af7e","Global",52,0,"undefined"
1000:b0d8,"FUN_1000_b0d8","Global",18,0,"undefined"
1000:b146,"FUN_1000_b146","Global",129,0,"undefined"
1000:b1c8,"FUN_1000_b1c8","Global",167,0,"undefined"
1000:b270,"FUN_1000_b270","Global",38,0,"undefined"
1000:b296,"FUN_1000_b296","Global",88,0,"undefined"
1000:b2ee,"FUN_1000_b2ee","Global",19,0,"undefined"
1000:b7fc,"FUN_1000_b7fc","Global",25,0,"undefined"
1000:c160,"FUN_1000_c160","Global",626,0,"undefined"
1000:c3d2,"FUN_1000_c3d2","Global",70,0,"undefined"
1000:c418,"FUN_1000_c418","Global",59,0,"undefined"
1000:c58f,"FUN_1000_c58f","Global",113,0,"undefined"
1000:c8c2,"FUN_1000_c8c2","Global",4,0,"undefined"
1000:c8c6,"FUN_1000_c8c6","Global",103,0,"undefined"
1000:c92d,"FUN_1000_c92d","Global",115,0,"undefined"
1000:c9a0,"FUN_1000_c9a0","Global",109,0,"undefined"
1000:ca7d,"FUN_1000_ca7d","Global",103,0,"undefined"
1000:df49,"FUN_1000_df49","Global",4,0,"undefined"
1000:df4d,"FUN_1000_df4d","Global",68,0,"undefined"
1000:e1e0,"FUN_1000_e1e0","Global",82,0,"undefined"
1000:e232,"FUN_1000_e232","Global",70,0,"undefined"
1000:e687,"FUN_1000_e687","Global",142,0,"undefined"
1000:e716,"entry","Global",3,0,"undefined"
1000:e7a2,"FUN_1000_e7a2","Global",132,0,"undefined"
1000:e826,"FUN_1000_e826","Global",12,0,"undefined"
1000:e833,"FUN_1000_e833","Global",51,0,"undefined"
1000:e880,"FUN_1000_e880","Global",18,0,"undefined"
1000:e8ca,"FUN_1000_e8ca","Global",23,0,"undefined"
1000:e8f8,"FUN_1000_e8f8","Global",94,0,"undefined"
1000:e984,"FUN_1000_e984","Global",26,0,"undefined"
1000:e99e,"FUN_1000_e99e","Global",26,0,"undefined"
1000:e9b8,"FUN_1000_e9b8","Global",18,0,"undefined"
1000:e9ca,"FUN_1000_e9ca","Global",30,0,"undefined"
1000:e9f8,"FUN_1000_e9f8","Global",39,0,"undefined"
1000:ea3a,"FUN_1000_ea3a","Global",26,0,"undefined"
1000:ea8c,"FUN_1000_ea8c","Global",20,0,"undefined"
1000:eaa0,"FUN_1000_eaa0","Global",27,0,"undefined"
1000:eaca,"FUN_1000_eaca","Global",33,0,"undefined"
1000:eafa,"FUN_1000_eafa","Global",33,0,"undefined"
1000:eb1b,"FUN_1000_eb1b","Global",16,0,"undefined"
1000:eb2c,"FUN_1000_eb2c","Global",33,0,"undefined"
1000:ec22,"FUN_1000_ec22","Global",4,0,"undefined"
1000:ec2a,"FUN_1000_ec2a","Global",67,0,"undefined"
1000:ec6d,"FUN_1000_ec6d","Global",34,0,"undefined"
1000:efaa,"FUN_1000_efaa","Global",5,0,"undefined"
1000:efaf,"FUN_1000_efaf","Global",15,0,"undefined"
1000:efbe,"FUN_1000_efbe","Global",77,0,"undefined"
1000:f00b,"FUN_1000_f00b","Global",24,0,"undefined"
1000:f024,"FUN_1000_f024","Global",24,0,"undefined"
1000:f03c,"FUN_1000_f03c","Global",170,0,"undefined"
1000:f0ff,"FUN_1000_f0ff","Global",1,0,"undefined"
1000:f100,"FUN_1000_f100","Global",119,0,"undefined"
1000:f1c3,"FUN_1000_f1c3","Global",23,0,"undefined"
1000:f1de,"FUN_1000_f1de","Global",23,0,"undefined"
1000:f1f5,"FUN_1000_f1f5","Global",4,0,"undefined"
1000:f1f9,"FUN_1000_f1f9","Global",4,0,"undefined"
1000:f1fe,"FUN_1000_f1fe","Global",16,0,"undefined"
1000:f20e,"FUN_1000_f20e","Global",161,0,"undefined"
1000:f2b2,"FUN_1000_f2b2","Global",268,0,"undefined"
1000:f3bb,"FUN_1000_f3bb","Global",250,0,"undefined"
1000:f4b5,"FUN_1000_f4b5","Global",3,0,"undefined"
1000:f4b8,"FUN_1000_f4b8","Global",90,0,"undefined"
1000:f5e1,"FUN_1000_f5e1","Global",208,0,"undefined"
1000:f6b1,"FUN_1000_f6b1","Global",305,0,"undefined"
1000:f7e2,"FUN_1000_f7e2","Global",3,0,"undefined"
1000:f7e5,"FUN_1000_f7e5","Global",81,0,"undefined"
1008:3fb2,"FUN_1008_3fb2","Global",64,0,"undefined"
1008:3ff2,"FUN_1008_3ff2","Global",43,0,"undefined"
1008:4046,"FUN_1008_4046","Global",22,0,"undefined"
1008:434a,"FUN_1008_434a","Global",41,0,"undefined"
1008:43de,"FUN_1008_43de","Global",47,0,"undefined"
1008:442c,"FUN_1008_442c","Global",32,0,"undefined"
1008:444c,"FUN_1008_444c","Global",16,0,"undefined"
1008:445c,"FUN_1008_445c","Global",33,0,"undefined"
1008:4564,"FUN_1008_4564","Global",21,0,"undefined"
1008:458c,"FUN_1008_458c","Global",20,0,"undefined"
1008:45bc,"FUN_1008_45bc","Global",23,0,"undefined"
1008:460a,"FUN_1008_460a","Global",21,0,"undefined"
1008:468e,"FUN_1008_468e","Global",30,0,"undefined"
1008:4700,"FUN_1008_4700","Global",33,0,"undefined"
1008:4776,"FUN_1008_4776","Global",32,0,"undefined"
1008:4796,"FUN_1008_4796","Global",26,0,"undefined"
1008:47d8,"FUN_1008_47d8","Global",27,0,"undefined"
1008:4856,"FUN_1008_4856","Global",18,0,"undefined"
1008:4868,"FUN_1008_4868","Global",24,0,"undefined"
1008:48da,"FUN_1008_48da","Global",89,0,"undefined"
1008:498e,"FUN_1008_498e","Global",89,0,"undefined"
1008:4baa,"FUN_1008_4baa","Global",89,0,"undefined"
1008:4c5e,"FUN_1008_4c5e","Global",183,0,"undefined"
1030:0000,"SETBKCOLOR","GDI",4,0,"undefined"
1030:0004,"SETBKMODE","GDI",4,0,"undefined"
1030:0008,"SETMAPMODE","GDI",4,0,"undefined"
1030:000c,"SETROP2","GDI",4,0,"undefined"
1030:0010,"SETPOLYFILLMODE","GDI",4,0,"undefined"
1030:0014,"SETSTRETCHBLTMODE","GDI",4,0,"undefined"
1030:0018,"SETTEXTCHARACTEREXTRA","GDI",4,0,"undefined"
1030:001c,"SETTEXTCOLOR","GDI",4,0,"undefined"
1030:0020,"SETTEXTJUSTIFICATION","GDI",4,0,"undefined"
1030:0024,"SETWINDOWORG","GDI",4,0,"undefined"
1030:0028,"SETWINDOWEXT","GDI",4,0,"undefined"
1030:002c,"SETVIEWPORTORG","GDI",4,0,"undefined"
1030:0030,"SETVIEWPORTEXT","GDI",4,0,"undefined"
1030:0034,"OFFSETWINDOWORG","GDI",4,0,"undefined"
1030:0038,"SCALEWINDOWEXT","GDI",4,0,"undefined"
1030:003c,"OFFSETVIEWPORTORG","GDI",4,0,"undefined"
1030:0040,"SCALEVIEWPORTEXT","GDI",4,0,"undefined"
1030:0044,"LINETO","GDI",4,0,"undefined"
1030:0048,"MOVETO","GDI",4,0,"undefined"
1030:004c,"EXCLUDECLIPRECT","GDI",4,0,"undefined"
1030:0050,"INTERSECTCLIPRECT","GDI",4,0,"undefined"
1030:0054,"ARC","GDI",4,0,"undefined"
1030:0058,"ELLIPSE","GDI",4,0,"undefined"
1030:005c,"FLOODFILL","GDI",4,0,"undefined"
1030:0060,"PIE","GDI",4,0,"undefined"
1030:0064,"RECTANGLE","GDI",4,0,"undefined"
1030:0068,"ROUNDRECT","GDI",4,0,"undefined"
1030:006c,"PATBLT","GDI",4,0,"undefined"
1030:0070,"SAVEDC","GDI",4,0,"undefined"
1030:0074,"SETPIXEL","GDI",4,0,"undefined"
1030:0078,"OFFSETCLIPRGN","GDI",4,0,"undefined"
1030:007c,"TEXTOUT","GDI",4,0,"undefined"
1030:0080,"BITBLT","GDI",4,0,"undefined"
1030:0084,"STRETCHBLT","GDI",4,0,"undefined"
1030:0088,"POLYGON","GDI",4,0,"undefined"
1030:008c,"POLYLINE","GDI",4,0,"undefined"
1030:0090,"ESCAPE","GDI",4,0,"undefined"
1030:0094,"RESTOREDC","GDI",4,0,"undefined"
1030:0098,"FILLRGN","GDI",4,0,"undefined"
1030:009c,"FRAMERGN","GDI",4,0,"undefined"
1030:00a0,"INVERTRGN","GDI",4,0,"undefined"
1030:00a4,"PAINTRGN","GDI",4,0,"undefined"
1030:00a8,"SELECTCLIPRGN","GDI",4,0,"undefined"
1030:00ac,"SELECTOBJECT","GDI",4,0,"undefined"
1030:00b0,"COMBINERGN","GDI",4,0,"undefined"
1030:00b4,"CREATEBITMAP","GDI",4,0,"undefined"
1030:00b8,"CREATEBITMAPINDIRECT","GDI",4,0,"undefined"
1030:00bc,"CREATEBRUSHINDIRECT","GDI",4,0,"undefined"
1030:00c0,"CREATECOMPATIBLEBITMAP","GDI",4,0,"undefined"
1030:00c4,"CREATECOMPATIBLEDC","GDI",4,0,"undefined"
1030:00c8,"CREATEDC","GDI",4,0,"undefined"
1030:00cc,"CREATEELLIPTICRGN","GDI",4,0,"undefined"
1030:00d0,"CREATEELLIPTICRGNINDIRECT","GDI",4,0,"undefined"
1030:00d4,"CREATEFONT","GDI",4,0,"undefined"
1030:00d8,"CREATEFONTINDIRECT","GDI",4,0,"undefined"
1030:00dc,"CREATEHATCHBRUSH","GDI",4,0,"undefined"
1030:00e0,"CREATEPATTERNBRUSH","GDI",4,0,"undefined"
1030:00e4,"CREATEPEN","GDI",4,0,"undefined"
1030:00e8,"CREATEPENINDIRECT","GDI",4,0,"undefined"
1030:00ec,"CREATEPOLYGONRGN","GDI",4,0,"undefined"
1030:00f0,"CREATERECTRGN","GDI",4,0,"undefined"
1030:00f4,"CREATERECTRGNINDIRECT","GDI",4,0,"undefined"
1030:00f8,"CREATESOLIDBRUSH","GDI",4,0,"undefined"
1030:00fc,"DPTOLP","GDI",4,0,"undefined"
1030:0100,"DELETEDC","GDI",4,0,"undefined"
1030:0104,"DELETEOBJECT","GDI",4,0,"undefined"
1030:0108,"ENUMFONTS","GDI",4,0,"undefined"
1030:010c,"ENUMOBJECTS","GDI",4,0,"undefined"
1030:0110,"EQUALRGN","GDI",4,0,"undefined"
1030:0114,"GETBITMAPBITS","GDI",4,0,"undefined"
1030:0118,"GETBKCOLOR","GDI",4,0,"undefined"
1030:011c,"GETBKMODE","GDI",4,0,"undefined"
1030:0120,"GETCLIPBOX","GDI",4,0,"undefined"
1030:0124,"GETCURRENTPOSITION","GDI",4,0,"undefined"
1030:0128,"GETDCORG","GDI",4,0,"undefined"
1030:012c,"GETDEVICECAPS","GDI",4,0,"undefined"
1030:0130,"GETMAPMODE","GDI",4,0,"undefined"
1030:0134,"GETOBJECT","GDI",4,0,"undefined"
1030:0138,"GETPIXEL","GDI",4,0,"undefined"
1030:013c,"GETPOLYFILLMODE","GDI",4,0,"undefined"
1030:0140,"GETROP2","GDI",4,0,"undefined"
1030:0144,"GETSTOCKOBJECT","GDI",4,0,"undefined"
1030:0148,"GETSTRETCHBLTMODE","GDI",4,0,"undefined"
1030:014c,"GETTEXTCHARACTEREXTRA","GDI",4,0,"undefined"
1030:0150,"GETTEXTCOLOR","GDI",4,0,"undefined"
1030:0154,"GETTEXTEXTENT","GDI",4,0,"undefined"
1030:0158,"GETTEXTFACE","GDI",4,0,"undefined"
1030:015c,"GETTEXTMETRICS","GDI",4,0,"undefined"
1030:0160,"GETVIEWPORTEXT","GDI",4,0,"undefined"
1030:0164,"GETVIEWPORTORG","GDI",4,0,"undefined"
1030:0168,"GETWINDOWEXT","GDI",4,0,"undefined"
1030:016c,"GETWINDOWORG","GDI",4,0,"undefined"
1030:0170,"LPTODP","GDI",4,0,"undefined"
1030:0174,"LINEDDA","GDI",4,0,"undefined"
1030:0178,"OFFSETRGN","GDI",4,0,"undefined"
1030:017c,"PTVISIBLE","GDI",4,0,"undefined"
1030:0180,"RECTVISIBLE","GDI",4,0,"undefined"
1030:0184,"SETBITMAPBITS","GDI",4,0,"undefined"
1030:0188,"ADDFONTRESOURCE","GDI",4,0,"undefined"
1030:018c,"PLAYMETAFILE","GDI",4,0,"undefined"
1030:0190,"GETMETAFILE","GDI",4,0,"undefined"
1030:0194,"CREATEMETAFILE","GDI",4,0,"undefined"
1030:0198,"CLOSEMETAFILE","GDI",4,0,"undefined"
1030:019c,"DELETEMETAFILE","GDI",4,0,"undefined"
1030:01a0,"MULDIV","GDI",4,0,"undefined"
1030:01a4,"SETENVIRONMENT","GDI",4,0,"undefined"
1030:01a8,"GETENVIRONMENT","GDI",4,0,"undefined"
1030:01ac,"GETRGNBOX","GDI",4,0,"undefined"
1030:01b0,"REMOVEFONTRESOURCE","GDI",4,0,"undefined"
1030:01b4,"SETBRUSHORG","GDI",4,0,"undefined"
1030:01b8,"GETBRUSHORG","GDI",4,0,"undefined"
1030:01bc,"UNREALIZEOBJECT","GDI",4,0,"undefined"
1030:01c0,"COPYMETAFILE","GDI",4,0,"undefined"
1030:01c4,"CREATEIC","GDI",4,0,"undefined"
1030:01c8,"GETNEARESTCOLOR","GDI",4,0,"undefined"
1030:01cc,"QUERYABORT","GDI",4,0,"undefined"
1030:01d0,"CREATEDISCARDABLEBITMAP","GDI",4,0,"undefined"
1030:01d4,"GETMETAFILEBITS","GDI",4,0,"undefined"
1030:01d8,"SETMETAFILEBITS","GDI",4,0,"undefined"
1030:01dc,"PTINREGION","GDI",4,0,"undefined"
1030:01e0,"GETBITMAPDIMENSION","GDI",4,0,"undefined"
1030:01e4,"SETBITMAPDIMENSION","GDI",4,0,"undefined"
1030:01e8,"SETRECTRGN","GDI",4,0,"undefined"
1030:01ec,"ENUMMETAFILE","GDI",4,0,"undefined"
1030:01f0,"PLAYMETAFILERECORD","GDI",4,0,"undefined"
1030:01f4,"RECTINREGION","GDI",4,0,"undefined"
1030:01f8,"SETBOUNDSRECT","GDI",4,0,"undefined"
1030:01fc,"GETBOUNDSRECT","GDI",4,0,"undefined"
1030:0200,"SETMETAFILEBITSBETTER","GDI",4,0,"undefined"
1030:0204,"QUERYJOB","GDI",4,0,"undefined"
1030:0208,"SPOOLFILE","GDI",4,0,"undefined"
1030:020c,"ENGINEMAKEFONTDIR","GDI",4,0,"undefined"
1030:0210,"GETCHARABCWIDTHS","GDI",4,0,"undefined"
1030:0214,"GETOUTLINETEXTMETRICS","GDI",4,0,"undefined"
1030:0218,"GETGLYPHOUTLINE","GDI",4,0,"undefined"
1030:021c,"CREATESCALABLEFONTRESOURCE","GDI",4,0,"undefined"
1030:0220,"GETFONTDATA","GDI",4,0,"undefined"
1030:0224,"CONVERTOUTLINEFONTFILE","GDI",4,0,"undefined"
1030:0228,"GETRASTERIZERCAPS","GDI",4,0,"undefined"
1030:022c,"ENUMFONTFAMILIES","GDI",4,0,"undefined"
1030:0230,"GETKERNINGPAIRS","GDI",4,0,"undefined"
1030:0234,"GETTEXTALIGN","GDI",4,0,"undefined"
1030:0238,"SETTEXTALIGN","GDI",4,0,"undefined"
1030:023c,"CHORD","GDI",4,0,"undefined"
1030:0240,"SETMAPPERFLAGS","GDI",4,0,"undefined"
1030:0244,"GETCHARWIDTH","GDI",4,0,"undefined"
1030:0248,"EXTTEXTOUT","GDI",4,0,"undefined"
1030:024c,"GETASPECTRATIOFILTER","GDI",4,0,"undefined"
1030:0250,"CREATEPALETTE","GDI",4,0,"undefined"
1030:0254,"GETPALETTEENTRIES","GDI",4,0,"undefined"
1030:0258,"SETPALETTEENTRIES","GDI",4,0,"undefined"
1030:025c,"UPDATECOLORS","GDI",4,0,"undefined"
1030:0260,"ANIMATEPALETTE","GDI",4,0,"undefined"
1030:0264,"RESIZEPALETTE","GDI",4,0,"undefined"
1030:0268,"GETNEARESTPALETTEINDEX","GDI",4,0,"undefined"
1030:026c,"EXTFLOODFILL","GDI",4,0,"undefined"
1030:0270,"SETSYSTEMPALETTEUSE","GDI",4,0,"undefined"
1030:0274,"GETSYSTEMPALETTEUSE","GDI",4,0,"undefined"
1030:0278,"GETSYSTEMPALETTEENTRIES","GDI",4,0,"undefined"
1030:027c,"STARTDOC","GDI",4,0,"undefined"
1030:0280,"ENDDOC","GDI",4,0,"undefined"
1030:0284,"STARTPAGE","GDI",4,0,"undefined"
1030:0288,"ENDPAGE","GDI",4,0,"undefined"
1030:028c,"SETABORTPROC","GDI",4,0,"undefined"
1030:0290,"ABORTDOC","GDI",4,0,"undefined"
1030:0294,"STRETCHDIBITS","GDI",4,0,"undefined"
1030:0298,"SETDIBITS","GDI",4,0,"undefined"
1030:029c,"GETDIBITS","GDI",4,0,"undefined"
1030:02a0,"CREATEDIBITMAP","GDI",4,0,"undefined"
1030:02a4,"SETDIBITSTODEVICE","GDI",4,0,"undefined"
1030:02a8,"CREATEROUNDRECTRGN","GDI",4,0,"undefined"
1030:02ac,"CREATEDIBPATTERNBRUSH","GDI",4,0,"undefined"
1030:02b0,"POLYPOLYGON","GDI",4,0,"undefined"
1030:02b4,"CREATEPOLYPOLYGONRGN","GDI",4,0,"undefined"
1030:02b8,"ISGDIOBJECT","GDI",4,0,"undefined"
1030:02bc,"GETBITMAPDIMENSIONEX","GDI",4,0,"undefined"
1030:02c0,"GETBRUSHORGEX","GDI",4,0,"undefined"
1030:02c4,"GETCURRENTPOSITIONEX","GDI",4,0,"undefined"
1030:02c8,"GETTEXTEXTENTPOINT","GDI",4,0,"undefined"
1030:02cc,"GETVIEWPORTEXTEX","GDI",4,0,"undefined"
1030:02d0,"GETVIEWPORTORGEX","GDI",4,0,"undefined"
1030:02d4,"GETWINDOWEXTEX","GDI",4,0,"undefined"
1030:02d8,"GETWINDOWORGEX","GDI",4,0,"undefined"
1030:02dc,"OFFSETVIEWPORTORGEX","GDI",4,0,"undefined"
1030:02e0,"OFFSETWINDOWORGEX","GDI",4,0,"undefined"
1030:02e4,"SETBITMAPDIMENSIONEX","GDI",4,0,"undefined"
1030:02e8,"SETVIEWPORTEXTEX","GDI",4,0,"undefined"
1030:02ec,"SETVIEWPORTORGEX","GDI",4,0,"undefined"
1030:02f0,"SETWINDOWEXTEX","GDI",4,0,"undefined"
1030:02f4,"SETWINDOWORGEX","GDI",4,0,"undefined"
1030:02f8,"MOVETOEX","GDI",4,0,"undefined"
1030:02fc,"SCALEVIEWPORTEXTEX","GDI",4,0,"undefined"
1030:0300,"SCALEWINDOWEXTEX","GDI",4,0,"undefined"
1030:0304,"GETASPECTRATIOFILTEREX","GDI",4,0,"undefined"
1030:0308,"MESSAGEBOX","USER",4,0,"undefined"
1030:030c,"INITAPP","USER",4,0,"undefined"
1030:0310,"POSTQUITMESSAGE","USER",4,0,"undefined"
1030:0314,"EXITWINDOWS","USER",4,0,"undefined"
1030:0318,"SETTIMER","USER",4,0,"undefined"
1030:031c,"KILLTIMER","USER",4,0,"undefined"
1030:0320,"GETTICKCOUNT","USER",4,0,"undefined"
1030:0324,"GETTIMERRESOLUTION","USER",4,0,"undefined"
1030:0328,"GETCURRENTTIME","USER",4,0,"undefined"
1030:032c,"CLIPCURSOR","USER",4,0,"undefined"
1030:0330,"GETCURSORPOS","USER",4,0,"undefined"
1030:0334,"SETCAPTURE","USER",4,0,"undefined"
1030:0338,"RELEASECAPTURE","USER",4,0,"undefined"
1030:033c,"SETDOUBLECLICKTIME","USER",4,0,"undefined"
1030:0340,"GETDOUBLECLICKTIME","USER",4,0,"undefined"
1030:0344,"SETFOCUS","USER",4,0,"undefined"
1030:0348,"GETFOCUS","USER",4,0,"undefined"
1030:034c,"REMOVEPROP","USER",4,0,"undefined"
1030:0350,"GETPROP","USER",4,0,"undefined"
1030:0354,"SETPROP","USER",4,0,"undefined"
1030:0358,"ENUMPROPS","USER",4,0,"undefined"
1030:035c,"CLIENTTOSCREEN","USER",4,0,"undefined"
1030:0360,"SCREENTOCLIENT","USER",4,0,"undefined"
1030:0364,"WINDOWFROMPOINT","USER",4,0,"undefined"
1030:0368,"ISICONIC","USER",4,0,"undefined"
1030:036c,"GETWINDOWRECT","USER",4,0,"undefined"
1030:0370,"GETCLIENTRECT","USER",4,0,"undefined"
1030:0374,"ENABLEWINDOW","USER",4,0,"undefined"
1030:0378,"ISWINDOWENABLED","USER",4,0,"undefined"
1030:037c,"GETWINDOWTEXT","USER",4,0,"undefined"
1030:0380,"SETWINDOWTEXT","USER",4,0,"undefined"
1030:0384,"GETWINDOWTEXTLENGTH","USER",4,0,"undefined"
1030:0388,"BEGINPAINT","USER",4,0,"undefined"
1030:038c,"ENDPAINT","USER",4,0,"undefined"
1030:0390,"CREATEWINDOW","USER",4,0,"undefined"
1030:0394,"SHOWWINDOW","USER",4,0,"undefined"
1030:0398,"CLOSEWINDOW","USER",4,0,"undefined"
1030:039c,"OPENICON","USER",4,0,"undefined"
1030:03a0,"BRINGWINDOWTOTOP","USER",4,0,"undefined"
1030:03a4,"GETPARENT","USER",4,0,"undefined"
1030:03a8,"ISWINDOW","USER",4,0,"undefined"
1030:03ac,"ISCHILD","USER",4,0,"undefined"
1030:03b0,"ISWINDOWVISIBLE","USER",4,0,"undefined"
1030:03b4,"FINDWINDOW","USER",4,0,"undefined"
1030:03b8,"ANYPOPUP","USER",4,0,"undefined"
1030:03bc,"DESTROYWINDOW","USER",4,0,"undefined"
1030:03c0,"ENUMWINDOWS","USER",4,0,"undefined"
1030:03c4,"ENUMCHILDWINDOWS","USER",4,0,"undefined"
1030:03c8,"MOVEWINDOW","USER",4,0,"undefined"
1030:03cc,"REGISTERCLASS","USER",4,0,"undefined"
1030:03d0,"GETCLASSNAME","USER",4,0,"undefined"
1030:03d4,"SETACTIVEWINDOW","USER",4,0,"undefined"
1030:03d8,"GETACTIVEWINDOW","USER",4,0,"undefined"
1030:03dc,"SCROLLWINDOW","USER",4,0,"undefined"
1030:03e0,"SETSCROLLPOS","USER",4,0,"undefined"
1030:03e4,"GETSCROLLPOS","USER",4,0,"undefined"
1030:03e8,"SETSCROLLRANGE","USER",4,0,"undefined"
1030:03ec,"GETSCROLLRANGE","USER",4,0,"undefined"
1030:03f0,"GETDC","USER",4,0,"undefined"
1030:03f4,"GETWINDOWDC","USER",4,0,"undefined"
1030:03f8,"RELEASEDC","USER",4,0,"undefined"
1030:03fc,"SETCURSOR","USER",4,0,"undefined"
1030:0400,"SETCURSORPOS","USER",4,0,"undefined"
1030:0404,"SHOWCURSOR","USER",4,0,"undefined"
1030:0408,"SETRECT","USER",4,0,"undefined"
1030:040c,"SETRECTEMPTY","USER",4,0,"undefined"
1030:0410,"COPYRECT","USER",4,0,"undefined"
1030:0414,"ISRECTEMPTY","USER",4,0,"undefined"
1030:0418,"PTINRECT","USER",4,0,"undefined"
1030:041c,"OFFSETRECT","USER",4,0,"undefined"
1030:0420,"INFLATERECT","USER",4,0,"undefined"
1030:0424,"INTERSECTRECT","USER",4,0,"undefined"
1030:0428,"UNIONRECT","USER",4,0,"undefined"
1030:042c,"FILLRECT","USER",4,0,"undefined"
1030:0430,"INVERTRECT","USER",4,0,"undefined"
1030:0434,"FRAMERECT","USER",4,0,"undefined"
1030:0438,"DRAWICON","USER",4,0,"undefined"
1030:043c,"DRAWTEXT","USER",4,0,"undefined"
1030:0440,"DIALOGBOX","USER",4,0,"undefined"
1030:0444,"ENDDIALOG","USER",4,0,"undefined"
1030:0448,"CREATEDIALOG","USER",4,0,"undefined"
1030:044c,"ISDIALOGMESSAGE","USER",4,0,"undefined"
1030:0450,"GETDLGITEM","USER",4,0,"undefined"
1030:0454,"SETDLGITEMTEXT","USER",4,0,"undefined"
1030:0458,"GETDLGITEMTEXT","USER",4,0,"undefined"
1030:045c,"SETDLGITEMINT","USER",4,0,"undefined"
1030:0460,"GETDLGITEMINT","USER",4,0,"undefined"
1030:0464,"CHECKRADIOBUTTON","USER",4,0,"undefined"
1030:0468,"CHECKDLGBUTTON","USER",4,0,"undefined"
1030:046c,"ISDLGBUTTONCHECKED","USER",4,0,"undefined"
1030:0470,"DLGDIRSELECT","USER",4,0,"undefined"
1030:0474,"DLGDIRLIST","USER",4,0,"undefined"
1030:0478,"SENDDLGITEMMESSAGE","USER",4,0,"undefined"
1030:047c,"ADJUSTWINDOWRECT","USER",4,0,"undefined"
1030:0480,"MAPDIALOGRECT","USER",4,0,"undefined"
1030:0484,"MESSAGEBEEP","USER",4,0,"undefined"
1030:0488,"FLASHWINDOW","USER",4,0,"undefined"
1030:048c,"GETKEYSTATE","USER",4,0,"undefined"
1030:0490,"DEFWINDOWPROC","USER",4,0,"undefined"
1030:0494,"GETMESSAGE","USER",4,0,"undefined"
1030:0498,"PEEKMESSAGE","USER",4,0,"undefined"
1030:049c,"POSTMESSAGE","USER",4,0,"undefined"
1030:04a0,"SENDMESSAGE","USER",4,0,"undefined"
1030:04a4,"WAITMESSAGE","USER",4,0,"undefined"
1030:04a8,"TRANSLATEMESSAGE","USER",4,0,"undefined"
1030:04ac,"DISPATCHMESSAGE","USER",4,0,"undefined"
1030:04b0,"REPLYMESSAGE","USER",4,0,"undefined"
1030:04b4,"POSTAPPMESSAGE","USER",4,0,"undefined"
1030:04b8,"REGISTERWINDOWMESSAGE","USER",4,0,"undefined"
1030:04bc,"GETMESSAGEPOS","USER",4,0,"undefined"
1030:04c0,"GETMESSAGETIME","USER",4,0,"undefined"
1030:04c4,"SETWINDOWSHOOK","USER",4,0,"undefined"
1030:04c8,"CALLWINDOWPROC","USER",4,0,"undefined"
1030:04cc,"CALLMSGFILTER","USER",4,0,"undefined"
1030:04d0,"UPDATEWINDOW","USER",4,0,"undefined"
1030:04d4,"INVALIDATERECT","USER",4,0,"undefined"
1030:04d8,"INVALIDATERGN","USER",4,0,"undefined"
1030:04dc,"VALIDATERECT","USER",4,0,"undefined"
1030:04e0,"VALIDATERGN","USER",4,0,"undefined"
1030:04e4,"GETCLASSWORD","USER",4,0,"undefined"
1030:04e8,"SETCLASSWORD","USER",4,0,"undefined"
1030:04ec,"GETCLASSLONG","USER",4,0,"undefined"
1030:04f0,"SETCLASSLONG","USER",4,0,"undefined"
1030:04f4,"GETWINDOWWORD","USER",4,0,"undefined"
1030:04f8,"SETWINDOWWORD","USER",4,0,"undefined"
1030:04fc,"GETWINDOWLONG","USER",4,0,"undefined"
1030:0500,"SETWINDOWLONG","USER",4,0,"undefined"
1030:0504,"OPENCLIPBOARD","USER",4,0,"undefined"
1030:0508,"CLOSECLIPBOARD","USER",4,0,"undefined"
1030:050c,"EMPTYCLIPBOARD","USER",4,0,"undefined"
1030:0510,"GETCLIPBOARDOWNER","USER",4,0,"undefined"
1030:0514,"SETCLIPBOARDDATA","USER",4,0,"undefined"
1030:0518,"GETCLIPBOARDDATA","USER",4,0,"undefined"
1030:051c,"COUNTCLIPBOARDFORMATS","USER",4,0,"undefined"
1030:0520,"ENUMCLIPBOARDFORMATS","USER",4,0,"undefined"
1030:0524,"REGISTERCLIPBOARDFORMAT","USER",4,0,"undefined"
1030:0528,"GETCLIPBOARDFORMATNAME","USER",4,0,"undefined"
1030:052c,"SETCLIPBOARDVIEWER","USER",4,0,"undefined"
1030:0530,"GETCLIPBOARDVIEWER","USER",4,0,"undefined"
1030:0534,"CHANGECLIPBOARDCHAIN","USER",4,0,"undefined"
1030:0538,"LOADMENU","USER",4,0,"undefined"
1030:053c,"CREATEMENU","USER",4,0,"undefined"
1030:0540,"DESTROYMENU","USER",4,0,"undefined"
1030:0544,"CHANGEMENU","USER",4,0,"undefined"
1030:0548,"CHECKMENUITEM","USER",4,0,"undefined"
1030:054c,"ENABLEMENUITEM","USER",4,0,"undefined"
1030:0550,"GETSYSTEMMENU","USER",4,0,"undefined"
1030:0554,"GETMENU","USER",4,0,"undefined"
1030:0558,"SETMENU","USER",4,0,"undefined"
1030:055c,"GETSUBMENU","USER",4,0,"undefined"
1030:0560,"DRAWMENUBAR","USER",4,0,"undefined"
1030:0564,"GETMENUSTRING","USER",4,0,"undefined"
1030:0568,"HILITEMENUITEM","USER",4,0,"undefined"
1030:056c,"CREATECARET","USER",4,0,"undefined"
1030:0570,"DESTROYCARET","USER",4,0,"undefined"
1030:0574,"SETCARETPOS","USER",4,0,"undefined"
1030:0578,"HIDECARET","USER",4,0,"undefined"
1030:057c,"SHOWCARET","USER",4,0,"undefined"
1030:0580,"SETCARETBLINKTIME","USER",4,0,"undefined"
1030:0584,"GETCARETBLINKTIME","USER",4,0,"undefined"
1030:0588,"ARRANGEICONICWINDOWS","USER",4,0,"undefined"
1030:058c,"WINHELP","USER",4,0,"undefined"
1030:0590,"LOADCURSOR","USER",4,0,"undefined"
1030:0594,"LOADICON","USER",4,0,"undefined"
1030:0598,"LOADBITMAP","USER",4,0,"undefined"
1030:059c,"LOADSTRING","USER",4,0,"undefined"
1030:05a0,"LOADACCELERATORS","USER",4,0,"undefined"
1030:05a4,"TRANSLATEACCELERATOR","USER",4,0,"undefined"
1030:05a8,"GETSYSTEMMETRICS","USER",4,0,"undefined"
1030:05ac,"GETSYSCOLOR","USER",4,0,"undefined"
1030:05b0,"SETSYSCOLORS","USER",4,0,"undefined"
1030:05b4,"GETCARETPOS","USER",4,0,"undefined"
1030:05b8,"QUERYSENDMESSAGE","USER",4,0,"undefined"
1030:05bc,"GRAYSTRING","USER",4,0,"undefined"
1030:05c0,"SWAPMOUSEBUTTON","USER",4,0,"undefined"
1030:05c4,"SETSYSMODALWINDOW","USER",4,0,"undefined"
1030:05c8,"GETSYSMODALWINDOW","USER",4,0,"undefined"
1030:05cc,"GETUPDATERECT","USER",4,0,"undefined"
1030:05d0,"CHILDWINDOWFROMPOINT","USER",4,0,"undefined"
1030:05d4,"INSENDMESSAGE","USER",4,0,"undefined"
1030:05d8,"ISCLIPBOARDFORMATAVAILABLE","USER",4,0,"undefined"
1030:05dc,"DLGDIRSELECTCOMBOBOX","USER",4,0,"undefined"
1030:05e0,"DLGDIRLISTCOMBOBOX","USER",4,0,"undefined"
1030:05e4,"TABBEDTEXTOUT","USER",4,0,"undefined"
1030:05e8,"GETTABBEDTEXTEXTENT","USER",4,0,"undefined"
1030:05ec,"OPENCOMM","USER",4,0,"undefined"
1030:05f0,"SETCOMMSTATE","USER",4,0,"undefined"
1030:05f4,"GETCOMMSTATE","USER",4,0,"undefined"
1030:05f8,"GETCOMMERROR","USER",4,0,"undefined"
1030:05fc,"READCOMM","USER",4,0,"undefined"
1030:0600,"WRITECOMM","USER",4,0,"undefined"
1030:0604,"TRANSMITCOMMCHAR","USER",4,0,"undefined"
1030:0608,"CLOSECOMM","USER",4,0,"undefined"
1030:060c,"SETCOMMEVENTMASK","USER",4,0,"undefined"
1030:0610,"GETCOMMEVENTMASK","USER",4,0,"undefined"
1030:0614,"SETCOMMBREAK","USER",4,0,"undefined"
1030:0618,"CLEARCOMMBREAK","USER",4,0,"undefined"
1030:061c,"UNGETCOMMCHAR","USER",4,0,"undefined"
1030:0620,"BUILDCOMMDCB","USER",4,0,"undefined"
1030:0624,"ESCAPECOMMFUNCTION","USER",4,0,"undefined"
1030:0628,"FLUSHCOMM","USER",4,0,"undefined"
1030:062c,"DIALOGBOXINDIRECT","USER",4,0,"undefined"
1030:0630,"CREATEDIALOGINDIRECT","USER",4,0,"undefined"
1030:0634,"LOADMENUINDIRECT","USER",4,0,"undefined"
1030:0638,"SCROLLDC","USER",4,0,"undefined"
1030:063c,"GETKEYBOARDSTATE","USER",4,0,"undefined"
1030:0640,"SETKEYBOARDSTATE","USER",4,0,"undefined"
1030:0644,"GETWINDOWTASK","USER",4,0,"undefined"
1030:0648,"ENUMTASKWINDOWS","USER",4,0,"undefined"
1030:064c,"LOCKINPUT","USER",4,0,"undefined"
1030:0650,"GETNEXTDLGGROUPITEM","USER",4,0,"undefined"
1030:0654,"GETNEXTDLGTABITEM","USER",4,0,"undefined"
1030:0658,"GETTOPWINDOW","USER",4,0,"undefined"
1030:065c,"GETNEXTWINDOW","USER",4,0,"undefined"
1030:0660,"GETSYSTEMDEBUGSTATE","USER",4,0,"undefined"
1030:0664,"SETWINDOWPOS","USER",4,0,"undefined"
1030:0668,"SETPARENT","USER",4,0,"undefined"
1030:066c,"UNHOOKWINDOWSHOOK","USER",4,0,"undefined"
1030:0670,"DEFHOOKPROC","USER",4,0,"undefined"
1030:0674,"GETCAPTURE","USER",4,0,"undefined"
1030:0678,"GETUPDATERGN","USER",4,0,"undefined"
1030:067c,"EXCLUDEUPDATERGN","USER",4,0,"undefined"
1030:0680,"DIALOGBOXPARAM","USER",4,0,"undefined"
1030:0684,"DIALOGBOXINDIRECTPARAM","USER",4,0,"undefined"
1030:0688,"CREATEDIALOGPARAM","USER",4,0,"undefined"
1030:068c,"CREATEDIALOGINDIRECTPARAM","USER",4,0,"undefined"
1030:0690,"GETDIALOGBASEUNITS","USER",4,0,"undefined"
1030:0694,"EQUALRECT","USER",4,0,"undefined"
1030:0698,"ENABLECOMMNOTIFICATION","USER",4,0,"undefined"
1030:069c,"EXITWINDOWSEXEC","USER",4,0,"undefined"
1030:06a0,"GETCURSOR","USER",4,0,"undefined"
1030:06a4,"GETOPENCLIPBOARDWINDOW","USER",4,0,"undefined"
1030:06a8,"GETASYNCKEYSTATE","USER",4,0,"undefined"
1030:06ac,"GETMENUSTATE","USER",4,0,"undefined"
1030:06b0,"SENDDRIVERMESSAGE","USER",4,0,"undefined"
1030:06b4,"OPENDRIVER","USER",4,0,"undefined"
1030:06b8,"CLOSEDRIVER","USER",4,0,"undefined"
1030:06bc,"GETDRIVERMODULEHANDLE","USER",4,0,"undefined"
1030:06c0,"DEFDRIVERPROC","USER",4,0,"undefined"
1030:06c4,"GETDRIVERINFO","USER",4,0,"undefined"
1030:06c8,"GETNEXTDRIVER","USER",4,0,"undefined"
1030:06cc,"MAPWINDOWPOINTS","USER",4,0,"undefined"
1030:06d0,"BEGINDEFERWINDOWPOS","USER",4,0,"undefined"
1030:06d4,"DEFERWINDOWPOS","USER",4,0,"undefined"
1030:06d8,"ENDDEFERWINDOWPOS","USER",4,0,"undefined"
1030:06dc,"GETWINDOW","USER",4,0,"undefined"
1030:06e0,"GETMENUITEMCOUNT","USER",4,0,"undefined"
1030:06e4,"GETMENUITEMID","USER",4,0,"undefined"
1030:06e8,"SHOWOWNEDPOPUPS","USER",4,0,"undefined"
1030:06ec,"SETMESSAGEQUEUE","USER",4,0,"undefined"
1030:06f0,"SHOWSCROLLBAR","USER",4,0,"undefined"
1030:06f4,"GLOBALADDATOM","USER",4,0,"undefined"
1030:06f8,"GLOBALDELETEATOM","USER",4,0,"undefined"
1030:06fc,"GLOBALFINDATOM","USER",4,0,"undefined"
1030:0700,"GLOBALGETATOMNAME","USER",4,0,"undefined"
1030:0704,"ISZOOMED","USER",4,0,"undefined"
1030:0708,"GETDLGCTRLID","USER",4,0,"undefined"
1030:070c,"SELECTPALETTE","USER",4,0,"undefined"
1030:0710,"REALIZEPALETTE","USER",4,0,"undefined"
1030:0714,"GETFREESYSTEMRESOURCES","USER",4,0,"undefined"
1030:0718,"GETDESKTOPWINDOW","USER",4,0,"undefined"
1030:071c,"GETLASTACTIVEPOPUP","USER",4,0,"undefined"
1030:0720,"GETMESSAGEEXTRAINFO","USER",4,0,"undefined"
1030:0724,"REDRAWWINDOW","USER",4,0,"undefined"
1030:0728,"SETWINDOWSHOOKEX","USER",4,0,"undefined"
1030:072c,"UNHOOKWINDOWSHOOKEX","USER",4,0,"undefined"
1030:0730,"CALLNEXTHOOKEX","USER",4,0,"undefined"
1030:0734,"LOCKWINDOWUPDATE","USER",4,0,"undefined"
1030:0738,"DEFDLGPROC","USER",4,0,"undefined"
1030:073c,"GETCLIPCURSOR","USER",4,0,"undefined"
1030:0740,"SCROLLWINDOWEX","USER",4,0,"undefined"
1030:0744,"ENABLEHARDWAREINPUT","USER",4,0,"undefined"
1030:0748,"GETQUEUESTATUS","USER",4,0,"undefined"
1030:074c,"GETINPUTSTATE","USER",4,0,"undefined"
1030:0750,"ISMENU","USER",4,0,"undefined"
1030:0754,"GETDCEX","USER",4,0,"undefined"
1030:0758,"COPYICON","USER",4,0,"undefined"
1030:075c,"COPYCURSOR","USER",4,0,"undefined"
1030:0760,"GETWINDOWPLACEMENT","USER",4,0,"undefined"
1030:0764,"SETWINDOWPLACEMENT","USER",4,0,"undefined"
1030:0768,"SUBTRACTRECT","USER",4,0,"undefined"
1030:076c,"GETPRIORITYCLIPBOARDFORMAT","USER",4,0,"undefined"
1030:0770,"UNREGISTERCLASS","USER",4,0,"undefined"
1030:0774,"GETCLASSINFO","USER",4,0,"undefined"
1030:0778,"CREATECURSOR","USER",4,0,"undefined"
1030:077c,"CREATEICON","USER",4,0,"undefined"
1030:0780,"INSERTMENU","USER",4,0,"undefined"
1030:0784,"APPENDMENU","USER",4,0,"undefined"
1030:0788,"REMOVEMENU","USER",4,0,"undefined"
1030:078c,"DELETEMENU","USER",4,0,"undefined"
1030:0790,"MODIFYMENU","USER",4,0,"undefined"
1030:0794,"CREATEPOPUPMENU","USER",4,0,"undefined"
1030:0798,"TRACKPOPUPMENU","USER",4,0,"undefined"
1030:079c,"GETMENUCHECKMARKDIMENSIONS","USER",4,0,"undefined"
1030:07a0,"SETMENUITEMBITMAPS","USER",4,0,"undefined"
1030:07a4,"WVSPRINTF","USER",4,0,"undefined"
1030:07a8,"DLGDIRSELECTEX","USER",4,0,"undefined"
1030:07ac,"DLGDIRSELECTCOMBOBOXEX","USER",4,0,"undefined"
1030:07b0,"LSTRCMP","USER",4,0,"undefined"
1030:07b4,"ANSIUPPER","USER",4,0,"undefined"
1030:07b8,"ANSILOWER","USER",4,0,"undefined"
1030:07bc,"ISCHARALPHA","USER",4,0,"undefined"
1030:07c0,"ISCHARALPHANUMERIC","USER",4,0,"undefined"
1030:07c4,"ISCHARUPPER","USER",4,0,"undefined"
1030:07c8,"ISCHARLOWER","USER",4,0,"undefined"
1030:07cc,"ANSIUPPERBUFF","USER",4,0,"undefined"
1030:07d0,"ANSILOWERBUFF","USER",4,0,"undefined"
1030:07d4,"DEFFRAMEPROC","USER",4,0,"undefined"
1030:07d8,"DEFMDICHILDPROC","USER",4,0,"undefined"
1030:07dc,"TRANSLATEMDISYSACCEL","USER",4,0,"undefined"
1030:07e0,"CREATEWINDOWEX","USER",4,0,"undefined"
1030:07e4,"ADJUSTWINDOWRECTEX","USER",4,0,"undefined"
1030:07e8,"DESTROYICON","USER",4,0,"undefined"
1030:07ec,"DESTROYCURSOR","USER",4,0,"undefined"
1030:07f0,"DRAWFOCUSRECT","USER",4,0,"undefined"
1030:07f4,"LSTRCMPI","USER",4,0,"undefined"
1030:07f8,"ANSINEXT","USER",4,0,"undefined"
1030:07fc,"ANSIPREV","USER",4,0,"undefined"
1030:0800,"ENABLESCROLLBAR","USER",4,0,"undefined"
1030:0804,"SYSTEMPARAMETERSINFO","USER",4,0,"undefined"
1030:0808,"WNETGETCONNECTION","USER",4,0,"undefined"
1030:080c,"WNETADDCONNECTION","USER",4,0,"undefined"
1030:0810,"WNETCANCELCONNECTION","USER",4,0,"undefined"
1030:0814,"FATALEXIT","KERNEL",4,0,"undefined"
1030:0818,"GETVERSION","KERNEL",4,0,"undefined"
1030:081c,"LOCALINIT","KERNEL",4,0,"undefined"
1030:0820,"LOCALALLOC","KERNEL",4,0,"undefined"
1030:0824,"LOCALREALLOC","KERNEL",4,0,"undefined"
1030:0828,"LOCALFREE","KERNEL",4,0,"undefined"
1030:082c,"LOCALLOCK","KERNEL",4,0,"undefined"
1030:0830,"LOCALUNLOCK","KERNEL",4,0,"undefined"
1030:0834,"LOCALSIZE","KERNEL",4,0,"undefined"
1030:0838,"LOCALHANDLE","KERNEL",4,0,"undefined"
1030:083c,"LOCALFLAGS","KERNEL",4,0,"undefined"
1030:0840,"LOCALCOMPACT","KERNEL",4,0,"undefined"
1030:0844,"GLOBALALLOC","KERNEL",4,0,"undefined"
1030:0848,"GLOBALREALLOC","KERNEL",4,0,"undefined"
1030:084c,"GLOBALFREE","KERNEL",4,0,"undefined"
1030:0850,"GLOBALLOCK","KERNEL",4,0,"undefined"
1030:0854,"GLOBALUNLOCK","KERNEL",4,0,"undefined"
1030:0858,"GLOBALSIZE","KERNEL",4,0,"undefined"
1030:085c,"GLOBALHANDLE","KERNEL",4,0,"undefined"
1030:0860,"GLOBALFLAGS","KERNEL",4,0,"undefined"
1030:0864,"LOCKSEGMENT","KERNEL",4,0,"undefined"
1030:0868,"UNLOCKSEGMENT","KERNEL",4,0,"undefined"
1030:086c,"GLOBALCOMPACT","KERNEL",4,0,"undefined"
1030:0870,"YIELD","KERNEL",4,0,"undefined"
1030:0874,"WAITEVENT","KERNEL",4,0,"undefined"
1030:0878,"GETCURRENTTASK","KERNEL",4,0,"undefined"
1030:087c,"GETCURRENTPDB","KERNEL",4,0,"undefined"
1030:0880,"LOADMODULE","KERNEL",4,0,"undefined"
1030:0884,"FREEMODULE","KERNEL",4,0,"undefined"
1030:0888,"GETMODULEHANDLE","KERNEL",4,0,"undefined"
1030:088c,"GETMODULEUSAGE","KERNEL",4,0,"undefined"
1030:0890,"GETMODULEFILENAME","KERNEL",4,0,"undefined"
1030:0894,"GETPROCADDRESS","KERNEL",4,0,"undefined"
1030:0898,"MAKEPROCINSTANCE","KERNEL",4,0,"undefined"
1030:089c,"FREEPROCINSTANCE","KERNEL",4,0,"undefined"
1030:08a0,"GETINSTANCEDATA","KERNEL",4,0,"undefined"
1030:08a4,"CATCH","KERNEL",4,0,"undefined"
1030:08a8,"THROW","KERNEL",4,0,"undefined"
1030:08ac,"GETPROFILEINT","KERNEL",4,0,"undefined"
1030:08b0,"GETPROFILESTRING","KERNEL",4,0,"undefined"
1030:08b4,"WRITEPROFILESTRING","KERNEL",4,0,"undefined"
1030:08b8,"FINDRESOURCE","KERNEL",4,0,"undefined"
1030:08bc,"LOADRESOURCE","KERNEL",4,0,"undefined"
1030:08c0,"LOCKRESOURCE","KERNEL",4,0,"undefined"
1030:08c4,"FREERESOURCE","KERNEL",4,0,"undefined"
1030:08c8,"ACCESSRESOURCE","KERNEL",4,0,"undefined"
1030:08cc,"SIZEOFRESOURCE","KERNEL",4,0,"undefined"
1030:08d0,"ALLOCRESOURCE","KERNEL",4,0,"undefined"
1030:08d4,"SETRESOURCEHANDLER","KERNEL",4,0,"undefined"
1030:08d8,"INITATOMTABLE","KERNEL",4,0,"undefined"
1030:08dc,"FINDATOM","KERNEL",4,0,"undefined"
1030:08e0,"ADDATOM","KERNEL",4,0,"undefined"
1030:08e4,"DELETEATOM","KERNEL",4,0,"undefined"
1030:08e8,"GETATOMNAME","KERNEL",4,0,"undefined"
1030:08ec,"GETATOMHANDLE","KERNEL",4,0,"undefined"
1030:08f0,"OPENFILE","KERNEL",4,0,"undefined"
1030:08f4,"_LCLOSE","KERNEL",4,0,"undefined"
1030:08f8,"_LREAD","KERNEL",4,0,"undefined"
1030:08fc,"_LCREAT","KERNEL",4,0,"undefined"
1030:0900,"_LLSEEK","KERNEL",4,0,"undefined"
1030:0904,"_LOPEN","KERNEL",4,0,"undefined"
1030:0908,"_LWRITE","KERNEL",4,0,"undefined"
1030:090c,"LSTRCPY","KERNEL",4,0,"undefined"
1030:0910,"LSTRCAT","KERNEL",4,0,"undefined"
1030:0914,"LSTRLEN","KERNEL",4,0,"undefined"
1030:0918,"INITTASK","KERNEL",4,0,"undefined"
1030:091c,"GETTEMPDRIVE","KERNEL",4,0,"undefined"
1030:0920,"GETCODEHANDLE","KERNEL",4,0,"undefined"
1030:0924,"LOADLIBRARY","KERNEL",4,0,"undefined"
1030:0928,"FREELIBRARY","KERNEL",4,0,"undefined"
1030:092c,"GETTEMPFILENAME","KERNEL",4,0,"undefined"
1030:0930,"VALIDATECODESEGMENTS","KERNEL",4,0,"undefined"
1030:0934,"GETCODEINFO","KERNEL",4,0,"undefined"
1030:0938,"SETSWAPAREASIZE","KERNEL",4,0,"undefined"
1030:093c,"SETERRORMODE","KERNEL",4,0,"undefined"
1030:0940,"SWITCHSTACKTO","KERNEL",4,0,"undefined"
1030:0944,"SWITCHSTACKBACK","KERNEL",4,0,"undefined"
1030:0948,"GLOBALWIRE","KERNEL",4,0,"undefined"
1030:094c,"GLOBALUNWIRE","KERNEL",4,0,"undefined"
1030:0950,"__AHSHIFT","KERNEL",4,0,"undefined"
1030:0954,"OUTPUTDEBUGSTRING","KERNEL",4,0,"undefined"
1030:0958,"LOCALSHRINK","KERNEL",4,0,"undefined"
1030:095c,"GETPRIVATEPROFILEINT","KERNEL",4,0,"undefined"
1030:0960,"GETPRIVATEPROFILESTRING","KERNEL",4,0,"undefined"
1030:0964,"WRITEPRIVATEPROFILESTRING","KERNEL",4,0,"undefined"
1030:0968,"GETDOSENVIRONMENT","KERNEL",4,0,"undefined"
1030:096c,"GETWINFLAGS","KERNEL",4,0,"undefined"
1030:0970,"GETWINDOWSDIRECTORY","KERNEL",4,0,"undefined"
1030:0974,"GETSYSTEMDIRECTORY","KERNEL",4,0,"undefined"
1030:0978,"GETDRIVETYPE","KERNEL",4,0,"undefined"
1030:097c,"FATALAPPEXIT","KERNEL",4,0,"undefined"
1030:0980,"DIRECTEDYIELD","KERNEL",4,0,"undefined"
1030:0984,"GETNUMTASKS","KERNEL",4,0,"undefined"
1030:0988,"GLOBALNOTIFY","KERNEL",4,0,"undefined"
1030:098c,"LIMITEMSPAGES","KERNEL",4,0,"undefined"
1030:0990,"GLOBALLRUOLDEST","KERNEL",4,0,"undefined"
1030:0994,"GLOBALLRUNEWEST","KERNEL",4,0,"undefined"
1030:0998,"WINEXEC","KERNEL",4,0,"undefined"
1030:099c,"GETFREESPACE","KERNEL",4,0,"undefined"
1030:09a0,"ALLOCDSTOCSALIAS","KERNEL",4,0,"undefined"
1030:09a4,"__A000H","KERNEL",4,0,"undefined"
1030:09a8,"ALLOCSELECTOR","KERNEL",4,0,"undefined"
1030:09ac,"FREESELECTOR","KERNEL",4,0,"undefined"
1030:09b0,"__D000H","KERNEL",4,0,"undefined"
1030:09b4,"__B000H","KERNEL",4,0,"undefined"
1030:09b8,"__B800H","KERNEL",4,0,"undefined"
1030:09bc,"GLOBALDOSALLOC","KERNEL",4,0,"undefined"
1030:09c0,"GLOBALDOSFREE","KERNEL",4,0,"undefined"
1030:09c4,"GETSELECTORBASE","KERNEL",4,0,"undefined"
1030:09c8,"SETSELECTORBASE","KERNEL",4,0,"undefined"
1030:09cc,"GETSELECTORLIMIT","KERNEL",4,0,"undefined"
1030:09d0,"SETSELECTORLIMIT","KERNEL",4,0,"undefined"
1030:09d4,"__E000H","KERNEL",4,0,"undefined"
1030:09d8,"GLOBALPAGELOCK","KERNEL",4,0,"undefined"
1030:09dc,"GLOBALPAGEUNLOCK","KERNEL",4,0,"undefined"
1030:09e0,"__F000H","KERNEL",4,0,"undefined"
1030:09e4,"__C000H","KERNEL",4,0,"undefined"
1030:09e8,"GLOBALFIX","KERNEL",4,0,"undefined"
1030:09ec,"GLOBALUNFIX","KERNEL",4,0,"undefined"
1030:09f0,"SETHANDLECOUNT","KERNEL",4,0,"undefined"
1030:09f4,"VALIDATEFREESPACES","KERNEL",4,0,"undefined"
1030:09f8,"DEBUGBREAK","KERNEL",4,0,"undefined"
1030:09fc,"SWAPRECORDING","KERNEL",4,0,"undefined"
1030:0a00,"ISDBCSLEADBYTE","KERNEL",4,0,"undefined"
1030:0a04,"ISTASK","KERNEL",4,0,"undefined"
1030:0a08,"LOGERROR","KERNEL",4,0,"undefined"
1030:0a0c,"LOGPARAMERROR","KERNEL",4,0,"undefined"
1030:0a10,"ISBADREADPTR","KERNEL",4,0,"undefined"
1030:0a14,"ISBADWRITEPTR","KERNEL",4,0,"undefined"
1030:0a18,"ISBADCODEPTR","KERNEL",4,0,"undefined"
1030:0a1c,"ISBADSTRINGPTR","KERNEL",4,0,"undefined"
1030:0a20,"ISBADHUGEREADPTR","KERNEL",4,0,"undefined"
1030:0a24,"ISBADHUGEWRITEPTR","KERNEL",4,0,"undefined"
1030:0a28,"Ordinal_1","SOUND",4,0,"undefined"
1030:0a2c,"Ordinal_2","SOUND",4,0,"undefined"
1030:0a30,"Ordinal_3","SOUND",4,0,"undefined"
1030:0a34,"Ordinal_4","SOUND",4,0,"undefined"
1030:0a38,"Ordinal_5","SOUND",4,0,"undefined"
1030:0a3c,"Ordinal_6","SOUND",4,0,"undefined"
1030:0a40,"Ordinal_7","SOUND",4,0,"undefined"
1030:0a44,"Ordinal_8","SOUND",4,0,"undefined"
1030:0a48,"Ordinal_9","SOUND",4,0,"undefined"
1030:0a4c,"Ordinal_10","SOUND",4,0,"undefined"
1030:0a50,"Ordinal_11","SOUND",4,0,"undefined"
1030:0a54,"Ordinal_12","SOUND",4,0,"undefined"
1030:0a58,"Ordinal_13","SOUND",4,0,"undefined"
1030:0a5c,"Ordinal_14","SOUND",4,0,"undefined"
1030:0a60,"Ordinal_15","SOUND",4,0,"undefined"
1030:0a64,"Ordinal_16","SOUND",4,0,"undefined"
1030:0a68,"Ordinal_4","KEYBOARD",4,0,"undefined"
1030:0a6c,"Ordinal_5","KEYBOARD",4,0,"undefined"
1030:0a70,"Ordinal_6","KEYBOARD",4,0,"undefined"
1030:0a74,"Ordinal_128","KEYBOARD",4,0,"undefined"
1030:0a78,"Ordinal_129","KEYBOARD",4,0,"undefined"
1030:0a7c,"Ordinal_130","KEYBOARD",4,0,"undefined"
1030:0a80,"Ordinal_131","KEYBOARD",4,0,"undefined"
1030:0a84,"Ordinal_132","KEYBOARD",4,0,"undefined"
1030:0a88,"Ordinal_133","KEYBOARD",4,0,"undefined"
1030:0a8c,"Ordinal_134","KEYBOARD",4,0,"undefined"
1030:0a90,"Ordinal_135","KEYBOARD",4,0,"undefined"
